season,team,total_minutes,returning_minutes,continuity_pct
2016,Abilene Christian,6250,3450,0.552
2016,Air Force,6500,6187,0.9518461538461539
2016,Akron,7025,6096,0.8677580071174377
2016,Alabama A&M,5675,4889,0.8614977973568282
2016,Alabama,6650,4805,0.7225563909774436
2016,Alabama State,6301,4145,0.6578320901444216
2016,Alcorn State,6126,4211,0.6873979758406791
2016,American University,6252,3806,0.608765195137556
2016,App State,6200,3697,0.5962903225806452
2016,Arizona State,6450,4965,0.7697674418604651
2016,Arizona,6950,5114,0.7358273381294964
2016,Arkansas,6525,5712,0.8754022988505747
2016,Arkansas State,6300,5238,0.8314285714285714
2016,Arkansas-Pine Bluff,6625,4135,0.6241509433962265
2016,Army,6750,5589,0.828
2016,Auburn,6225,3406,0.5471485943775101
2016,Austin Peay,7300,4345,0.5952054794520548
2016,BYU,7425,5151,0.6937373737373738
2016,Ball State,7149,5598,0.7830465799412505
2016,Baylor,6875,6000,0.8727272727272727
2016,Belmont,6425,5487,0.8540077821011673
2016,Bethune-Cookman,6475,1030,0.15907335907335907
2016,Binghamton,6025,4034,0.6695435684647303
2016,Boise State,6450,5244,0.8130232558139535
2016,Boston College,6425,2229,0.3469260700389105
2016,Boston University,6875,5854,0.8514909090909091
2016,Bowling Green,6800,3915,0.575735294117647
2016,Bradley,6451,1114,0.17268640520849482
2016,Brown,5700,4379,0.7682456140350877
2016,Bryant,6250,4247,0.67952
2016,Bucknell,6324,5438,0.859898798228969
2016,Buffalo,7050,3053,0.4330496453900709
2016,Butler,6625,6067,0.9157735849056604
2016,Cal Poly,6100,5175,0.8483606557377049
2016,Cal State Bakersfield,6650,3973,0.5974436090225564
2016,Cal State Fullerton,6025,3513,0.5830705394190872
2016,Cal State Northridge,6125,4132,0.6746122448979592
2016,California,6875,6864,0.9984
2016,Campbell,6025,4539,0.7533609958506224
2016,Canisius,6775,4723,0.6971217712177121
2016,Central Arkansas,5600,4535,0.8098214285714286
2016,Central Connecticut,5875,2825,0.4808510638297872
2016,Central Michigan,6625,6506,0.9820377358490566
2016,Charleston,6250,3231,0.51696
2016,Charleston Southern,6050,3445,0.5694214876033058
2016,Charlotte,6701,1926,0.2874197880913297
2016,Chattanooga,6850,5459,0.796934306569343
2016,Chicago State,6400,2732,0.426875
2016,Cincinnati,6775,5737,0.846789667896679
2016,Clemson,6250,6025,0.964
2016,Cleveland State,6425,4289,0.6675486381322957
2016,Coastal Carolina,6625,5307,0.8010566037735849
2016,Colgate,6100,4522,0.7413114754098361
2016,Colorado,6850,6260,0.9138686131386862
2016,Colorado State,7000,5482,0.7831428571428571
2016,Columbia,7075,6191,0.8750530035335689
2016,Coppin State,6400,1932,0.301875
2016,Cornell,5650,3740,0.6619469026548672
2016,Creighton,7000,6061,0.8658571428571429
2016,Dartmouth,5650,4352,0.7702654867256638
2016,Davidson,6625,6625,1.0
2016,Dayton,6675,5689,0.8522846441947566
2016,DePaul,6225,4841,0.7776706827309237
2016,Delaware,6025,6001,0.9960165975103734
2016,Delaware State,6450,3513,0.5446511627906977
2016,Denver,6201,3605,0.5813578455087889
2016,Detroit Mercy,6225,5052,0.811566265060241
2016,Drake,6275,5190,0.8270916334661355
2016,Drexel,6225,5185,0.8329317269076305
2016,Duke,7250,3839,0.5295172413793103
2016,Duquesne,6850,6340,0.9255474452554745
2016,East Carolina,6525,5074,0.7776245210727969
2016,East Tennessee State,7275,3672,0.5047422680412371
2016,Eastern Illinois,6100,2365,0.3877049180327869
2016,Eastern Kentucky,6200,3650,0.5887096774193549
2016,Eastern Michigan,6649,3740,0.5624906000902391
2016,Eastern Washington,6795,4507,0.6632818248712289
2016,Elon,6225,3936,0.632289156626506
2016,Evansville,6850,6671,0.9738686131386861
2016,Fairfield,6725,3923,0.5833457249070632
2016,Fairleigh Dickinson,6675,4602,0.689438202247191
2016,Florida A&M,5750,2655,0.4617391304347826
2016,Florida Atlantic,6624,3467,0.5233997584541062
2016,Florida,7225,5170,0.7155709342560553
2016,Florida Gulf Coast,7175,5018,0.6993728222996516
2016,Florida International,6500,3194,0.49138461538461536
2016,Florida State,6825,3754,0.5500366300366301
2016,Fordham,6268,4519,0.7209636247606892
2016,Fresno State,7100,4795,0.6753521126760563
2016,Furman,7000,5756,0.8222857142857143
2016,Gardner-Webb,6675,5773,0.864868913857678
2016,George Mason,6450,3191,0.4947286821705426
2016,George Washington,7650,6854,0.8959477124183006
2016,Georgetown,6675,5039,0.7549063670411985
2016,Georgia,6650,5177,0.7784962406015038
2016,Georgia Southern,6250,3549,0.56784
2016,Georgia State,6100,5728,0.939016393442623
2016,Georgia Tech,7225,5605,0.7757785467128028
2016,Gonzaga,7225,7205,0.9972318339100346
2016,Grambling,6250,2455,0.3928
2016,Grand Canyon,6825,4746,0.6953846153846154
2016,Green Bay,7275,5385,0.7402061855670103
2016,Hampton,6525,5480,0.8398467432950192
2016,Harvard,6025,4200,0.6970954356846473
2016,Hawai'i,6825,5805,0.8505494505494505
2016,High Point,6450,5659,0.8773643410852713
2016,Hofstra,6950,5202,0.7484892086330935
2016,Holy Cross,7125,0,0.0
2016,Houston Christian,6800,5896,0.8670588235294118
2016,Houston,6525,3457,0.5298084291187739
2016,Howard,6500,6330,0.9738461538461538
2016,IU Indianapolis,6450,5537,0.8584496124031008
2016,Idaho State,6200,3001,0.4840322580645161
2016,Idaho,6825,5365,0.7860805860805861
2016,Illinois,6975,4502,0.6454480286738351
2016,Illinois State,6225,5270,0.8465863453815261
2016,Incarnate Word,5829,4866,0.8347915594441585
2016,Indiana,7021,4758,0.6776812419883208
2016,Indiana State,6475,4805,0.7420849420849421
2016,Iona,6625,4347,0.6561509433962264
2016,Iowa,6650,6039,0.9081203007518797
2016,Iowa State,7075,6334,0.8952650176678445
2016,Jackson State,7325,4909,0.6701706484641639
2016,Jacksonville,6450,5398,0.8368992248062016
2016,Jacksonville State,6025,2493,0.4137759336099585
2016,James Madison,6525,5705,0.8743295019157088
2016,Kansas City,6225,3042,0.4886746987951807
2016,Kansas,7701,7050,0.9154655239579276
2016,Kansas State,6725,3460,0.5144981412639406
2016,Kennesaw State,6225,4697,0.7545381526104418
2016,Kent State,6450,5013,0.7772093023255814
2016,Kentucky,7275,3666,0.5039175257731959
2016,LSU,6650,3453,0.5192481203007518
2016,La Salle,6200,5847,0.9430645161290323
2016,Lafayette,6175,5016,0.8123076923076923
2016,Lamar,6000,3294,0.549
2016,Lehigh,6400,5473,0.85515625
2016,Liberty,6400,2884,0.450625
2016,Lipscomb,6700,4996,0.7456716417910447
2016,Little Rock,7074,3807,0.5381679389312977
2016,Long Beach State,7075,5884,0.831660777385159
2016,Long Island University,5875,4860,0.8272340425531914
2016,Longwood,6650,4636,0.6971428571428572
2016,Louisiana,6850,6193,0.9040875912408759
2016,Louisiana Tech,6725,5173,0.7692193308550186
2016,Louisville,6199,2928,0.4723342474592676
2016,Loyola Chicago,6475,5822,0.8991505791505792
2016,Loyola Maryland,6150,5615,0.9130081300813008
2016,Loyola Marymount,6325,2860,0.45217391304347826
2016,Maine,6075,3492,0.5748148148148148
2016,Manhattan,6275,5315,0.847011952191235
2016,Marist,6100,2723,0.44639344262295083
2016,Marquette,6700,3637,0.5428358208955224
2016,Marshall,6650,4997,0.7514285714285714
2016,Maryland Eastern Shore,6475,3409,0.5264864864864864
2016,Maryland,7225,4959,0.6863667820069204
2016,Massachusetts,6500,5441,0.837076923076923
2016,McNeese,5925,3691,0.6229535864978903
2016,Memphis,6850,3459,0.504963503649635
2016,Mercer,6950,5753,0.8277697841726619
2016,Miami (OH),6600,5672,0.8593939393939394
2016,Miami,7025,6535,0.9302491103202847
2016,Michigan State,7049,5757,0.816711590296496
2016,Michigan,7225,6967,0.9642906574394464
2016,Middle Tennessee,7025,6113,0.8701779359430605
2016,Milwaukee,6725,5302,0.7884014869888476
2016,Minnesota,6275,3876,0.6176892430278884
2016,Mississippi State,6225,4356,0.6997590361445784
2016,Mississippi Valley State,7154,2749,0.3842605535364831
2016,Missouri State,6450,2941,0.45596899224806203
2016,Missouri,6200,3246,0.5235483870967742
2016,Monmouth,7251,6774,0.9342159702110053
2016,Montana,6650,3974,0.597593984962406
2016,Montana State,6226,2950,0.47381946675232894
2016,Morehead State,7475,3984,0.5329765886287625
2016,Morgan State,6050,3514,0.5808264462809918
2016,Mount St. Mary's,6675,5988,0.8970786516853932
2016,Murray State,6225,3693,0.5932530120481928
2016,NC State,6650,5491,0.8257142857142857
2016,NJIT,7051,6582,0.9334846121117572
2016,Navy,6700,6603,0.9855223880597015
2016,Nebraska,6850,4250,0.6204379562043796
2016,Nevada,7750,5408,0.6978064516129032
2016,New Hampshire,6650,6292,0.9461654135338345
2016,New Mexico,6425,5717,0.8898054474708171
2016,New Mexico State,6900,6254,0.9063768115942029
2016,New Orleans,6025,4147,0.688298755186722
2016,Niagara,6499,3326,0.5117710416987229
2016,Nicholls,6875,5141,0.7477818181818182
2016,Norfolk State,6850,3919,0.5721167883211679
2016,North Carolina A&T,6526,5339,0.8181121667177444
2016,North Carolina Central,6225,4005,0.6433734939759036
2016,North Carolina,7995,7662,0.9583489681050656
2016,North Dakota,6698,2880,0.42997909823828007
2016,North Dakota State,6625,4875,0.7358490566037735
2016,North Florida,6800,6800,1.0
2016,North Texas,6425,1678,0.2611673151750973
2016,Northeastern,6825,5546,0.8126007326007326
2016,Northern Arizona,6125,3229,0.5271836734693878
2016,Northern Colorado,6200,3206,0.5170967741935484
2016,Northern Illinois,6850,4127,0.6024817518248176
2016,Northern Iowa,7275,7154,0.9833676975945017
2016,Northern Kentucky,6050,4403,0.7277685950413223
2016,Northwestern State,5600,4071,0.7269642857142857
2016,Northwestern,6525,4949,0.7584674329501916
2016,Notre Dame,7225,6304,0.8725259515570934
2016,Oakland,7025,4875,0.693950177935943
2016,Ohio,7050,5159,0.73177304964539
2016,Ohio State,7100,4561,0.6423943661971832
2016,Oklahoma,7476,6836,0.9143927233814875
2016,Oklahoma State,6475,5269,0.8137451737451737
2016,Old Dominion,7650,6169,0.8064052287581699
2016,Ole Miss,6450,3984,0.6176744186046511
2016,Omaha,6475,4764,0.7357528957528957
2016,Oral Roberts,6225,3815,0.61285140562249
2016,Oregon,7625,5179,0.6792131147540984
2016,Oregon State,6400,3737,0.58390625
2016,Pacific,5700,4378,0.7680701754385965
2016,Penn State,6450,5511,0.8544186046511628
2016,Pennsylvania,5650,3834,0.6785840707964602
2016,Pepperdine,6500,5671,0.8724615384615385
2016,Pittsburgh,6651,5055,0.7600360847992783
2016,Portland,6425,4464,0.6947859922178988
2016,Portland State,6200,2479,0.39983870967741936
2016,Prairie View A&M,6200,3815,0.6153225806451613
2016,Presbyterian,6225,5114,0.8215261044176707
2016,Princeton,5875,4685,0.7974468085106383
2016,Providence,7075,6065,0.8572438162544169
2016,Purdue,7075,5078,0.7177385159010601
2016,Purdue Fort Wayne,6850,5415,0.7905109489051095
2016,Quinnipiac,5875,3471,0.5908085106382979
2016,Radford,6350,4840,0.7622047244094489
2016,Rhode Island,6475,3570,0.5513513513513514
2016,Rice,6225,3454,0.554859437751004
2016,Richmond,6475,6163,0.9518146718146718
2016,Rider,6700,6057,0.9040298507462686
2016,Robert Morris,6425,3098,0.48217898832684825
2016,Rutgers,6475,4066,0.6279536679536679
2016,SE Louisiana,6625,3945,0.5954716981132075
2016,SIU Edwardsville,5650,2827,0.5003539823008849
2016,SMU,6000,4469,0.7448333333333333
2016,Sacramento State,6225,5585,0.8971887550200803
2016,Sacred Heart,6049,4363,0.721276244007274
2016,Saint Joseph's,7225,5903,0.8170242214532872
2016,Saint Louis,6450,5647,0.8755038759689923
2016,Saint Mary's,7000,4630,0.6614285714285715
2016,Saint Peter's,5850,4189,0.716068376068376
2016,Sam Houston,6850,4140,0.6043795620437956
2016,Samford,6725,4288,0.6376208178438662
2016,San Diego State,7450,6234,0.8367785234899329
2016,San Diego,6000,4165,0.6941666666666667
2016,San Francisco,6100,3555,0.5827868852459016
2016,San José State,6225,2951,0.47405622489959837
2016,Santa Clara,6325,3966,0.6270355731225297
2016,Seattle U,6425,4663,0.7257587548638132
2016,Seton Hall,6825,5575,0.8168498168498168
2016,Siena,6925,4868,0.7029602888086642
2016,South Alabama,6725,5193,0.7721933085501859
2016,South Carolina,6850,5373,0.7843795620437957
2016,South Carolina State,6600,5392,0.816969696969697
2016,South Carolina Upstate,6453,4053,0.6280799628079963
2016,South Dakota,6525,5094,0.7806896551724138
2016,South Dakota State,6800,6315,0.9286764705882353
2016,South Florida,6600,4359,0.6604545454545454
2016,Southeast Missouri State,5825,3247,0.5574248927038626
2016,Southern Illinois,6450,4678,0.7252713178294574
2016,Southern,7000,6264,0.8948571428571429
2016,Southern Miss,5900,2091,0.35440677966101697
2016,Southern Utah,5850,5221,0.8924786324786325
2016,St. Bonaventure,6250,5323,0.85168
2016,St. Francis (PA),6050,4623,0.7641322314049587
2016,St. John's,6400,1908,0.298125
2016,Stanford,6050,5088,0.8409917355371901
2016,Stephen F. Austin,6800,5375,0.7904411764705882
2016,Stetson,6950,5100,0.7338129496402878
2016,Stony Brook,6625,6614,0.9983396226415094
2016,Syracuse,7475,4731,0.6329096989966555
2016,TCU,6600,4270,0.646969696969697
2016,Temple,6725,5934,0.8823791821561339
2016,Tennessee State,6300,4396,0.6977777777777778
2016,Tennessee Tech,6229,5040,0.8091186386257826
2016,Tennessee,6800,5085,0.7477941176470588
2016,Texas A&M,7500,4164,0.5552
2016,Texas A&M-Corpus Christi,6600,6564,0.9945454545454545
2016,Texas,6650,4943,0.7433082706766917
2016,Texas Southern,6400,4164,0.650625
2016,Texas State,6250,4488,0.71808
2016,Texas Tech,6475,5467,0.8443243243243244
2016,The Citadel,6425,2824,0.4395330739299611
2016,Toledo,6400,4330,0.6765625
2016,Towson,6450,6266,0.9714728682170543
2016,Troy,6250,3678,0.58848
2016,Tulane,6950,4306,0.619568345323741
2016,Tulsa,6450,5279,0.8184496124031008
2016,UAB,6700,6028,0.8997014925373135
2016,UAlbany,6675,5629,0.8432958801498127
2016,UC Davis,6125,3959,0.6463673469387755
2016,UC Irvine,7675,7323,0.9541368078175896
2016,UC Riverside,6400,3239,0.50609375
2016,UC San Diego,200,159,0.795
2016,UC Santa Barbara,6625,5855,0.8837735849056604
2016,UCF,6050,4594,0.7593388429752066
2016,UCLA,6475,4941,0.7630888030888031
2016,UConn,7300,4154,0.569041095890411
2016,UIC,6100,2990,0.4901639344262295
2016,UL Monroe,6950,5828,0.8385611510791366
2016,UMBC,6450,3563,0.5524031007751938
2016,UMass Lowell,5850,3578,0.6116239316239316
2016,UNC Asheville,6650,4533,0.6816541353383458
2016,UNC Greensboro,6850,5347,0.7805839416058394
2016,UNC Wilmington,6675,5319,0.7968539325842696
2016,UNLV,6750,3936,0.5831111111111111
2016,USC,6900,6900,1.0
2016,UT Arlington,7075,5225,0.7385159010600707
2016,UT Martin,7100,4799,0.6759154929577464
2016,UT Rio Grande Valley,6000,2754,0.459
2016,UTEP,6675,4108,0.6154307116104869
2016,UTSA,6517,4313,0.6618075801749271
2016,Utah State,6200,4981,0.8033870967741935
2016,Utah,7300,6194,0.8484931506849315
2016,Utah Valley,6050,3475,0.5743801652892562
2016,VCU,7250,5777,0.7968275862068965
2016,VMI,6025,4932,0.8185892116182573
2016,Valparaiso,7450,7450,1.0
2016,Vanderbilt,6450,5849,0.9068217054263565
2016,Vermont,7400,6687,0.9036486486486487
2016,Villanova,8025,6992,0.8712772585669782
2016,Virginia,7425,7292,0.9820875420875421
2016,Virginia Tech,7125,5006,0.7025964912280702
2016,Wagner,6826,5151,0.7546147084676238
2016,Wake Forest,6250,4637,0.74192
2016,Washington,6925,1457,0.2103971119133574
2016,Washington State,6300,4151,0.6588888888888889
2016,Weber State,7100,5035,0.7091549295774648
2016,West Virginia,7050,6181,0.8767375886524823
2016,Western Carolina,6725,5337,0.7936059479553903
2016,Western Illinois,5400,4658,0.8625925925925926
2016,Western Kentucky,6925,3035,0.43826714801444044
2016,Western Michigan,6550,5106,0.7795419847328244
2016,Wichita State,7050,5063,0.7181560283687943
2016,William & Mary,6250,6084,0.97344
2016,Winthrop,6200,4086,0.6590322580645162
2016,Wisconsin,7050,5992,0.8499290780141844
2016,Wofford,6475,5190,0.8015444015444015
2016,Wright State,7025,5318,0.7570106761565837
2016,Wyoming,6475,5222,0.8064864864864865
2016,Xavier,6800,6480,0.9529411764705882
2016,Yale,6025,5614,0.9317842323651452
2016,Youngstown State,6525,3704,0.5676628352490422
2016,Hartford,6725,4493,0.6681040892193308
2016,St. Francis Brooklyn,6450,5777,0.8956589147286822
2016,Centenary (LA),400,283,0.7075
2016,Savannah State,6424,1779,0.2769302615193026
2016,Piedmont,400,357,0.8925
2016,Cheyney (PA),200,115,0.575
2016,Hannibal-LaGrange,600,294,0.49
2016,Mid-Atlantic Christian,400,240,0.6
2016,Columbia International,200,179,0.895
2016,NC Wesleyan,400,304,0.76
2016,Trinity Baptist,800,175,0.21875
2016,Vermont State - Lyndon,200,110,0.55
2016,York College Nebraska,400,0,0.0
2016,LSU Alexandria,400,301,0.7525
2016,Mississippi College,200,118,0.59
2016,Bob Jones,600,385,0.6416666666666667
2016,Dallas Christian,200,104,0.52
2016,Louisiana Christian,1000,798,0.798
2016,Randolph College,200,130,0.65
2016,Union (TN),200,0,0.0
2016,Paul Quinn,200,0,0.0
2016,Dubuque,200,0,0.0
2016,Fisk,400,181,0.4525
2016,Westminster (MO),200,0,0.0
2016,Howard Payne,600,420,0.7
2016,William Carey,200,175,0.875
2016,Sul Ross State,400,0,0.0
2016,New Mexico Highlands,400,210,0.525
2016,Hawai'i Hilo,400,118,0.295
2016,Northwest Indian,200,0,0.0
2016,Jessup University,200,76,0.38
2016,Life Pacific,400,0,0.0
2016,San Francisco State,200,94,0.47
2016,La Verne,200,190,0.95
2016,Chapman,200,120,0.6
2016,Westminster (PA),200,0,0.0
2016,Toccoa Falls,600,435,0.725
2016,Maine-Fort Kent,200,156,0.78
2016,Boyce,200,0,0.0
2016,St. Andrews,200,117,0.585
2016,Kentucky Christian,200,104,0.52
2016,Bethesda University,596,315,0.5285234899328859
2016,SUNY-Oneonta,200,0,0.0
2016,Oakwood,400,109,0.2725
2016,Eureka,400,228,0.57
2016,Siena Heights,200,48,0.24
2016,Coastal Georgia,200,0,0.0
2016,McMurry,200,37,0.185
2016,Brescia,400,247,0.6175
2016,Bluefield University,200,74,0.37
2016,Menlo,400,246,0.615
2016,Dillard,400,60,0.15
2016,Voorhees,400,0,0.0
2016,Dickinson State (ND),200,85,0.425
2016,Mercy,200,0,0.0
2016,Carolina University,400,286,0.715
2016,LeTourneau,200,16,0.08
2016,Loyola New Orleans,800,381,0.47625
2016,Campbellsville,200,34,0.17
2016,Colorado Christian,200,140,0.7
2016,Western Oregon,200,0,0.0
2016,Truett-McConnell,200,166,0.83
2016,Emerson,200,92,0.46
2016,Tusculum,200,161,0.805
2016,Crowley's Ridge,200,73,0.365
2016,Randall University,400,157,0.3925
2016,North Greenville,400,82,0.205
2016,Florida National,200,91,0.455
2016,Ecclesia,400,185,0.4625
2016,Tabor,200,143,0.715
2016,Texas College,200,68,0.34
2016,Saint Mary's (MN),200,0,0.0
2016,Central State (OH),200,0,0.0
2016,Trinity Christian (IL),400,218,0.545
2016,Gallaudet,200,0,0.0
2016,Auburn-Montgomery,600,261,0.435
2016,Spring Hill,200,140,0.7
2016,Fisher College,200,126,0.63
2016,Edward Waters,200,113,0.565
2016,Texas Wesleyan,200,0,0.0
2016,Kentucky State,200,98,0.49
2016,Ferrum,400,253,0.6325
2016,St. Ambrose,200,0,0.0
2016,Florida Tech,200,145,0.725
2016,Texas Lutheran,400,221,0.5525
2016,Northern New Mexico,200,68,0.34
2016,Hawai'i Pacific,200,66,0.33
2016,Texas A&M-Kingsville,200,117,0.585
2016,Averett,200,128,0.64
2016,Judson University,400,271,0.6775
2016,Central Penn,1200,521,0.43416666666666665
2016,Our Lady Of The Lake,800,332,0.415
2016,Purdue Northwest,200,61,0.305
2016,Pittsburgh-Bradford,200,0,0.0
2016,Arlington Baptist,200,63,0.315
2016,Aquinas,200,152,0.76
2016,Warner University,200,33,0.165
2016,Trinity (FL),200,88,0.44
2016,Merchant Marine Academy,200,200,1.0
2016,Montreat,600,95,0.15833333333333333
2016,Cairn University,200,65,0.325
2016,Chestnut Hill College,200,83,0.415
2016,Harris-Stowe State,600,177,0.295
2016,Ouachita Baptist,200,121,0.605
2016,Bryn Athyn,200,0,0.0
2016,Middle Georgia State,400,187,0.4675
2016,Hardin-Simmons,200,0,0.0
2016,St. Thomas (TX),400,0,0.0
2016,Willamette,200,178,0.89
2016,Tennessee Wesleyan,400,0,0.0
2016,Lincoln (MO),200,0,0.0
2016,Milligan,400,232,0.58
2016,Schreiner,400,163,0.4075
2016,Chadron State,200,74,0.37
2016,UVA Wise,200,131,0.655
2016,Webber International,600,309,0.515
2016,University of The Southwest,200,125,0.625
2016,William Woods,200,0,0.0
2016,Waldorf College,200,62,0.31
2016,Mobile,200,39,0.195
2016,Fort Valley State,600,224,0.37333333333333335
2016,Benedictine (AZ),200,0,0.0
2016,Kean,400,146,0.365
2016,Medgar Evers,200,0,0.0
2016,Bowie State,200,0,0.0
2016,Linfield College,200,0,0.0
2016,Johnson University Florida,200,30,0.15
2016,Malone,200,174,0.87
2016,Covenant,200,101,0.505
2016,Carroll (MT),400,235,0.5875
2016,Millsaps,200,59,0.295
2016,Jarvis Christian,600,197,0.3283333333333333
2016,Lourdes University,200,0,0.0
2016,Blue Mountain,600,195,0.325
2016,Fresno Pacific,600,296,0.49333333333333335
2016,Oakland City,600,354,0.59
2016,WVU Tech,200,88,0.44
2016,Vanguard,200,79,0.395
2016,Goldey-Beacom,400,186,0.465
2016,John Brown,200,0,0.0
2016,Molloy,200,0,0.0
2016,Worcester State,200,0,0.0
2016,Ave Maria,400,325,0.8125
2016,UT Tyler,200,94,0.47
2016,Eastern Mennonite,200,0,0.0
2016,Lyon,200,52,0.26
2016,Johnson & Wales (NC),800,441,0.55125
2016,Illinois Tech,200,0,0.0
2016,Tiffin,200,134,0.67
2016,Reinhardt,599,528,0.8814691151919867
2016,Pacific Union,800,496,0.62
2016,Valley City,400,23,0.0575
2016,Pacific Lutheran,200,168,0.84
2016,Chaminade,600,391,0.6516666666666666
2016,Northland,200,126,0.63
2016,Clarks Summit,400,0,0.0
2016,Angelo State,200,0,0.0
2016,Point Loma Nazarene,200,0,0.0
2016,Albany St (GA),200,0,0.0
2016,Warren Wilson,200,129,0.645
2016,FDU Florham,200,113,0.565
2016,George Fox,200,0,0.0
2016,Arkansas-Fort Smith,200,103,0.515
2016,Ohio Dominican,200,173,0.865
2016,Bridgewater College (VA),200,34,0.17
2016,Adams State,400,176,0.44
2016,Wiley,200,37,0.185
2016,CS Dominguez Hills,200,152,0.76
2016,Greensboro College,200,137,0.685
2016,Florida Memorial,400,250,0.625
2016,LSU Shreveport,400,0,0.0
2016,Coker,200,148,0.74
2016,Antelope Valley,1000,0,0.0
2016,Trevecca Nazarene,200,186,0.93
2016,Mount Saint Vincent,200,191,0.955
2016,Queens College NY,200,0,0.0
2016,Indiana University Northwest,400,255,0.6375
2016,Illinois-Springfield,200,69,0.345
2016,San Diego Christian,1000,674,0.674
2016,Rochester University (MI),600,538,0.8966666666666666
2016,Allen University,1000,261,0.261
2016,Methodist,200,0,0.0
2016,Cincinnati Clermont,200,20,0.1
2016,Manchester,200,147,0.735
2016,Central Baptist College,400,154,0.385
2016,Lees-McRae,200,56,0.28
2016,Bushnell,200,127,0.635
2016,Mars Hill,400,305,0.7625
2016,Multnomah University,400,0,0.0
2016,Paine,200,136,0.68
2016,Alma,200,168,0.84
2016,Montana-Western,200,122,0.61
2016,Saint Martin's,200,36,0.18
2016,Cal State East Bay,200,164,0.82
2016,Holy Names University,600,346,0.5766666666666667
2016,Master's University,200,119,0.595
2016,Cal State LA,200,101,0.505
2016,Williams Baptist,200,0,0.0
2016,Mount St. Joseph,201,101,0.5024875621890548
2016,Goucher,200,177,0.885
2016,Florida College,200,57,0.285
2016,Cumberland (TN),200,0,0.0
2016,Shenandoah,200,42,0.21
2016,Regis (CO),200,0,0.0
2016,Phoenix,200,66,0.33
2016,Oberlin,200,0,0.0
2016,MIT,200,121,0.605
2016,Eckerd,200,144,0.72
2016,Chowan,200,126,0.63
2016,Wisconsin-Superior,200,0,0.0
2016,Minnesota Morris,200,59,0.295
2016,Roosevelt,400,141,0.3525
2016,Indiana-Kokomo,600,457,0.7616666666666667
2016,Quincy,200,141,0.705
2016,Minnesota Duluth,200,162,0.81
2016,Maryville University (MO),200,0,0.0
2016,Texas Permian Basin,200,7,0.035
2016,Farmingdale State,200,0,0.0
2016,Michigan-Dearborn,200,96,0.48
2016,Trinity International,400,167,0.4175
2016,Emmanuel (MA),200,0,0.0
2016,Belmont Abbey,400,0,0.0
2016,College of Idaho,200,0,0.0
2016,Cedarville,200,54,0.27
2016,William Jewell,200,127,0.635
2016,Emporia St,200,128,0.64
2016,Washington Adventist,600,0,0.0
2016,Catawba,200,146,0.73
2016,Simpson College (IA),400,362,0.905
2016,Thiel,200,169,0.845
2016,Notre Dame de Namur,200,139,0.695
2016,Hiram,200,0,0.0
2016,Arkansas-Monticello,200,67,0.335
2016,Wesley,200,0,0.0
2016,Urbana,200,97,0.485
2016,Arkansas Tech,200,74,0.37
2016,Geneva,200,0,0.0
2016,East Central (OK),200,0,0.0
2016,Pine Manor,200,0,0.0
2016,Rio Grande,400,174,0.435
2016,Johnson & Wales (CO),200,0,0.0
2016,Tampa,200,27,0.135
2016,Widener,200,0,0.0
2016,Thomas (GA),600,440,0.7333333333333333
2016,Alaska Anchorage,600,127,0.21166666666666667
2016,St. Edward's,400,387,0.9675
2016,Hiwassee,800,416,0.52
2016,Southeastern Oklahoma State,200,146,0.73
2016,Pensacola Christian College,200,120,0.6
2016,Miles,200,44,0.22
2016,Western State Colorado University,200,51,0.255
2016,Albion,200,151,0.755
2016,Wheelock College,200,144,0.72
2016,Wentworth Institute Of Technology,200,153,0.765
2016,Rockhurst,200,109,0.545
2016,Silver Lake,200,0,0.0
2016,Oregon Tech,200,0,0.0
2016,Staten Island,200,0,0.0
2016,Black Hills State,200,110,0.55
2016,Henderson State,200,0,0.0
2016,CS Monterey Bay,200,0,0.0
2016,Great Falls,1000,558,0.558
2016,Rowan,200,110,0.55
2016,Marygrove,400,299,0.7475
2016,Kenyon,200,0,0.0
2016,Concordia Oregon,200,111,0.555
2016,Wayne State (NE),200,86,0.43
2016,Fort Lewis,200,0,0.0
2016,Selma,200,46,0.23
2016,Madonna,200,0,0.0
2016,St. Josephs (IND),200,109,0.545
2016,Austin,200,141,0.705
2016,New Hope Christian College,200,0,0.0
2016,Daniel Webster College,400,148,0.37
2016,Marian (IN),200,0,0.0
2016,Northern Michigan,200,82,0.41
2016,Rutgers-Newark,200,0,0.0
2016,Seton Hill,200,0,0.0
2016,Cincinnati Christian,200,111,0.555
2016,Bristol,200,105,0.525
2016,BYU-Hawaii,200,0,0.0
2016,La Roche,200,77,0.385
2016,Roanoke,200,0,0.0
2016,Grace Bible College,200,53,0.265
2016,Embry-Riddle (FL),200,0,0.0
2016,Penn State (Harrisburg),200,53,0.265
2016,South Dakota St School Of Mines,200,137,0.685
2016,Thomas More,200,0,0.0
2016,Denison,200,0,0.0
2016,Biola,200,0,0.0
2016,Utica,200,0,0.0
2016,Mary Washington,200,0,0.0
2016,Ursinus,200,84,0.42
2016,Missouri Valley,200,122,0.61
2016,Francis Marion,200,0,0.0
2016,Purdue North Central,200,0,0.0
2016,Ryerson,200,0,0.0
2016,St. Catharine (KY),200,67,0.335
2017,Abilene Christian,5900,4555,0.7720338983050847
2017,Air Force,6675,5792,0.8677153558052434
2017,Akron,7200,6665,0.9256944444444445
2017,Alabama A&M,5875,3637,0.6190638297872341
2017,Alabama,6700,4111,0.6135820895522388
2017,Alabama State,6300,4077,0.6471428571428571
2017,Alcorn State,6425,2796,0.4351750972762646
2017,American University,6025,3744,0.6214107883817427
2017,App State,6025,4330,0.7186721991701245
2017,Arizona State,6620,5760,0.8700906344410876
2017,Arizona,7400,3881,0.5244594594594595
2017,Arkansas,7000,4473,0.639
2017,Arkansas State,6425,3143,0.48918287937743193
2017,Arkansas-Pine Bluff,6525,3612,0.5535632183908046
2017,Army,6475,4930,0.7613899613899614
2017,Auburn,6250,2166,0.34656
2017,Austin Peay,6076,5536,0.9111257406188282
2017,BYU,6799,3632,0.5341962053243124
2017,Ball State,6898,6418,0.9304146129312845
2017,Baylor,7000,6696,0.9565714285714285
2017,Belmont,6025,6025,1.0
2017,Bethune-Cookman,6575,2748,0.4179467680608365
2017,Binghamton,6425,6040,0.9400778210116731
2017,Boise State,6200,4761,0.7679032258064517
2017,Boston College,6401,2550,0.39837525386658335
2017,Boston University,6500,5278,0.812
2017,Bowling Green,6475,5024,0.775907335907336
2017,Bradley,6627,2960,0.446657612796137
2017,Brown,6000,4581,0.7635
2017,Bryant,6371,3984,0.6253335426149741
2017,Bucknell,7002,5781,0.8256212510711225
2017,Buffalo,6425,4926,0.7666926070038911
2017,Butler,6850,5006,0.7308029197080292
2017,Cal Poly,6250,4171,0.66736
2017,Cal State Bakersfield,6925,5067,0.7316967509025271
2017,Cal State Fullerton,6575,3440,0.5231939163498099
2017,Cal State Northridge,5998,5775,0.9628209403134378
2017,California,6701,4483,0.6690046261751977
2017,Campbell,7450,4273,0.5735570469798658
2017,Canisius,6850,4280,0.6248175182481752
2017,Central Arkansas,6476,5730,0.8848054354539839
2017,Central Connecticut,5852,4325,0.7390635680109364
2017,Central Michigan,6475,3482,0.5377606177606178
2017,Charleston,6825,6311,0.9246886446886446
2017,Charleston Southern,6274,3654,0.582403570290086
2017,Charlotte,5825,4176,0.7169098712446352
2017,Chattanooga,6225,4235,0.6803212851405622
2017,Chicago State,6501,4664,0.7174280879864636
2017,Cincinnati,7250,6281,0.8663448275862069
2017,Clemson,6424,5993,0.9329078455790785
2017,Cleveland State,6300,4548,0.7219047619047619
2017,Coastal Carolina,8051,4593,0.5704881381194883
2017,Colgate,6525,5580,0.8551724137931035
2017,Colorado,6650,5567,0.8371428571428572
2017,Colorado State,7000,4595,0.6564285714285715
2017,Columbia,5450,4009,0.7355963302752293
2017,Coppin State,6450,3466,0.5373643410852713
2017,Cornell,5826,5308,0.911088225197391
2017,Creighton,7000,6545,0.935
2017,Dartmouth,5425,4322,0.7966820276497696
2017,Davidson,6450,5459,0.8463565891472868
2017,Dayton,6425,6371,0.9915953307392996
2017,DePaul,6625,3253,0.4910188679245283
2017,Delaware,6625,5239,0.7907924528301887
2017,Delaware State,6475,5943,0.9178378378378378
2017,Denver,5825,5204,0.8933905579399142
2017,Detroit Mercy,6275,4160,0.6629482071713148
2017,Drake,6274,4834,0.7704813516098183
2017,Drexel,6502,3993,0.6141187326976315
2017,Duke,7400,4935,0.6668918918918919
2017,Duquesne,6400,2969,0.46390625
2017,East Carolina,6600,4029,0.6104545454545455
2017,East Tennessee State,7076,4409,0.6230921424533635
2017,Eastern Illinois,5976,3399,0.5687751004016064
2017,Eastern Kentucky,6325,2319,0.3666403162055336
2017,Eastern Michigan,6650,5937,0.892781954887218
2017,Elon,6549,5603,0.8555504657199573
2017,Evansville,6675,5267,0.789063670411985
2017,Fairfield,6050,5747,0.9499173553719008
2017,Fairleigh Dickinson,6026,5372,0.8914702953866578
2017,Florida A&M,6100,2678,0.43901639344262294
2017,Florida Atlantic,6077,3318,0.5459930886950798
2017,Florida,7275,6336,0.8709278350515464
2017,Florida Gulf Coast,6850,6390,0.9328467153284672
2017,Florida International,6350,4401,0.6930708661417323
2017,Florida State,7000,4580,0.6542857142857142
2017,Fordham,6499,3853,0.5928604400677028
2017,Fresno State,6749,6022,0.8922803378278263
2017,Furman,6850,6131,0.895036496350365
2017,Gardner-Webb,6725,5304,0.7886988847583644
2017,George Mason,6925,4754,0.6864981949458484
2017,George Washington,7000,4474,0.6391428571428571
2017,Georgetown,6450,3654,0.5665116279069767
2017,Georgia,6850,5793,0.8456934306569343
2017,Georgia Southern,6624,5951,0.8983997584541062
2017,Georgia State,6624,5549,0.8377113526570048
2017,Georgia Tech,7225,5209,0.7209688581314879
2017,Gonzaga,7800,5502,0.7053846153846154
2017,Grambling,6700,3972,0.5928358208955223
2017,Grand Canyon,6251,4068,0.6507758758598624
2017,Green Bay,6475,5142,0.7941312741312742
2017,Hampton,6249,4104,0.656745079212674
2017,Harvard,5600,2445,0.43660714285714286
2017,Hawai'i,6050,2602,0.4300826446280992
2017,High Point,6300,4672,0.7415873015873016
2017,Hofstra,6450,4887,0.7576744186046511
2017,Holy Cross,6425,0,0.0
2017,Houston Christian,6001,4021,0.6700549908348609
2017,Houston,6425,5528,0.8603891050583657
2017,Howard,6800,5664,0.8329411764705882
2017,IU Indianapolis,6251,5280,0.8446648536234203
2017,Idaho State,5850,4403,0.7526495726495727
2017,Idaho,6350,5140,0.8094488188976378
2017,Illinois,6825,6193,0.9073992673992674
2017,Illinois State,7025,4921,0.7004982206405694
2017,Incarnate Word,5825,4118,0.7069527896995708
2017,Indiana,6750,4841,0.7171851851851851
2017,Indiana State,6375,5332,0.8363921568627452
2017,Iona,7075,3726,0.5266431095406361
2017,Iowa,6775,4203,0.6203690036900369
2017,Iowa State,7125,5131,0.720140350877193
2017,Jackson State,6450,4035,0.6255813953488372
2017,Jacksonville,6625,6087,0.9187924528301887
2017,Jacksonville State,7050,4681,0.6639716312056737
2017,James Madison,6675,6171,0.9244943820224719
2017,Kansas City,7024,4486,0.6386674259681093
2017,Kansas,7277,5939,0.8161330218496633
2017,Kansas State,6825,6071,0.8895238095238095
2017,Kennesaw State,6400,4502,0.7034375
2017,Kent State,7325,5032,0.686962457337884
2017,Kentucky,7626,3381,0.44335169158143195
2017,LSU,6400,3621,0.56578125
2017,La Salle,6100,5782,0.9478688524590164
2017,Lafayette,6025,3675,0.6099585062240664
2017,Lamar,6875,3758,0.5466181818181818
2017,Lehigh,6475,5312,0.8203861003861004
2017,Liberty,7075,4279,0.6048056537102473
2017,Lipscomb,6626,5320,0.8028976758225174
2017,Little Rock,6450,6041,0.9365891472868217
2017,Long Beach State,6925,5685,0.8209386281588448
2017,Long Island University,5474,3849,0.7031421264157837
2017,Longwood,6000,3866,0.6443333333333333
2017,Louisiana,6625,4839,0.7304150943396226
2017,Louisiana Tech,6619,4120,0.6224505212267715
2017,Louisville,6849,6163,0.8998393926120601
2017,Loyola Chicago,6500,4521,0.6955384615384615
2017,Loyola Maryland,6650,4984,0.7494736842105263
2017,Loyola Marymount,6026,4128,0.6850315300365085
2017,Maine,6400,3762,0.5878125
2017,Manhattan,6525,4745,0.7272030651340996
2017,Marist,6450,5583,0.8655813953488372
2017,Marquette,6425,4132,0.6431128404669261
2017,Marshall,7075,6744,0.9532155477031802
2017,Maryland Eastern Shore,6900,5055,0.7326086956521739
2017,Maryland,6608,3334,0.5045399515738499
2017,Massachusetts,6400,4630,0.7234375
2017,McNeese,5825,4221,0.7246351931330473
2017,Memphis,6449,5018,0.7781051325786944
2017,Mercer,6475,4302,0.6644015444015444
2017,Miami (OH),6450,3791,0.5877519379844961
2017,Miami,6624,4382,0.6615338164251208
2017,Michigan State,7025,3978,0.5662633451957295
2017,Michigan,7675,7199,0.9379804560260586
2017,Middle Tennessee,7225,5471,0.7572318339100346
2017,Milwaukee,7150,3826,0.5351048951048951
2017,Minnesota,6950,4245,0.6107913669064748
2017,Mississippi State,6425,2874,0.44731517509727625
2017,Mississippi Valley State,6475,4795,0.7405405405405405
2017,Missouri State,6925,4594,0.6633935018050542
2017,Missouri,6450,3964,0.6145736434108527
2017,Monmouth,6675,6465,0.9685393258426966
2017,Montana,6050,5496,0.9084297520661156
2017,Montana State,6175,3482,0.5638866396761134
2017,Morehead State,5850,5099,0.8716239316239316
2017,Morgan State,6050,3255,0.5380165289256198
2017,Mount St. Mary's,7025,5780,0.8227758007117437
2017,Murray State,6750,4551,0.6742222222222222
2017,NC State,6450,3842,0.5956589147286822
2017,NJIT,6225,4711,0.7567871485943775
2017,Navy,6424,5977,0.9304171855541719
2017,Nebraska,6300,4352,0.6907936507936508
2017,Nevada,7025,6291,0.8955160142348755
2017,New Hampshire,6498,5858,0.9015081563558018
2017,New Mexico,6225,4740,0.7614457831325301
2017,New Mexico State,6825,5298,0.7762637362637362
2017,New Orleans,6299,5007,0.7948880774726147
2017,Niagara,6675,5513,0.8259176029962547
2017,Nicholls,6276,4524,0.7208413001912046
2017,Norfolk State,6900,4923,0.7134782608695652
2017,North Carolina A&T,6501,3154,0.48515612982618056
2017,North Carolina Central,6800,4283,0.6298529411764706
2017,North Carolina,8025,6814,0.8490965732087228
2017,North Dakota,6300,5950,0.9444444444444444
2017,North Dakota State,6075,5311,0.874238683127572
2017,North Florida,6798,4634,0.6816710797293322
2017,North Texas,6025,3237,0.5372614107883817
2017,Northeastern,6275,3297,0.5254183266932271
2017,Northern Arizona,6025,4435,0.7360995850622407
2017,Northern Colorado,5650,3766,0.6665486725663717
2017,Northern Illinois,6350,5082,0.8003149606299212
2017,Northern Iowa,6076,3920,0.6451612903225806
2017,Northern Kentucky,6800,4586,0.6744117647058824
2017,Northwestern State,5850,4138,0.7073504273504273
2017,Northwestern,7000,6246,0.8922857142857142
2017,Notre Dame,7225,6636,0.918477508650519
2017,Oakland,6625,4692,0.7082264150943396
2017,Ohio,6202,5226,0.8426314092228313
2017,Ohio State,6425,5046,0.7853696498054474
2017,Oklahoma,6325,3856,0.6096442687747036
2017,Oklahoma State,6600,4785,0.725
2017,Old Dominion,6443,4500,0.698432407263697
2017,Ole Miss,7050,4639,0.6580141843971631
2017,Omaha,6475,5751,0.8881853281853281
2017,Oral Roberts,6050,5045,0.8338842975206612
2017,Oregon,7825,6179,0.7896485623003194
2017,Oregon State,6425,4563,0.7101945525291828
2017,Pacific,6425,5880,0.9151750972762646
2017,Penn State,6725,4601,0.6841635687732343
2017,Pennsylvania,5825,3535,0.6068669527896996
2017,Pepperdine,6200,3123,0.5037096774193548
2017,Pittsburgh,6700,6235,0.9305970149253732
2017,Portland,6675,6180,0.9258426966292135
2017,Portland State,6125,3289,0.5369795918367347
2017,Prairie View A&M,6650,3872,0.5822556390977444
2017,Presbyterian,6025,4517,0.7497095435684648
2017,Princeton,6025,5562,0.9231535269709543
2017,Providence,6625,4230,0.6384905660377358
2017,Purdue,7075,5886,0.8319434628975265
2017,Purdue Fort Wayne,6700,6249,0.9326865671641791
2017,Quinnipiac,6250,3171,0.50736
2017,Radford,6501,3859,0.5936009844639286
2017,Rhode Island,7025,5809,0.8269039145907473
2017,Rice,6875,5700,0.8290909090909091
2017,Richmond,6829,4812,0.7046419680773173
2017,Rider,6625,4296,0.6484528301886793
2017,Robert Morris,6625,4158,0.6276226415094339
2017,Rutgers,6625,4496,0.6786415094339623
2017,SE Louisiana,6400,4452,0.695625
2017,SIU Edwardsville,6051,4523,0.7474797554123286
2017,SMU,7000,5316,0.7594285714285715
2017,Sacramento State,5901,4916,0.8330791391289611
2017,Sacred Heart,6525,4528,0.6939463601532567
2017,Saint Joseph's,6450,4443,0.6888372093023256
2017,Saint Louis,6650,5244,0.7885714285714286
2017,Saint Mary's,6600,6446,0.9766666666666667
2017,Saint Peter's,7250,6840,0.9434482758620689
2017,Sam Houston,6825,5057,0.7409523809523809
2017,Samford,7450,3824,0.5132885906040269
2017,San Diego State,6625,6099,0.9206037735849056
2017,San Diego,6325,4094,0.6472727272727272
2017,San Francisco,6400,3889,0.60765625
2017,San José State,6025,4730,0.7850622406639004
2017,Santa Clara,6700,6616,0.9874626865671642
2017,Seattle U,5625,4440,0.7893333333333333
2017,Seton Hall,6675,4837,0.7246441947565543
2017,Siena,6625,5495,0.8294339622641509
2017,South Alabama,6500,5122,0.788
2017,South Carolina,7525,4946,0.6572757475083056
2017,South Carolina State,6250,3699,0.59184
2017,South Carolina Upstate,6475,6378,0.985019305019305
2017,South Dakota,6625,4110,0.6203773584905661
2017,South Dakota State,7075,4507,0.6370318021201413
2017,South Florida,6024,4650,0.7719123505976095
2017,Southeast Missouri State,6650,2599,0.3908270676691729
2017,Southern Illinois,6700,5074,0.7573134328358209
2017,Southern,6625,5401,0.8152452830188679
2017,Southern Miss,6301,5421,0.8603396286303762
2017,Southern Utah,6475,3972,0.6134362934362935
2017,St. Bonaventure,6450,5600,0.8682170542635659
2017,St. Francis (PA),6875,4578,0.6658909090909091
2017,St. John's,6601,4361,0.6606574761399788
2017,Stanford,6225,6119,0.9829718875502008
2017,Stephen F. Austin,6651,2832,0.4258006314839874
2017,Stetson,6425,5684,0.8846692607003891
2017,Stony Brook,6402,5009,0.7824117463292721
2017,Syracuse,6850,2914,0.4254014598540146
2017,TCU,8048,3449,0.42855367793240556
2017,Temple,6485,4616,0.7117964533538936
2017,Tennessee State,6100,4613,0.7562295081967213
2017,Tennessee Tech,6501,4167,0.6409783110290724
2017,Tennessee,6425,3641,0.566692607003891
2017,Texas A&M,6200,4185,0.675
2017,Texas A&M-Corpus Christi,7275,6425,0.8831615120274914
2017,Texas,6400,3461,0.54078125
2017,Texas Southern,7050,798,0.11319148936170213
2017,Texas State,7275,3510,0.4824742268041237
2017,Texas Tech,6500,4454,0.6852307692307692
2017,The Citadel,6676,3583,0.536698621929299
2017,Toledo,7050,6567,0.9314893617021277
2017,Towson,6675,5048,0.7562546816479401
2017,Troy,7309,4689,0.6415378300725133
2017,Tulane,6075,4684,0.7710288065843621
2017,Tulsa,6425,3240,0.5042801556420233
2017,UAB,6650,5864,0.8818045112781955
2017,UAlbany,7000,5553,0.7932857142857143
2017,UC Davis,7275,6604,0.907766323024055
2017,UC Irvine,7251,4920,0.6785270997103848
2017,UC Riverside,5625,4017,0.7141333333333333
2017,UC Santa Barbara,5625,3686,0.6552888888888889
2017,UCF,7225,5831,0.8070588235294117
2017,UCLA,7200,4501,0.6251388888888889
2017,UConn,6450,4466,0.6924031007751938
2017,UIC,7275,2685,0.36907216494845363
2017,UL Monroe,6750,3970,0.5881481481481482
2017,UMBC,6950,5229,0.7523741007194245
2017,UMass Lowell,6275,5207,0.829800796812749
2017,UNC Asheville,6525,4946,0.758007662835249
2017,UNC Greensboro,6999,6168,0.8812687526789541
2017,UNC Wilmington,7025,5881,0.837153024911032
2017,UNLV,6475,1820,0.2810810810810811
2017,USC,7227,3962,0.5482219454822195
2017,UT Arlington,7000,6494,0.9277142857142857
2017,UT Martin,7075,4910,0.6939929328621908
2017,UT Rio Grande Valley,6525,4725,0.7241379310344828
2017,UTEP,6500,5545,0.8530769230769231
2017,UTSA,6600,4087,0.6192424242424243
2017,Utah State,6225,3391,0.5447389558232931
2017,Utah,6250,3072,0.49152
2017,Utah Valley,6925,4642,0.6703249097472924
2017,VCU,7100,6442,0.9073239436619718
2017,VMI,6000,4510,0.7516666666666667
2017,Valparaiso,6450,5178,0.8027906976744186
2017,Vanderbilt,7025,6152,0.875729537366548
2017,Vermont,7000,6213,0.8875714285714286
2017,Villanova,7200,7040,0.9777777777777777
2017,Virginia,6900,5767,0.8357971014492753
2017,Virginia Tech,6650,6286,0.9452631578947368
2017,Wagner,6075,4532,0.746008230452675
2017,Wake Forest,6401,4879,0.7622246523980628
2017,Washington,6425,4240,0.6599221789883268
2017,Washington State,6224,4804,0.7718508997429306
2017,Weber State,6300,5801,0.9207936507936508
2017,West Virginia,7526,6880,0.914164230667021
2017,Western Carolina,6400,4460,0.696875
2017,Western Illinois,5725,3773,0.6590393013100436
2017,Western Kentucky,6400,2105,0.32890625
2017,Western Michigan,6225,4233,0.68
2017,Wichita State,7200,5530,0.7680555555555556
2017,William & Mary,6250,5396,0.86336
2017,Winthrop,6753,6468,0.9577965348733896
2017,Wisconsin,7500,6824,0.9098666666666667
2017,Wofford,6750,5198,0.770074074074074
2017,Wright State,6451,5141,0.7969307084172996
2017,Wyoming,7525,7043,0.9359468438538205
2017,Xavier,7425,5069,0.6826936026936027
2017,Yale,5825,3999,0.6865236051502146
2017,Youngstown State,6950,5648,0.8126618705035972
2017,Hartford,6475,5364,0.8284169884169884
2017,St. Francis Brooklyn,6250,3686,0.58976
2017,Centenary (LA),400,246,0.615
2017,Savannah State,5825,2355,0.40429184549356223
2017,Oglethorpe,200,0,0.0
2017,LaGrange,200,33,0.165
2017,Washington College (MD),200,45,0.225
2017,Piedmont,200,144,0.72
2017,Hannibal-LaGrange,200,179,0.895
2017,Columbia International,200,133,0.665
2017,Frostburg State,200,0,0.0
2017,NC Wesleyan,200,135,0.675
2017,Trinity Baptist,600,361,0.6016666666666667
2017,William Peace,200,54,0.27
2017,Marywood,200,0,0.0
2017,Vermont State - Lyndon,200,184,0.92
2017,Newberry,200,0,0.0
2017,LSU Alexandria,400,260,0.65
2017,Mississippi College,200,134,0.67
2017,Dallas Christian,200,142,0.71
2017,Pfeiffer,200,82,0.41
2017,Louisiana Christian,600,280,0.4666666666666667
2017,Bethel (TN),200,0,0.0
2017,Northeastern State,200,0,0.0
2017,St. Francis (IL),400,236,0.59
2017,Dean College,200,0,0.0
2017,Union (TN),200,75,0.375
2017,Paul Quinn,200,54,0.27
2017,Fisk,600,306,0.51
2017,Howard Payne,800,560,0.7
2017,Southern-New Orleans,200,0,0.0
2017,Sul Ross State,400,250,0.625
2017,Hawai'i Hilo,200,113,0.565
2017,Northwest University,400,121,0.3025
2017,Jessup University,200,112,0.56
2017,Life Pacific,800,244,0.305
2017,San Francisco State,200,149,0.745
2017,Westminster (PA),200,0,0.0
2017,Toccoa Falls,800,449,0.56125
2017,Ohio Christian,200,0,0.0
2017,Boyce,200,95,0.475
2017,St. Andrews,200,153,0.765
2017,Earlham College,200,34,0.17
2017,Lewis & Clark,200,73,0.365
2017,Kentucky Christian,200,85,0.425
2017,Bethesda University,1400,15,0.010714285714285714
2017,SUNY-Oneonta,200,112,0.56
2017,Eureka,200,88,0.44
2017,UT Dallas,200,0,0.0
2017,Wayland Baptist,200,29,0.145
2017,Siena Heights,400,242,0.605
2017,Coastal Georgia,400,0,0.0
2017,Brescia,400,249,0.6225
2017,Xavier (LA),400,0,0.0
2017,Chatham University,200,0,0.0
2017,Menlo,200,100,0.5
2017,Valley Forge,200,0,0.0
2017,Voorhees,200,133,0.665
2017,Missouri Southern State,200,0,0.0
2017,Southern Oregon,200,0,0.0
2017,Mount Saint Mary (NY),200,0,0.0
2017,Goshen,200,90,0.45
2017,Carolina University,200,21,0.105
2017,LeTourneau,400,314,0.785
2017,Loyola New Orleans,400,393,0.9825
2017,Colorado Christian,400,307,0.7675
2017,Corban College,200,102,0.51
2017,Western Oregon,200,107,0.535
2017,Truett-McConnell,400,128,0.32
2017,Emerson,200,138,0.69
2017,Tusculum,200,106,0.53
2017,Crowley's Ridge,200,99,0.495
2017,Randall University,400,335,0.8375
2017,Florida National,400,55,0.1375
2017,Ecclesia,600,342,0.57
2017,John Jay College,200,0,0.0
2017,Texas College,200,119,0.595
2017,Saint Mary's (MN),200,110,0.55
2017,Trinity Christian (IL),400,333,0.8325
2017,Southern Virginia,200,80,0.4
2017,Spring Hill,400,214,0.535
2017,East-West University,200,0,0.0
2017,Southern Wesleyan,400,0,0.0
2017,Fisher College,600,459,0.765
2017,Mitchell College,200,42,0.21
2017,Mansfield,200,0,0.0
2017,Edward Waters,400,166,0.415
2017,Minnesota Crookston,200,26,0.13
2017,Ferrum,400,302,0.755
2017,Florida Tech,200,152,0.76
2017,Rogers State,400,0,0.0
2017,Texas Lutheran,200,152,0.76
2017,Northern New Mexico,600,175,0.2916666666666667
2017,Texas A&M-Kingsville,200,122,0.61
2017,Dalton State,200,0,0.0
2017,Nazareth College,200,0,0.0
2017,Averett,400,240,0.6
2017,Central Penn,1000,243,0.243
2017,Elizabeth City State,200,0,0.0
2017,Our Lady Of The Lake,400,249,0.6225
2017,Brevard,200,91,0.455
2017,Arlington Baptist,400,252,0.63
2017,Trinity (FL),200,130,0.65
2017,Montreat,400,66,0.165
2017,Sarah Lawrence,200,90,0.45
2017,Cairn University,200,165,0.825
2017,Chestnut Hill College,200,135,0.675
2017,Montana Tech,400,78,0.195
2017,Lesley University,200,2,0.01
2017,Bryn Athyn,200,162,0.81
2017,Middle Georgia State,400,220,0.55
2017,Walla Walla,400,186,0.465
2017,Crown College,400,0,0.0
2017,West Virginia Wesleyan,200,0,0.0
2017,St. Thomas (TX),400,0,0.0
2017,Tennessee Wesleyan,200,64,0.32
2017,Milligan,400,206,0.515
2017,Schreiner,200,178,0.89
2017,Brewton-Parker,400,161,0.4025
2017,Rust,200,0,0.0
2017,UVA Wise,600,186,0.31
2017,Webber International,400,257,0.6425
2017,Johnson & Wales (RI),200,58,0.29
2017,Manhattanville,200,0,0.0
2017,Waldorf College,200,94,0.47
2017,Asbury,200,69,0.345
2017,Muskingum,200,0,0.0
2017,Mobile,200,152,0.76
2017,Fort Valley State,800,383,0.47875
2017,Benedictine (AZ),400,149,0.3725
2017,Kean,200,168,0.84
2017,Morehouse,200,0,0.0
2017,Spalding,200,0,0.0
2017,Johnson University Florida,400,119,0.2975
2017,Covenant,200,116,0.58
2017,Millsaps,200,74,0.37
2017,Jarvis Christian,600,350,0.5833333333333334
2017,Doane,200,0,0.0
2017,Blue Mountain,1075,811,0.7544186046511628
2017,Fresno Pacific,186,91,0.489247311827957
2017,Sonoma State,200,45,0.225
2017,Oakland City,200,153,0.765
2017,Vanguard,200,121,0.605
2017,UC Merced,200,0,0.0
2017,Maine-Presque Isle,200,0,0.0
2017,Goldey-Beacom,425,279,0.6564705882352941
2017,John Brown,400,294,0.735
2017,Molloy,200,114,0.57
2017,Ave Maria,800,323,0.40375
2017,St. Mary's (MD),200,0,0.0
2017,Eastern Mennonite,200,170,0.85
2017,Keystone,200,77,0.385
2017,Johnson & Wales (NC),600,236,0.3933333333333333
2017,Illinois Tech,200,151,0.755
2017,Reinhardt,200,109,0.545
2017,Pacific Union,400,77,0.1925
2017,Pacific Lutheran,200,200,1.0
2017,Lake Erie,200,0,0.0
2017,Chaminade,600,463,0.7716666666666666
2017,Northland,200,149,0.745
2017,Limestone,200,95,0.475
2017,Clarks Summit,400,29,0.0725
2017,Hood College,200,73,0.365
2017,Warren Wilson,600,393,0.655
2017,Rocky Mountain,200,0,0.0
2017,FDU Florham,200,165,0.825
2017,Coe,200,55,0.275
2017,Berea,200,51,0.255
2017,George Fox,200,182,0.91
2017,Northwest Nazarene,400,137,0.3425
2017,Arkansas-Fort Smith,200,124,0.62
2017,Ohio Dominican,200,170,0.85
2017,Oak Hills Christian,200,0,0.0
2017,Mayville State,200,49,0.245
2017,Bridgewater College (VA),400,285,0.7125
2017,CS Dominguez Hills,200,86,0.43
2017,Milwaukee School Of Engineering,200,0,0.0
2017,Greensboro College,400,270,0.675
2017,Florida Memorial,400,307,0.7675
2017,Truman State,200,86,0.43
2017,E. New Mexico,200,0,0.0
2017,LSU Shreveport,800,389,0.48625
2017,Anderson (SC),200,0,0.0
2017,Coker,400,233,0.5825
2017,Antelope Valley,600,482,0.8033333333333333
2017,Trevecca Nazarene,200,65,0.325
2017,Mount Saint Vincent,200,88,0.44
2017,Indiana University Northwest,200,104,0.52
2017,Lebanon Valley,200,0,0.0
2017,Wilmington (DE),200,0,0.0
2017,Notre Dame College (OH),200,0,0.0
2017,Southern Nazarene,200,0,0.0
2017,Illinois-Springfield,400,192,0.48
2017,San Diego Christian,600,85,0.14166666666666666
2017,Rochester University (MI),200,181,0.905
2017,Missouri S&T,200,0,0.0
2017,Allen University,800,488,0.61
2017,Methodist,200,144,0.72
2017,Union (NY),200,0,0.0
2017,Central Baptist College,400,186,0.465
2017,Huston-Tillotson,400,91,0.2275
2017,St. Mary's (TX),200,0,0.0
2017,Lees-McRae,200,132,0.66
2017,Oklahoma Baptist,200,0,0.0
2017,Western New England,200,0,0.0
2017,Mars Hill,602,304,0.5049833887043189
2017,Wabash College,200,0,0.0
2017,West Coast Baptist,400,0,0.0
2017,Cal State East Bay,400,334,0.835
2017,Holy Names University,400,284,0.71
2017,Master's University,200,101,0.505
2017,Cal State LA,200,38,0.19
2017,Williams Baptist,200,146,0.73
2017,Mount St. Joseph,200,159,0.795
2017,Goucher,200,92,0.46
2017,Florida College,825,599,0.7260606060606061
2017,Salve Regina,200,32,0.16
2017,Cumberland (TN),200,114,0.57
2017,Shenandoah,400,180,0.45
2017,Texas A&M-International,200,5,0.025
2017,Phoenix,400,91,0.2275
2017,Oberlin,200,0,0.0
2017,Presentation College,400,0,0.0
2017,Chowan,225,175,0.7777777777777778
2017,Minnesota Morris,200,184,0.92
2017,Millersville,200,0,0.0
2017,Roosevelt,600,402,0.67
2017,Palm Beach Atlantic,200,68,0.34
2017,Moravian,200,0,0.0
2017,Indiana-Kokomo,400,198,0.495
2017,Caltech,200,0,0.0
2017,Point,200,0,0.0
2017,Tougaloo,450,85,0.18888888888888888
2017,North Georgia,200,0,0.0
2017,Lander,200,0,0.0
2017,Belmont Abbey,200,105,0.525
2017,Adrian,400,0,0.0
2017,Salem University,200,0,0.0
2017,Fort Hays State,200,0,0.0
2017,McKendree,200,55,0.275
2017,William Jewell,200,199,0.995
2017,Georgia Southwestern,200,0,0.0
2017,Olivet,400,0,0.0
2017,Simpson College (IA),200,170,0.85
2017,Olivet Nazarene,200,61,0.305
2017,Hiram,200,0,0.0
2017,Arkansas-Monticello,200,28,0.14
2017,New York Institute Of Technology,200,26,0.13
2017,Urbana,600,264,0.44
2017,East Central (OK),200,152,0.76
2017,Missouri-St. Louis,200,0,0.0
2017,Johnson & Wales (CO),200,177,0.885
2017,Thomas (GA),800,519,0.64875
2017,Sewanee,200,0,0.0
2017,Alaska Anchorage,600,446,0.7433333333333333
2017,St. Edward's,400,316,0.79
2017,Hiwassee,800,422,0.5275
2017,Southeastern Oklahoma State,200,93,0.465
2017,Buena Vista,200,0,0.0
2017,University of The Ozarks,200,0,0.0
2017,Miles,400,255,0.6375
2017,Western State Colorado University,200,114,0.57
2017,Fontbonne,400,0,0.0
2017,Central Washington,200,0,0.0
2017,McGill,200,0,0.0
2017,Wheelock College,200,172,0.86
2017,University of Mary,200,0,0.0
2017,Staten Island,200,121,0.605
2017,Henderson State,200,112,0.56
2017,Panhandle St (OK),400,0,0.0
2017,Great Falls,400,173,0.4325
2017,Rowan,200,119,0.595
2017,McPherson,200,0,0.0
2017,Marygrove,600,333,0.555
2017,Claflin,200,0,0.0
2017,Pomona Pitzer,400,0,0.0
2017,Kenyon,200,151,0.755
2017,Concordia Oregon,200,130,0.65
2017,Wayne State (NE),200,191,0.955
2017,Fort Lewis,200,173,0.865
2017,Selma,400,30,0.075
2017,Madonna,200,165,0.825
2017,Medaille College,200,0,0.0
2017,Ferris State,200,79,0.395
2017,Messiah,200,0,0.0
2017,St. Josephs (IND),200,132,0.66
2017,Missouri Western,200,0,0.0
2017,Austin,200,182,0.91
2017,New Hope Christian College,200,83,0.415
2017,Daniel Webster College,200,96,0.48
2017,Cabrini,200,0,0.0
2017,Grace,200,0,0.0
2017,Marian (IN),200,136,0.68
2017,Ottawa (KS),200,0,0.0
2018,Abilene Christian,6450,5383,0.8345736434108527
2018,Air Force,6225,5635,0.9052208835341365
2018,Akron,6475,2499,0.38594594594594595
2018,Alabama A&M,6225,3177,0.5103614457831326
2018,Alabama,7164,3635,0.5073981016192072
2018,Alabama State,6225,3124,0.5018473895582329
2018,Alcorn State,6425,4795,0.7463035019455253
2018,American University,6025,2532,0.42024896265560163
2018,App State,6700,4705,0.7022388059701492
2018,Arizona State,6452,4949,0.7670489770613763
2018,Arizona,6900,4662,0.6756521739130434
2018,Arkansas,7075,5624,0.7949116607773852
2018,Arkansas State,6450,3529,0.5471317829457364
2018,Arkansas-Pine Bluff,7050,3807,0.54
2018,Army,6025,4430,0.7352697095435685
2018,Auburn,6600,4810,0.7287878787878788
2018,Austin Peay,6850,3150,0.45985401459854014
2018,BYU,7075,5467,0.7727208480565371
2018,Ball State,6475,5534,0.8546718146718146
2018,Baylor,6675,6018,0.9015730337078651
2018,Belmont,6600,6515,0.9871212121212121
2018,Bethune-Cookman,6450,2470,0.3829457364341085
2018,Binghamton,6225,6081,0.9768674698795181
2018,Boise State,5900,4161,0.7052542372881356
2018,Boston College,7075,5171,0.7308833922261484
2018,Boston University,6201,4170,0.6724721819061442
2018,Bowling Green,6521,4902,0.7517251955221592
2018,Bradley,6599,5499,0.8333080769813608
2018,Brown,5500,2824,0.5134545454545455
2018,Bryant,6225,5717,0.9183935742971887
2018,Bucknell,7100,6041,0.8508450704225352
2018,Buffalo,7275,3982,0.5473539518900343
2018,Butler,7150,6083,0.8507692307692307
2018,Cal Poly,6350,5414,0.8525984251968504
2018,Cal State Bakersfield,6000,4045,0.6741666666666667
2018,Cal State Fullerton,6450,5753,0.891937984496124
2018,Cal State Northridge,6075,3871,0.637201646090535
2018,California,6225,3262,0.5240160642570281
2018,Campbell,6850,6069,0.885985401459854
2018,Canisius,6625,4352,0.6569056603773585
2018,Central Arkansas,7125,4785,0.671578947368421
2018,Central Connecticut,6525,3957,0.6064367816091955
2018,Central Michigan,7325,5365,0.7324232081911263
2018,Charleston,6926,6844,0.9881605544325729
2018,Charleston Southern,6300,3285,0.5214285714285715
2018,Charlotte,5825,3855,0.6618025751072961
2018,Chattanooga,6725,4978,0.7402230483271376
2018,Chicago State,6400,3610,0.5640625
2018,Cincinnati,7000,6069,0.867
2018,Clemson,6650,5441,0.8181954887218045
2018,Cleveland State,7050,4806,0.6817021276595745
2018,Coastal Carolina,6450,3938,0.6105426356589148
2018,Colgate,6600,5378,0.8148484848484848
2018,Colorado,6475,3905,0.6030888030888031
2018,Colorado State,6475,4810,0.7428571428571429
2018,Columbia,5450,4298,0.7886238532110091
2018,Coppin State,6525,1173,0.17977011494252873
2018,Cornell,5750,3652,0.6351304347826087
2018,Creighton,6650,5011,0.7535338345864662
2018,Dartmouth,5425,3981,0.7338248847926268
2018,Davidson,6675,5304,0.7946067415730337
2018,Dayton,6300,4117,0.6534920634920635
2018,DePaul,6225,4453,0.7153413654618473
2018,Delaware,6650,4700,0.706766917293233
2018,Delaware State,6500,3109,0.4783076923076923
2018,Denver,6100,5506,0.9026229508196721
2018,Detroit Mercy,6427,4403,0.6850785747627198
2018,Drake,6950,6180,0.8892086330935252
2018,Drexel,6700,5284,0.7886567164179105
2018,Duke,7250,2353,0.32455172413793104
2018,Duquesne,6351,4177,0.6576917020941584
2018,East Carolina,6075,4224,0.6953086419753086
2018,East Tennessee State,6601,4346,0.6583850931677019
2018,Eastern Illinois,6225,4200,0.6746987951807228
2018,Eastern Kentucky,6225,4112,0.6605622489959839
2018,Eastern Michigan,7075,5556,0.7853003533568904
2018,Eastern Washington,7050,4009,0.5686524822695036
2018,Elon,6600,6259,0.9483333333333334
2018,Evansville,6425,3950,0.6147859922178989
2018,Fairfield,6725,3537,0.5259479553903346
2018,Fairleigh Dickinson,6200,3769,0.6079032258064516
2018,Florida A&M,6925,5178,0.747725631768953
2018,Florida Atlantic,6225,4367,0.7015261044176707
2018,Florida,6876,5081,0.7389470622454916
2018,Florida Gulf Coast,7000,5232,0.7474285714285714
2018,Florida International,6550,3336,0.5093129770992366
2018,Florida State,7100,6016,0.8473239436619718
2018,Fordham,6250,5023,0.80368
2018,Fresno State,6475,5416,0.8364478764478764
2018,Furman,6425,5940,0.9245136186770428
2018,Gardner-Webb,6500,5900,0.9076923076923077
2018,George Mason,6725,4454,0.6623048327137546
2018,George Washington,6400,4079,0.63734375
2018,Georgetown,6175,4131,0.6689878542510121
2018,Georgia,6700,5074,0.7573134328358209
2018,Georgia Southern,6625,6302,0.9512452830188679
2018,Georgia State,7075,6555,0.9265017667844523
2018,Georgia Tech,6425,3666,0.5705836575875486
2018,Gonzaga,7500,6697,0.8929333333333334
2018,Grambling,6250,3004,0.48064
2018,Grand Canyon,6849,4445,0.6489998539932836
2018,Green Bay,6650,2855,0.4293233082706767
2018,Hampton,6850,5239,0.7648175182481752
2018,Harvard,6525,5463,0.8372413793103448
2018,Hawai'i,6075,5679,0.9348148148148148
2018,High Point,6025,4795,0.795850622406639
2018,Hofstra,6225,4511,0.7246586345381526
2018,Holy Cross,6250,0,0.0
2018,Houston Christian,6249,2507,0.40118418947031526
2018,Houston,7000,4265,0.6092857142857143
2018,Howard,6725,3627,0.5393308550185874
2018,IU Indianapolis,6025,4944,0.8205809128630706
2018,Idaho State,5999,4402,0.7337889648274712
2018,Idaho,6225,6036,0.9696385542168675
2018,Illinois,6475,3407,0.5261776061776062
2018,Illinois State,6350,4692,0.7388976377952756
2018,Incarnate Word,5600,3252,0.5807142857142857
2018,Indiana,6275,5185,0.8262948207171315
2018,Indiana State,6375,3952,0.619921568627451
2018,Iona,6925,4200,0.6064981949458483
2018,Iowa,6650,5365,0.8067669172932331
2018,Iowa State,6050,3382,0.5590082644628099
2018,Jackson State,6475,4362,0.6736679536679536
2018,Jacksonville,6501,4228,0.6503614828487925
2018,Jacksonville State,7250,4008,0.5528275862068965
2018,James Madison,6550,2756,0.420763358778626
2018,Kansas City,6425,4371,0.6803112840466926
2018,Kansas,7625,6624,0.8687213114754099
2018,Kansas State,7425,5541,0.7462626262626263
2018,Kennesaw State,6025,5393,0.895103734439834
2018,Kent State,6850,5992,0.8747445255474453
2018,Kentucky,6825,2103,0.30813186813186816
2018,LSU,6225,3526,0.5664257028112449
2018,La Salle,6575,5929,0.9017490494296578
2018,Lafayette,6225,3811,0.6122088353413655
2018,Lamar,6700,6211,0.9270149253731343
2018,Lehigh,6150,4178,0.6793495934959349
2018,Liberty,7550,5706,0.7557615894039735
2018,Lipscomb,6700,6072,0.9062686567164179
2018,Little Rock,6500,2645,0.40692307692307694
2018,Long Beach State,6650,3171,0.4768421052631579
2018,Long Island University,5826,4415,0.7578098180569859
2018,Longwood,6600,4382,0.6639393939393939
2018,Louisiana,6825,6311,0.9246886446886446
2018,Louisiana Tech,6625,4763,0.7189433962264151
2018,Louisville,7300,6032,0.8263013698630137
2018,Loyola Chicago,7600,5731,0.7540789473684211
2018,Loyola Maryland,6275,4678,0.7454980079681275
2018,Loyola Marymount,6250,2778,0.44448
2018,Maine,6476,4331,0.6687770228536133
2018,Manhattan,6320,4731,0.7485759493670886
2018,Marist,6300,5234,0.8307936507936508
2018,Marquette,6675,4876,0.7304868913857678
2018,Marshall,7275,5455,0.7498281786941581
2018,Maryland Eastern Shore,6399,3729,0.5827473042662916
2018,Maryland,6426,4649,0.7234671646436353
2018,Massachusetts,6750,5431,0.8045925925925926
2018,McNeese,5650,4644,0.8219469026548673
2018,Memphis,6900,1788,0.2591304347826087
2018,Mercer,6900,6356,0.9211594202898551
2018,Miami (OH),6950,1982,0.28517985611510793
2018,Miami,6450,4872,0.7553488372093023
2018,Michigan State,6825,5783,0.8473260073260074
2018,Michigan,7875,6292,0.798984126984127
2018,Middle Tennessee,6650,4340,0.6526315789473685
2018,Milwaukee,6650,5736,0.8625563909774436
2018,Minnesota,6275,5258,0.8379282868525897
2018,Mississippi State,7450,6218,0.8346308724832214
2018,Mississippi Valley State,6500,1108,0.17046153846153847
2018,Missouri State,6625,5065,0.7645283018867924
2018,Missouri,6650,3768,0.5666165413533835
2018,Monmouth,6400,4483,0.70046875
2018,Montana,6900,5953,0.8627536231884058
2018,Montana State,6475,6052,0.9346718146718147
2018,Morehead State,5825,2598,0.4460085836909871
2018,Morgan State,6300,5226,0.8295238095238096
2018,Mount St. Mary's,6275,4128,0.6578486055776892
2018,Murray State,6400,3867,0.60421875
2018,NC State,6625,3561,0.5375094339622641
2018,NJIT,6050,3883,0.6418181818181818
2018,Navy,6425,5535,0.8614785992217899
2018,Nebraska,6625,5058,0.7634716981132076
2018,Nevada,7500,6642,0.8856
2018,New Hampshire,6200,4681,0.755
2018,New Mexico,6825,3081,0.4514285714285714
2018,New Mexico State,6825,4652,0.6816117216117216
2018,New Orleans,6626,3100,0.46785390884394806
2018,Niagara,6650,5871,0.8828571428571429
2018,Nicholls,6400,3542,0.5534375
2018,Norfolk State,6626,4583,0.6916691820102626
2018,North Carolina A&T,6850,3208,0.46832116788321165
2018,North Carolina Central,7025,1947,0.27715302491103205
2018,North Carolina,7425,5137,0.6918518518518518
2018,North Dakota,6525,5293,0.8111877394636016
2018,North Dakota State,6425,5489,0.8543190661478599
2018,North Florida,6625,3184,0.48060377358490564
2018,North Texas,7701,3415,0.4434489027399039
2018,Northeastern,6675,5967,0.8939325842696629
2018,Northern Arizona,6450,4264,0.6610852713178295
2018,Northern Colorado,7475,6232,0.8337123745819398
2018,Northern Illinois,6425,4076,0.6343968871595331
2018,Northern Iowa,6425,5145,0.8007782101167316
2018,Northern Kentucky,6400,5888,0.92
2018,Northwestern State,5800,2565,0.44224137931034485
2018,Northwestern,6250,5666,0.90656
2018,Notre Dame,6675,6378,0.9555056179775281
2018,Oakland,6650,5950,0.8947368421052632
2018,Ohio,6200,4219,0.680483870967742
2018,Ohio State,6875,4849,0.7053090909090909
2018,Oklahoma,6475,4378,0.6761389961389961
2018,Oklahoma State,6852,5513,0.8045826036193812
2018,Old Dominion,6450,6253,0.9694573643410853
2018,Ole Miss,6500,4169,0.6413846153846153
2018,Omaha,6301,4808,0.7630534835740359
2018,Oral Roberts,6550,3867,0.590381679389313
2018,Oregon,7300,2568,0.35178082191780824
2018,Oregon State,6500,4354,0.6698461538461539
2018,Pacific,6450,3267,0.5065116279069768
2018,Penn State,7650,6873,0.8984313725490196
2018,Pennsylvania,6772,6525,0.963526284701713
2018,Pepperdine,6450,2735,0.42403100775193797
2018,Pittsburgh,6250,834,0.13344
2018,Portland,6450,3100,0.4806201550387597
2018,Portland State,6875,3754,0.5460363636363637
2018,Prairie View A&M,6850,3347,0.4886131386861314
2018,Presbyterian,6422,4797,0.7469635627530364
2018,Princeton,6000,4629,0.7715
2018,Providence,6525,5717,0.8761685823754789
2018,Purdue,7425,6931,0.9334680134680134
2018,Purdue Fort Wayne,6625,5702,0.8606792452830189
2018,Quinnipiac,6775,3695,0.5453874538745388
2018,Radford,7323,6283,0.857981701488461
2018,Rhode Island,6850,6148,0.8975182481751824
2018,Rice,6250,4124,0.65984
2018,Richmond,6475,4861,0.7507335907335907
2018,Rider,6225,5649,0.9074698795180723
2018,Robert Morris,6625,2434,0.36739622641509434
2018,Rutgers,6875,5189,0.7547636363636364
2018,SE Louisiana,6800,6382,0.9385294117647058
2018,SIU Edwardsville,6000,3987,0.6645
2018,SMU,6600,3601,0.5456060606060606
2018,Sacramento State,6425,3831,0.5962645914396887
2018,Sacred Heart,6225,5374,0.863293172690763
2018,Saint Joseph's,6448,4976,0.771712158808933
2018,Saint Louis,6225,4277,0.6870682730923695
2018,Saint Mary's,7275,6791,0.9334707903780068
2018,Saint Peter's,6550,5456,0.8329770992366412
2018,Sam Houston,7225,5555,0.7688581314878893
2018,Samford,6400,5627,0.87921875
2018,San Diego State,6600,4936,0.7478787878787879
2018,San Diego,6850,6430,0.9386861313868613
2018,San Francisco,7850,6061,0.7721019108280255
2018,San José State,6050,4650,0.768595041322314
2018,Santa Clara,6225,3673,0.5900401606425703
2018,Seattle U,6875,3550,0.5163636363636364
2018,Seton Hall,6850,5737,0.8375182481751825
2018,Siena,6624,4049,0.611262077294686
2018,South Alabama,6425,4507,0.7014785992217899
2018,South Carolina,6450,2900,0.4496124031007752
2018,South Carolina State,6450,3940,0.6108527131782946
2018,South Carolina Upstate,6449,5525,0.8567219723988215
2018,South Dakota,7000,6336,0.9051428571428571
2018,South Dakota State,7075,5376,0.7598586572438163
2018,South Florida,6425,1776,0.276420233463035
2018,Southeast Missouri State,6250,4101,0.65616
2018,Southern Illinois,6700,5606,0.8367164179104477
2018,Southern,6650,3472,0.5221052631578947
2018,Southern Miss,6850,6489,0.9472992700729927
2018,Southern Utah,6450,3473,0.5384496124031007
2018,St. Bonaventure,6900,6402,0.9278260869565217
2018,St. Francis (PA),6300,5689,0.903015873015873
2018,St. John's,6725,6166,0.9168773234200743
2018,Stanford,7050,3989,0.5658156028368795
2018,Stephen F. Austin,7000,5611,0.8015714285714286
2018,Stetson,6450,4579,0.7099224806201551
2018,Stony Brook,6250,4329,0.69264
2018,Syracuse,7500,4483,0.5977333333333333
2018,TCU,6725,5918,0.88
2018,Temple,6250,5107,0.81712
2018,Tennessee State,6100,4664,0.7645901639344262
2018,Tennessee Tech,6625,5153,0.7778113207547169
2018,Tennessee,7050,5713,0.810354609929078
2018,Texas A&M,6400,4483,0.70046875
2018,Texas A&M-Corpus Christi,5850,4030,0.6888888888888889
2018,Texas,7050,3781,0.5363120567375886
2018,Texas Southern,7050,3596,0.5100709219858156
2018,Texas State,6650,4241,0.6377443609022556
2018,Texas Tech,7250,4581,0.6318620689655172
2018,The Citadel,6451,4433,0.687180282126802
2018,Toledo,6801,5039,0.7409204528745773
2018,Towson,6500,6330,0.9738461538461538
2018,Troy,6450,5807,0.9003100775193799
2018,Tulane,6250,5476,0.87616
2018,Tulsa,6275,5113,0.8148207171314741
2018,UAB,6650,4505,0.6774436090225564
2018,UAlbany,6400,5411,0.84546875
2018,UC Davis,6600,5153,0.7807575757575758
2018,UC Irvine,7050,6889,0.9771631205673759
2018,UC Riverside,6225,5615,0.9020080321285141
2018,UC Santa Barbara,6425,4286,0.6670817120622569
2018,UCF,6425,6149,0.9570428015564202
2018,UCLA,6750,4552,0.6743703703703704
2018,UConn,6500,3632,0.5587692307692308
2018,UIC,7225,6530,0.9038062283737024
2018,UL Monroe,6450,5032,0.78015503875969
2018,UMBC,7000,5818,0.8311428571428572
2018,UMass Lowell,6025,4997,0.8293775933609958
2018,UNC Asheville,6926,6693,0.9663586485706035
2018,UNC Greensboro,7150,6580,0.9202797202797203
2018,UNC Wilmington,6525,4878,0.7475862068965518
2018,UNLV,6725,3134,0.46602230483271373
2018,USC,7300,6667,0.9132876712328767
2018,UT Arlington,6825,5583,0.8180219780219781
2018,UT Martin,6275,2693,0.4291633466135458
2018,UT Rio Grande Valley,6649,4586,0.6897277786133253
2018,UTEP,6000,3617,0.6028333333333333
2018,UTSA,7025,4128,0.5876156583629893
2018,Utah State,6825,5239,0.7676190476190476
2018,Utah,7050,4850,0.6879432624113475
2018,Utah Valley,6625,4053,0.6117735849056604
2018,VCU,6475,4127,0.6373745173745173
2018,VMI,6000,3707,0.6178333333333333
2018,Valparaiso,6400,4996,0.780625
2018,Vanderbilt,6450,4974,0.7711627906976745
2018,Vermont,7000,6439,0.9198571428571428
2018,Villanova,8075,6994,0.8661300309597523
2018,Virginia,6825,6190,0.906959706959707
2018,Virginia Tech,6275,4954,0.7894820717131474
2018,Wagner,6625,5446,0.8220377358490566
2018,Wake Forest,6200,4414,0.7119354838709677
2018,Washington,6475,4395,0.6787644787644788
2018,Washington State,6250,4312,0.68992
2018,Weber State,6275,4617,0.7357768924302789
2018,West Virginia,7225,5997,0.8300346020761246
2018,Western Carolina,6400,4185,0.65390625
2018,Western Illinois,5675,3971,0.6997356828193833
2018,Western Kentucky,7625,2440,0.32
2018,Western Michigan,6425,6085,0.9470817120622568
2018,Wichita State,6250,5945,0.9512
2018,William & Mary,6275,5832,0.929402390438247
2018,Winthrop,6200,4403,0.7101612903225807
2018,Wisconsin,6425,4701,0.7316731517509728
2018,Wofford,6800,5162,0.7591176470588236
2018,Wright State,7050,5515,0.7822695035460993
2018,Wyoming,6825,6210,0.9098901098901099
2018,Xavier,6875,4925,0.7163636363636363
2018,Yale,6250,4635,0.7416
2018,Youngstown State,6450,3244,0.5029457364341086
2018,Hartford,6642,5670,0.8536585365853658
2018,St. Francis Brooklyn,6300,3587,0.5693650793650794
2018,Centenary (LA),400,279,0.6975
2018,Savannah State,6275,4286,0.6830278884462151
2018,Oglethorpe,200,170,0.85
2018,Erskine,200,29,0.145
2018,Washington College (MD),400,235,0.5875
2018,Georgian Court,200,0,0.0
2018,Piedmont,400,344,0.86
2018,Alice Lloyd College,200,54,0.27
2018,Morris College,200,0,0.0
2018,Defiance,200,0,0.0
2018,Hannibal-LaGrange,200,108,0.54
2018,Mid-Atlantic Christian,600,49,0.08166666666666667
2018,Columbia International,400,229,0.5725
2018,Frostburg State,200,167,0.835
2018,NC Wesleyan,800,694,0.8675
2018,Trinity Baptist,800,403,0.50375
2018,William Peace,200,166,0.83
2018,Vermont State - Lyndon,200,121,0.605
2018,Lakeland,200,0,0.0
2018,Lynchburg,200,0,0.0
2018,Mississippi College,200,111,0.555
2018,Bob Jones,400,170,0.425
2018,Dallas Christian,200,133,0.665
2018,Louisiana Christian,600,345,0.575
2018,Bethel (TN),200,64,0.32
2018,Jamestown,200,0,0.0
2018,St. Francis (IL),400,230,0.575
2018,Trinity (TX),200,0,0.0
2018,Avila,400,0,0.0
2018,Dubuque,200,62,0.31
2018,Fisk,800,463,0.57875
2018,Western New Mexico,200,0,0.0
2018,Howard Payne,600,335,0.5583333333333333
2018,William Carey,200,42,0.21
2018,Southern-New Orleans,800,255,0.31875
2018,New Mexico Highlands,200,0,0.0
2018,Hawai'i Hilo,200,59,0.295
2018,Concordia-St. Paul,600,0,0.0
2018,Jessup University,400,296,0.74
2018,Life Pacific,800,351,0.43875
2018,San Francisco State,200,118,0.59
2018,La Verne,200,106,0.53
2018,Chapman,200,70,0.35
2018,Westminster (PA),200,0,0.0
2018,Toccoa Falls,1400,487,0.34785714285714286
2018,Maine-Fort Kent,200,25,0.125
2018,Ohio Christian,200,96,0.48
2018,Boyce,200,57,0.285
2018,Massachusetts-Boston,200,0,0.0
2018,St. Andrews,400,124,0.31
2018,Kentucky Christian,400,247,0.6175
2018,Bethesda University,800,321,0.40125
2018,SUNY-Oneonta,200,135,0.675
2018,Eureka,600,560,0.9333333333333333
2018,UT Dallas,200,125,0.625
2018,Wayland Baptist,200,89,0.445
2018,Siena Heights,600,454,0.7566666666666667
2018,Southwestern (TX),200,0,0.0
2018,Coastal Georgia,200,127,0.635
2018,McMurry,400,70,0.175
2018,Concordia-Ann Arbor,200,37,0.185
2018,Brescia,200,163,0.815
2018,Bluefield University,200,52,0.26
2018,Mount Marty College,200,0,0.0
2018,Valley Forge,200,190,0.95
2018,Christendom,200,0,0.0
2018,Mercy,200,0,0.0
2018,Carolina University,200,45,0.225
2018,LeTourneau,400,332,0.83
2018,Loyola New Orleans,400,242,0.605
2018,Emerson,200,168,0.84
2018,Tusculum,200,59,0.295
2018,Randall University,400,297,0.7425
2018,North Greenville,400,178,0.445
2018,Florida National,800,210,0.2625
2018,Ecclesia,600,309,0.515
2018,John Jay College,200,105,0.525
2018,Texas College,200,69,0.345
2018,Saint Mary's (MN),200,74,0.37
2018,Rockford,400,0,0.0
2018,Central State (OH),200,95,0.475
2018,Haskell,200,28,0.14
2018,Trinity Christian (IL),400,225,0.5625
2018,Calvary,200,0,0.0
2018,Spring Hill,400,359,0.8975
2018,East-West University,200,57,0.285
2018,Southern Wesleyan,400,174,0.435
2018,Mitchell College,200,150,0.75
2018,Johnson University (TN),200,46,0.23
2018,Edward Waters,600,320,0.5333333333333333
2018,Kentucky State,200,68,0.34
2018,Ferrum,200,123,0.615
2018,Florida Tech,200,182,0.91
2018,Rogers State,200,91,0.455
2018,Midway University,600,0,0.0
2018,SUNY-Maritime,200,0,0.0
2018,Texas Lutheran,400,215,0.5375
2018,Northern New Mexico,600,279,0.465
2018,Central Penn,1200,823,0.6858333333333333
2018,Elizabeth City State,200,65,0.325
2018,Bethany (WV),200,0,0.0
2018,Our Lady Of The Lake,400,149,0.3725
2018,Pittsburgh-Bradford,200,24,0.12
2018,Brevard,400,252,0.63
2018,Arlington Baptist,600,539,0.8983333333333333
2018,Montreat,400,158,0.395
2018,Sarah Lawrence,200,97,0.485
2018,Cairn University,200,124,0.62
2018,Harris-Stowe State,200,27,0.135
2018,Ouachita Baptist,200,83,0.415
2018,Montana Tech,200,102,0.51
2018,Bryn Athyn,200,140,0.7
2018,Middle Georgia State,400,109,0.2725
2018,Hardin-Simmons,200,0,0.0
2018,Walla Walla,400,265,0.6625
2018,Shawnee State,200,0,0.0
2018,St. Thomas (TX),600,0,0.0
2018,Whittier,400,0,0.0
2018,Willamette,200,184,0.92
2018,Tennessee Wesleyan,600,319,0.5316666666666666
2018,Milligan,600,492,0.82
2018,Schreiner,400,178,0.445
2018,Franciscan University,400,0,0.0
2018,Brewton-Parker,200,56,0.28
2018,Kentucky Wesleyan,200,0,0.0
2018,Rust,625,82,0.1312
2018,Webber International,800,162,0.2025
2018,Johnson & Wales (RI),200,95,0.475
2018,Asbury,400,287,0.7175
2018,Mobile,400,149,0.3725
2018,Benedictine (AZ),200,138,0.69
2018,Eastern Oregon,400,0,0.0
2018,Anderson (IN),200,26,0.13
2018,Kean,400,211,0.5275
2018,Linfield College,200,61,0.305
2018,Johnson University Florida,200,108,0.54
2018,Washington and Lee,200,0,0.0
2018,Carroll (MT),200,172,0.86
2018,Millsaps,400,159,0.3975
2018,Jarvis Christian,400,196,0.49
2018,Lourdes University,200,14,0.07
2018,Doane,200,70,0.35
2018,Blue Mountain,800,365,0.45625
2018,Sonoma State,200,140,0.7
2018,Oakland City,600,488,0.8133333333333334
2018,UC Merced,200,147,0.735
2018,Maine-Presque Isle,200,92,0.46
2018,Goldey-Beacom,200,99,0.495
2018,Penn State (Brandywine),200,0,0.0
2018,Curry College,200,0,0.0
2018,Molloy,400,344,0.86
2018,North Park,200,0,0.0
2018,Ave Maria,400,92,0.23
2018,St. Mary's (MD),200,135,0.675
2018,UT Tyler,400,45,0.1125
2018,Lyon,200,20,0.1
2018,Johnson & Wales (NC),800,431,0.53875
2018,Tiffin,200,88,0.44
2018,Reinhardt,400,169,0.4225
2018,Pacific Union,200,120,0.6
2018,Valley City,200,95,0.475
2018,Pacific Lutheran,200,110,0.55
2018,Lake Erie,225,194,0.8622222222222222
2018,Chaminade,200,90,0.45
2018,Northland,398,318,0.7989949748743719
2018,Limestone,200,144,0.72
2018,Clarks Summit,200,109,0.545
2018,Missouri Baptist,200,0,0.0
2018,Albany St (GA),200,25,0.125
2018,Warren Wilson,400,292,0.73
2018,FDU Florham,200,146,0.73
2018,Coe,200,183,0.915
2018,Berea,200,60,0.3
2018,LeMoyne-Owen,200,0,0.0
2018,George Fox,200,124,0.62
2018,Northwest Nazarene,200,135,0.675
2018,Arkansas-Fort Smith,400,198,0.495
2018,Oak Hills Christian,200,73,0.365
2018,Portland Bible,200,0,0.0
2018,Mayville State,400,190,0.475
2018,Bridgewater College (VA),400,57,0.1425
2018,Adams State,200,25,0.125
2018,Wiley,200,49,0.245
2018,Greensboro College,400,233,0.5825
2018,Florida Memorial,400,184,0.46
2018,E. New Mexico,200,103,0.515
2018,Northwood (MI),200,0,0.0
2018,LSU Shreveport,200,33,0.165
2018,Arcadia,200,0,0.0
2018,Antelope Valley,400,181,0.4525
2018,Trevecca Nazarene,200,86,0.43
2018,Notre Dame College (OH),200,119,0.595
2018,Southern Nazarene,200,171,0.855
2018,Illinois-Springfield,200,143,0.715
2018,UW-Parkside,400,0,0.0
2018,Wartburg,200,0,0.0
2018,San Diego Christian,1000,615,0.615
2018,Rochester University (MI),200,187,0.935
2018,Missouri S&T,200,0,0.0
2018,Puget Sound,200,0,0.0
2018,Allen University,400,96,0.24
2018,Methodist,400,279,0.6975
2018,Cincinnati Clermont,200,0,0.0
2018,Dakota State,200,0,0.0
2018,St. Mary's (TX),200,134,0.67
2018,Lees-McRae,200,125,0.625
2018,Indianapolis,200,0,0.0
2018,Carver College,600,0,0.0
2018,Ottawa (AZ),200,0,0.0
2018,Mars Hill,201,102,0.5074626865671642
2018,Multnomah University,200,49,0.245
2018,Paine,200,27,0.135
2018,Simon Fraser,200,0,0.0
2018,West Coast Baptist,200,84,0.42
2018,Montana-Western,200,8,0.04
2018,Lincoln (PA),200,0,0.0
2018,Saint Martin's,200,46,0.23
2018,Peru State,200,0,0.0
2018,Holy Names University,400,179,0.4475
2018,Northwestern Ohio,200,0,0.0
2018,Concord,400,0,0.0
2018,Cal State LA,200,78,0.39
2018,Williams Baptist,200,112,0.56
2018,Goucher,200,63,0.315
2018,Florida College,400,238,0.595
2018,Centenary (NJ),200,0,0.0
2018,Shenandoah,400,259,0.6475
2018,Texas A&M-International,200,86,0.43
2018,Ohio Valley,400,29,0.0725
2018,Gordon College,200,0,0.0
2018,Culver-Stockton,400,0,0.0
2018,Barclay College,200,0,0.0
2018,Presentation College,600,54,0.09
2018,MIT,200,97,0.485
2018,Hartwick,200,59,0.295
2018,Cal Lutheran,400,0,0.0
2018,Indiana-Kokomo,400,156,0.39
2018,Quincy,200,49,0.245
2018,Eastern University (PA),200,0,0.0
2018,Elmira,200,0,0.0
2018,Evangel,200,0,0.0
2018,Point,400,73,0.1825
2018,Tougaloo,200,116,0.58
2018,Michigan-Dearborn,400,253,0.6325
2018,North Georgia,200,143,0.715
2018,East Texas Baptist,200,0,0.0
2018,Lewis,200,0,0.0
2018,William Jewell,200,93,0.465
2018,Emporia St,200,26,0.13
2018,Georgia Southwestern,200,0,0.0
2018,Olivet,200,29,0.145
2018,Washington Adventist,200,0,0.0
2018,Whitworth,200,0,0.0
2018,Cornell College (IA),200,0,0.0
2018,Bluefield State,400,0,0.0
2018,UC Santa Cruz,200,0,0.0
2018,Notre Dame de Namur,400,44,0.11
2018,Wesley,200,0,0.0
2018,Ohio Northern,200,0,0.0
2018,East Central (OK),400,222,0.555
2018,Missouri-St. Louis,200,65,0.325
2018,Rio Grande,200,118,0.59
2018,Bethany (KS),200,0,0.0
2018,Johnson & Wales (CO),400,315,0.7875
2018,Thomas (GA),200,139,0.695
2018,Wilmington (OH),200,0,0.0
2018,College Of New Rochelle,400,0,0.0
2018,City College NY,200,0,0.0
2018,Saint Leo,200,0,0.0
2018,Bemidji State,200,0,0.0
2018,Alaska Anchorage,625,95,0.152
2018,St. Edward's,400,232,0.58
2018,Hiwassee,800,661,0.82625
2018,Southeastern,200,0,0.0
2018,University of The Ozarks,400,159,0.3975
2018,Miles,200,91,0.455
2018,Concordia-Nebraska,200,0,0.0
2018,Western State Colorado University,400,247,0.6175
2018,Fontbonne,200,105,0.525
2018,Maine-Machias,200,0,0.0
2018,Fayetteville St,200,0,0.0
2018,Spring Arbor,200,0,0.0
2018,Wheelock College,200,88,0.44
2018,Emory,200,0,0.0
2018,Wisconsin-Lacrosse,200,0,0.0
2018,University of Mary,200,109,0.545
2018,Wentworth Institute Of Technology,200,104,0.52
2018,Embry-Riddle (AZ),200,0,0.0
2018,Rockhurst,200,68,0.34
2018,Silver Lake,200,23,0.115
2018,Oregon Tech,200,44,0.22
2018,Staten Island,200,119,0.595
2018,York College Pa,200,0,0.0
2018,Augustana (IL),200,0,0.0
2018,Concordia College (AL),200,0,0.0
2018,Black Hills State,200,69,0.345
2018,Wheaton (MA),200,0,0.0
2018,Henderson State,200,116,0.58
2018,Panhandle St (OK),400,163,0.4075
2018,Catholic,200,54,0.27
2018,Susquehanna,200,59,0.295
2018,CS Monterey Bay,200,101,0.505
2018,Great Falls,200,112,0.56
2018,Colorado Mesa,200,0,0.0
2018,Lawrence Tech,200,0,0.0
2018,Lincoln Christian,200,0,0.0
2018,Nebraska Christian,200,0,0.0
2018,Rowan,200,92,0.46
2019,Abilene Christian,6850,5687,0.8302189781021898
2019,Air Force,6499,5547,0.8535159255270042
2019,Akron,6423,4435,0.6904873112252842
2019,Alabama A&M,6475,4034,0.623011583011583
2019,Alabama,6824,5747,0.8421746776084408
2019,Alabama State,6058,4291,0.7083195774182899
2019,Alcorn State,6224,4533,0.7283097686375322
2019,American University,6016,5188,0.8623670212765957
2019,App State,6450,5678,0.8803100775193798
2019,Arizona State,6900,5222,0.7568115942028986
2019,Arizona,6450,3650,0.5658914728682171
2019,Arkansas,6850,3125,0.4562043795620438
2019,Arkansas State,6550,5026,0.7673282442748092
2019,Arkansas-Pine Bluff,6500,4545,0.6992307692307692
2019,Army,6399,5504,0.8601343959993749
2019,Auburn,8075,7546,0.9344891640866873
2019,Austin Peay,6675,4567,0.6841947565543072
2019,BYU,6476,5388,0.8319950586781965
2019,Ball State,6700,6326,0.9441791044776119
2019,Baylor,6825,3466,0.5078388278388278
2019,Belmont,6450,6105,0.9465116279069767
2019,Bethune-Cookman,6250,3196,0.51136
2019,Binghamton,6600,3486,0.5281818181818182
2019,Boise State,6650,5610,0.843609022556391
2019,Boston College,6301,4229,0.671163307411522
2019,Boston University,6625,4588,0.6925283018867925
2019,Bowling Green,6850,5200,0.7591240875912408
2019,Bradley,7026,6443,0.917022487902078
2019,Brown,6450,5889,0.9130232558139535
2019,Bryant,5998,3037,0.5063354451483828
2019,Bucknell,6625,5898,0.8902641509433963
2019,Buffalo,7225,6504,0.9002076124567474
2019,Butler,6649,6029,0.9067528951722064
2019,Cal Poly,5925,3843,0.6486075949367088
2019,Cal State Bakersfield,6873,5567,0.8099810854066638
2019,Cal State Fullerton,6925,6373,0.9202888086642599
2019,Cal State Northridge,6875,3221,0.46850909090909093
2019,California Baptist,6298,0,0.0
2019,California,6225,3995,0.6417670682730924
2019,Campbell,6493,4833,0.7443400585245649
2019,Canisius,6475,5904,0.9118146718146718
2019,Central Arkansas,6648,5299,0.7970818291215404
2019,Central Connecticut,6300,3476,0.5517460317460318
2019,Central Michigan,7125,4037,0.5665964912280702
2019,Charleston,6650,5843,0.8786466165413533
2019,Charleston Southern,6850,4296,0.6271532846715329
2019,Charlotte,5801,3047,0.5252542665057749
2019,Chattanooga,6229,1898,0.3047038047840745
2019,Chicago State,6400,4522,0.7065625
2019,Cincinnati,7051,6468,0.9173166926677067
2019,Clemson,6800,5780,0.85
2019,Cleveland State,6249,3171,0.5074411905904945
2019,Coastal Carolina,6848,3953,0.577248831775701
2019,Colgate,7075,4825,0.6819787985865724
2019,Colorado,7224,5436,0.7524916943521595
2019,Colorado State,6421,3443,0.5362093131910918
2019,Columbia,5800,5001,0.8622413793103448
2019,Coppin State,6650,5162,0.7762406015037594
2019,Cornell,6299,6050,0.9604699158596602
2019,Creighton,7100,5302,0.7467605633802817
2019,Dartmouth,6050,5118,0.8459504132231405
2019,Davidson,6732,5657,0.8403149138443257
2019,Dayton,6674,5947,0.891069823194486
2019,DePaul,7250,5793,0.7990344827586207
2019,Delaware,6800,4488,0.66
2019,Delaware State,6199,3800,0.6130020971124375
2019,Denver,5992,3113,0.5195260347129506
2019,Detroit Mercy,6200,1754,0.2829032258064516
2019,Drake,6925,1841,0.26584837545126355
2019,Drexel,6400,3544,0.55375
2019,Duke,7625,2976,0.39029508196721313
2019,Duquesne,6475,4276,0.6603861003861003
2019,East Carolina,6274,4257,0.6785145043034747
2019,East Tennessee State,6726,3547,0.5273565269104966
2019,East Texas A&M,400,0,0.0
2019,Eastern Illinois,6548,1586,0.24221136224801465
2019,Eastern Kentucky,6325,3558,0.5625296442687747
2019,Eastern Michigan,6475,5291,0.8171428571428572
2019,Eastern Washington,6900,6422,0.9307246376811594
2019,Elon,6450,4357,0.6755038759689922
2019,Evansville,6475,4715,0.7281853281853282
2019,Fairfield,6200,3561,0.5743548387096774
2019,Fairleigh Dickinson,7100,6593,0.9285915492957747
2019,Florida A&M,6224,4184,0.6722365038560412
2019,Florida Atlantic,6675,2138,0.3202996254681648
2019,Florida,7275,4324,0.5943642611683849
2019,Florida Gulf Coast,6400,3460,0.540625
2019,Florida International,6800,4741,0.6972058823529412
2019,Florida State,7500,6540,0.872
2019,Fordham,6475,3356,0.5183011583011583
2019,Fresno State,6425,5862,0.9123735408560312
2019,Furman,6700,6122,0.9137313432835821
2019,Gardner-Webb,7150,5817,0.8135664335664335
2019,George Mason,6650,5603,0.8425563909774436
2019,George Washington,6500,5918,0.9104615384615384
2019,Georgetown,6773,4090,0.6038683006053448
2019,Georgia,6400,5628,0.879375
2019,Georgia Southern,6650,4485,0.674436090225564
2019,Georgia State,6800,6321,0.9295588235294118
2019,Georgia Tech,6425,3741,0.5822568093385214
2019,Gonzaga,7400,6367,0.8604054054054054
2019,Grambling,6650,5617,0.8446616541353383
2019,Grand Canyon,6850,3774,0.550948905109489
2019,Green Bay,7675,4924,0.6415635179153094
2019,Hampton,7150,6677,0.9338461538461539
2019,Harvard,6325,4967,0.785296442687747
2019,Hawai'i,6250,4940,0.7904
2019,High Point,6275,5394,0.859601593625498
2019,Hofstra,7200,5813,0.8073611111111111
2019,Holy Cross,6675,0,0.0
2019,Houston Christian,6125,4654,0.7598367346938776
2019,Houston,7398,5534,0.7480400108137334
2019,Howard,6850,5000,0.7299270072992701
2019,IU Indianapolis,6600,5343,0.8095454545454546
2019,Idaho State,6000,3522,0.587
2019,Idaho,6426,4070,0.6333644568938687
2019,Illinois,6675,3288,0.49258426966292135
2019,Illinois State,6473,5662,0.8747103352386838
2019,Incarnate Word,6275,3230,0.5147410358565737
2019,Indiana,7100,4522,0.6369014084507042
2019,Indiana State,6250,4436,0.70976
2019,Iona,6600,3161,0.47893939393939394
2019,Iowa,7075,6073,0.858374558303887
2019,Iowa State,7000,4533,0.6475714285714286
2019,Jackson State,6425,2061,0.3207782101167315
2019,Jacksonville,6425,3862,0.6010894941634242
2019,Jacksonville State,6723,5991,0.891120035698349
2019,James Madison,6714,5654,0.8421209413166518
2019,Kansas City,6365,4799,0.7539670070699136
2019,Kansas,7275,4178,0.5742955326460482
2019,Kansas State,6800,6373,0.9372058823529412
2019,Kennesaw State,6225,4105,0.659437751004016
2019,Kent State,6646,3516,0.5290400240746314
2019,Kentucky,7450,1900,0.2550335570469799
2019,LSU,7175,3210,0.4473867595818815
2019,La Salle,6200,3796,0.6122580645161291
2019,Lafayette,6100,4961,0.8132786885245902
2019,Lamar,6699,5111,0.7629496939841768
2019,Le Moyne,200,0,0.0
2019,Lehigh,6250,5170,0.8272
2019,Liberty,7200,5837,0.8106944444444445
2019,Lipscomb,7399,6722,0.9085011488038924
2019,Little Rock,6206,3564,0.5742829519819529
2019,Long Beach State,6676,5675,0.8500599161174356
2019,Long Island University,5068,5022,0.9909234411996843
2019,Longwood,6804,4257,0.6256613756613757
2019,Louisiana,6450,5544,0.8595348837209302
2019,Louisiana Tech,6675,5138,0.7697378277153558
2019,Louisville,6900,5087,0.7372463768115942
2019,Loyola Chicago,6800,5424,0.7976470588235294
2019,Loyola Maryland,6475,4707,0.7269498069498069
2019,Loyola Marymount,6799,5589,0.8220326518605677
2019,Maine,6550,3900,0.5954198473282443
2019,Manhattan,6224,3292,0.5289203084832905
2019,Marist,6250,4607,0.73712
2019,Marquette,6874,5884,0.8559790514983998
2019,Marshall,7475,5922,0.7922408026755853
2019,Maryland Eastern Shore,6424,3405,0.5300435865504358
2019,Maryland,6600,3193,0.48378787878787877
2019,Massachusetts,6450,4905,0.7604651162790698
2019,McNeese,6225,1984,0.318714859437751
2019,Memphis,7250,4533,0.6252413793103448
2019,Mercer,6225,4388,0.7048995983935743
2019,Miami (OH),6425,5293,0.8238132295719844
2019,Miami,6425,4972,0.773852140077821
2019,Michigan State,7848,6261,0.797782874617737
2019,Michigan,7400,5987,0.8090540540540541
2019,Middle Tennessee,6400,3770,0.5890625
2019,Milwaukee,6224,2607,0.4188624678663239
2019,Minnesota,7225,4752,0.6577162629757786
2019,Mississippi State,6848,5439,0.7942464953271028
2019,Mississippi Valley State,6423,3730,0.5807255176708703
2019,Missouri State,6425,2815,0.43813229571984436
2019,Missouri,6450,3545,0.5496124031007752
2019,Monmouth,6897,6131,0.8889372190807597
2019,Montana,7025,6038,0.8595017793594306
2019,Montana State,6400,4804,0.750625
2019,Morehead State,6675,6144,0.9204494382022472
2019,Morgan State,6050,3782,0.6251239669421488
2019,Mount St. Mary's,6200,1697,0.2737096774193548
2019,Murray State,6600,4586,0.6948484848484848
2019,NC State,7250,4721,0.6511724137931034
2019,NJIT,7050,6396,0.9072340425531915
2019,Navy,6199,4580,0.7388288433618325
2019,Nebraska,7225,6699,0.92719723183391
2019,Nevada,6800,5874,0.8638235294117647
2019,New Hampshire,5800,3987,0.6874137931034483
2019,New Mexico,6400,4379,0.68421875
2019,New Mexico State,7025,3522,0.5013523131672598
2019,New Orleans,6725,4763,0.7082527881040892
2019,Niagara,6425,5209,0.810739299610895
2019,Nicholls,6250,2036,0.32576
2019,Norfolk State,7300,5444,0.7457534246575342
2019,North Alabama,6425,0,0.0
2019,North Carolina A&T,6450,2733,0.42372093023255814
2019,North Carolina Central,6825,4024,0.5895970695970696
2019,North Carolina,7225,5306,0.73439446366782
2019,North Dakota,6001,4609,0.7680386602232961
2019,North Dakota State,7050,4845,0.6872340425531915
2019,North Florida,6625,5665,0.8550943396226415
2019,North Texas,6511,6455,0.9913991706343112
2019,Northeastern,6925,6801,0.9820938628158845
2019,Northern Arizona,6250,3429,0.54864
2019,Northern Colorado,6475,3662,0.5655598455598455
2019,Northern Illinois,6872,5971,0.8688882421420256
2019,Northern Iowa,6800,4597,0.6760294117647059
2019,Northern Kentucky,7050,4990,0.7078014184397163
2019,Northwestern State,6250,4370,0.6992
2019,Northwestern,6450,4541,0.7040310077519379
2019,Notre Dame,6599,3924,0.5946355508410365
2019,Oakland,6096,4039,0.6625656167979003
2019,Ohio,6275,4202,0.6696414342629482
2019,Ohio State,6825,4026,0.5898901098901099
2019,Oklahoma,6824,4526,0.6632473622508792
2019,Oklahoma State,6425,3522,0.5481712062256809
2019,Old Dominion,7000,5075,0.725
2019,Ole Miss,6625,4886,0.7375094339622642
2019,Omaha,6450,6034,0.9355038759689922
2019,Oral Roberts,6365,1812,0.28468185388845246
2019,Oregon,7650,4071,0.532156862745098
2019,Oregon State,6248,4939,0.7904929577464789
2019,Pacific,6450,4134,0.6409302325581395
2019,Penn State,6475,4274,0.66007722007722
2019,Pennsylvania,6325,5129,0.8109090909090909
2019,Pepperdine,6851,4435,0.647350751715078
2019,Pittsburgh,6650,3287,0.4942857142857143
2019,Portland,6450,5523,0.8562790697674418
2019,Portland State,6450,3635,0.5635658914728682
2019,Prairie View A&M,7000,2507,0.35814285714285715
2019,Presbyterian,7225,4240,0.5868512110726644
2019,Princeton,5475,4157,0.759269406392694
2019,Providence,6924,5090,0.7351242056614674
2019,Purdue,7299,6181,0.846828332648308
2019,Purdue Fort Wayne,6650,5494,0.8261654135338345
2019,Quinnipiac,6350,4670,0.7354330708661417
2019,Radford,6650,5578,0.838796992481203
2019,Rhode Island,6675,4468,0.6693632958801499
2019,Rice,6524,2333,0.3576026977314531
2019,Richmond,6600,3998,0.6057575757575757
2019,Rider,6225,6030,0.9686746987951808
2019,Robert Morris,7099,5448,0.7674320326806593
2019,Rutgers,6250,3975,0.636
2019,SE Louisiana,6600,5013,0.7595454545454545
2019,SIU Edwardsville,6402,3479,0.5434239300218682
2019,SMU,6400,4551,0.71109375
2019,Sacramento State,6250,4645,0.7432
2019,Sacred Heart,6425,3947,0.6143190661478599
2019,Saint Joseph's,6625,5181,0.7820377358490566
2019,Saint Louis,7054,4302,0.6098667422738872
2019,Saint Mary's,6825,5720,0.8380952380952381
2019,Saint Peter's,6525,3942,0.6041379310344828
2019,Sam Houston,6724,3988,0.5930993456276026
2019,Samford,6775,4068,0.6004428044280443
2019,San Diego State,6800,5570,0.8191176470588235
2019,San Diego,7300,6750,0.9246575342465754
2019,San Francisco,6250,6030,0.9648
2019,San José State,6250,1965,0.3144
2019,Santa Clara,6275,2534,0.4038247011952191
2019,Seattle U,6650,4424,0.6652631578947369
2019,Seton Hall,6875,5056,0.7354181818181819
2019,Siena,6725,3854,0.5730855018587361
2019,South Alabama,6875,6140,0.893090909090909
2019,South Carolina,6426,3551,0.5525988173046996
2019,South Carolina State,6875,5105,0.7425454545454545
2019,South Carolina Upstate,6450,2964,0.4595348837209302
2019,South Dakota,6025,4673,0.7756016597510373
2019,South Dakota State,6600,6050,0.9166666666666666
2019,South Florida,7774,5083,0.6538461538461539
2019,Southeast Missouri State,6325,3869,0.611699604743083
2019,Southern Illinois,6400,5905,0.92265625
2019,Southern,6425,3128,0.48684824902723733
2019,Southern Miss,6476,5600,0.8647313156269302
2019,Southern Utah,6900,5071,0.734927536231884
2019,St. Bonaventure,6925,3730,0.5386281588447653
2019,St. Francis (PA),6597,5840,0.8852508716083068
2019,St. John's,6875,4403,0.6404363636363636
2019,Stanford,6225,4220,0.6779116465863454
2019,Stephen F. Austin,6049,4055,0.6703587369813192
2019,Stetson,6225,4288,0.6888353413654619
2019,Stony Brook,6676,4535,0.6792989814260036
2019,Syracuse,6825,5902,0.8647619047619047
2019,TCU,7498,6562,0.8751667111229662
2019,Temple,6700,6668,0.9952238805970149
2019,Tennessee State,6050,4215,0.6966942148760331
2019,Tennessee Tech,6250,3658,0.58528
2019,Tennessee,7525,7516,0.9988039867109635
2019,Texas A&M,6400,4087,0.63859375
2019,Texas A&M-Corpus Christi,6450,3910,0.6062015503875969
2019,Texas,7473,5408,0.7236718854543022
2019,Texas Southern,7750,3075,0.3967741935483871
2019,Texas State,6850,6100,0.8905109489051095
2019,Texas Tech,7652,4275,0.5586774699424987
2019,The Citadel,6050,4187,0.6920661157024793
2019,Toledo,6650,5646,0.8490225563909775
2019,Towson,6550,2801,0.42763358778625954
2019,Troy,6050,4509,0.7452892561983471
2019,Tulane,6200,4331,0.6985483870967742
2019,Tulsa,6450,5161,0.80015503875969
2019,UAB,7050,4212,0.5974468085106382
2019,UAlbany,6500,4394,0.676
2019,UC Davis,5900,5305,0.8991525423728813
2019,UC Irvine,7501,6421,0.8560191974403413
2019,UC Riverside,6423,3179,0.4949400591623852
2019,UC Santa Barbara,6450,1704,0.2641860465116279
2019,UCF,6625,6204,0.9364528301886792
2019,UCLA,6675,4748,0.711310861423221
2019,UConn,6625,5169,0.7802264150943397
2019,UIC,6275,4963,0.7909163346613546
2019,UL Monroe,7125,4078,0.5723508771929825
2019,UMBC,7000,4539,0.6484285714285715
2019,UMass Lowell,6449,4088,0.6338967281749108
2019,UNC Asheville,6225,2819,0.45285140562248993
2019,UNC Greensboro,7025,6476,0.9218505338078292
2019,UNC Wilmington,6675,3790,0.5677902621722847
2019,UNLV,6050,4351,0.7191735537190083
2019,USC,6700,5427,0.81
2019,UT Arlington,6725,1954,0.29055762081784386
2019,UT Martin,6250,3094,0.49504
2019,UT Rio Grande Valley,7450,4918,0.6601342281879194
2019,UTEP,5850,2308,0.39452991452991454
2019,UTSA,6475,5119,0.7905791505791506
2019,Utah State,6850,5454,0.7962043795620438
2019,Utah Tech,200,0,0.0
2019,Utah,6224,3285,0.5277956298200515
2019,Utah Valley,6799,4249,0.624944844830122
2019,VCU,6650,5047,0.7589473684210526
2019,VMI,6450,5651,0.8761240310077519
2019,Valparaiso,6675,4084,0.6118352059925094
2019,Vanderbilt,6425,4078,0.6347081712062257
2019,Vermont,6850,5184,0.7567883211678832
2019,Villanova,7274,5120,0.7038768215562277
2019,Virginia,7673,5772,0.7522481428385247
2019,Virginia Tech,7050,6461,0.9164539007092198
2019,Wagner,6025,4844,0.8039834024896265
2019,Wake Forest,6250,2755,0.4408
2019,Washington,7225,6993,0.9678892733564014
2019,Washington State,6399,2682,0.4191279887482419
2019,Weber State,6450,4651,0.7210852713178295
2019,West Virginia,7300,4200,0.5753424657534246
2019,Western Carolina,6475,3760,0.5806949806949807
2019,Western Illinois,6226,4597,0.7383552842916801
2019,Western Kentucky,6900,4793,0.6946376811594203
2019,Western Michigan,6496,3881,0.5974445812807881
2019,Wichita State,7425,3083,0.4152188552188552
2019,William & Mary,6325,4053,0.6407905138339921
2019,Winthrop,5927,5193,0.8761599460097858
2019,Wisconsin,6925,6876,0.9929241877256317
2019,Wofford,7050,6470,0.9177304964539007
2019,Wright State,7025,5877,0.8365836298932384
2019,Wyoming,6425,3072,0.47813229571984434
2019,Xavier,7101,4602,0.648077735530207
2019,Yale,6075,5876,0.9672427983539095
2019,Youngstown State,6525,3279,0.5025287356321839
2019,Hartford,6525,5855,0.8973180076628352
2019,St. Francis Brooklyn,6623,4425,0.6681262267854446
2019,Lindenwood,200,0,0.0
2019,Centenary (LA),400,191,0.4775
2019,Birmingham-Southern,200,0,0.0
2019,Savannah State,6225,1881,0.30216867469879516
2019,Oglethorpe,200,156,0.78
2019,LaGrange,200,92,0.46
2019,Washington College (MD),400,293,0.7325
2019,Rivier,200,0,0.0
2019,Piedmont,200,143,0.715
2019,Defiance,192,80,0.4166666666666667
2019,Davis & Elkins,200,0,0.0
2019,Mid-Atlantic Christian,800,106,0.1325
2019,Columbia International,200,50,0.25
2019,Frostburg State,225,103,0.4577777777777778
2019,NC Wesleyan,225,188,0.8355555555555556
2019,Trinity Baptist,800,456,0.57
2019,William Peace,200,160,0.8
2019,Vermont State - Lyndon,200,80,0.4
2019,York College Nebraska,200,0,0.0
2019,Mississippi College,598,337,0.5635451505016722
2019,Bob Jones,400,168,0.42
2019,Dallas Christian,200,40,0.2
2019,Pfeiffer,200,42,0.21
2019,Louisiana Christian,400,209,0.5225
2019,Randolph College,200,11,0.055
2019,Bethel (TN),200,174,0.87
2019,Mid-America Christian,200,0,0.0
2019,St. Francis (IL),400,199,0.4975
2019,Penn State - Wilkes-Barre,200,0,0.0
2019,Trinity (TX),200,100,0.5
2019,Avila,170,114,0.6705882352941176
2019,Dubuque,200,132,0.66
2019,Fisk,600,206,0.3433333333333333
2019,Champion Christian,1000,0,0.0
2019,Howard Payne,800,667,0.83375
2019,William Carey,400,119,0.2975
2019,Hawai'i Hilo,200,67,0.335
2019,Northwest University,200,44,0.22
2019,Jessup University,200,165,0.825
2019,Life Pacific,600,306,0.51
2019,Colorado College,200,0,0.0
2019,La Verne,200,93,0.465
2019,Westminster (PA),200,0,0.0
2019,SUNY-Canton,200,0,0.0
2019,Maine-Fort Kent,400,122,0.305
2019,Boyce,200,91,0.455
2019,Massachusetts-Boston,200,102,0.51
2019,St. Andrews,200,123,0.615
2019,Earlham College,200,144,0.72
2019,Lewis & Clark,200,83,0.415
2019,Kentucky Christian,800,308,0.385
2019,Bethesda University,1600,87,0.054375
2019,SUNY-Oneonta,200,183,0.915
2019,Bryan (TN),200,0,0.0
2019,Wayland Baptist,200,139,0.695
2019,Siena Heights,600,245,0.4083333333333333
2019,Southwestern (TX),200,177,0.885
2019,McMurry,200,142,0.71
2019,Concordia-Ann Arbor,200,169,0.845
2019,Brescia,400,279,0.6975
2019,Menlo,400,223,0.5575
2019,Voorhees,200,76,0.38
2019,Dickinson State (ND),200,0,0.0
2019,Goshen,200,56,0.28
2019,Christendom,200,129,0.645
2019,Carolina University,200,62,0.31
2019,Loyola New Orleans,400,177,0.4425
2019,Colorado Christian,200,49,0.245
2019,Corban College,200,69,0.345
2019,Truett-McConnell,200,82,0.41
2019,Emerson,200,102,0.51
2019,Westminster (UT),200,0,0.0
2019,North Greenville,400,272,0.68
2019,Florida National,200,97,0.485
2019,Ecclesia,200,114,0.57
2019,Misericordia,200,0,0.0
2019,Rockford,200,143,0.715
2019,Central State (OH),200,73,0.365
2019,Trinity Christian (IL),200,116,0.58
2019,Calvary,200,129,0.645
2019,Spring Hill,400,253,0.6325
2019,East-West University,200,19,0.095
2019,Mount Aloysius,200,0,0.0
2019,Southern Wesleyan,200,98,0.49
2019,Saint Elizabeth,200,0,0.0
2019,Stanislaus State,200,0,0.0
2019,Edward Waters,400,31,0.0775
2019,Texas Wesleyan,200,0,0.0
2019,Ferrum,200,124,0.62
2019,Rosemont,400,0,0.0
2019,Florida Tech,200,133,0.665
2019,Midway University,400,304,0.76
2019,SUNY-Maritime,200,79,0.395
2019,Texas Lutheran,400,310,0.775
2019,Nazareth College,200,106,0.53
2019,Averett,200,60,0.3
2019,Central Penn,1000,433,0.433
2019,Our Lady Of The Lake,200,30,0.15
2019,Regent,600,0,0.0
2019,Benedictine University (IL),200,0,0.0
2019,Brevard,600,370,0.6166666666666667
2019,Arlington Baptist,800,276,0.345
2019,Aquinas,200,74,0.37
2019,Campbellsville-Harrodsburg,400,0,0.0
2019,Cairn University,200,121,0.605
2019,Chestnut Hill College,400,110,0.275
2019,Harris-Stowe State,200,101,0.505
2019,Montana Tech,200,146,0.73
2019,Wisconsin-Stout,200,0,0.0
2019,Bryn Athyn,200,98,0.49
2019,Middle Georgia State,600,370,0.6166666666666667
2019,Hardin-Simmons,200,0,0.0
2019,Shawnee State,200,108,0.54
2019,Willamette,200,169,0.845
2019,Milligan,800,735,0.91875
2019,Schreiner,200,152,0.76
2019,Franciscan University,200,163,0.815
2019,Brewton-Parker,400,142,0.355
2019,Kentucky Wesleyan,200,37,0.185
2019,Rust,600,101,0.16833333333333333
2019,Webber International,200,84,0.42
2019,University of The Southwest,200,0,0.0
2019,Westcliff,400,0,0.0
2019,William Woods,200,15,0.075
2019,Johnson & Wales (RI),400,320,0.8
2019,Heidelberg,200,0,0.0
2019,Elms College,200,0,0.0
2019,Mobile,600,392,0.6533333333333333
2019,Fort Valley State,400,65,0.1625
2019,Benedictine (AZ),200,96,0.48
2019,Eastern Oregon,200,91,0.455
2019,Kean,200,85,0.425
2019,Medgar Evers,200,0,0.0
2019,Spalding,200,52,0.26
2019,Johnson University Florida,600,64,0.10666666666666667
2019,Covenant,200,79,0.395
2019,Millsaps,400,280,0.7
2019,Jarvis Christian,200,135,0.675
2019,Southwestern Assemblies of God,200,0,0.0
2019,Blue Mountain,400,126,0.315
2019,Sonoma State,400,226,0.565
2019,Oakland City,200,114,0.57
2019,UC Merced,400,274,0.685
2019,Molloy,200,180,0.9
2019,North Park,200,90,0.45
2019,Wilberforce,800,0,0.0
2019,Ave Maria,200,137,0.685
2019,Hendrix College,200,0,0.0
2019,St. Mary's (MD),200,125,0.625
2019,UT Tyler,400,132,0.33
2019,Eastern Mennonite,200,149,0.745
2019,Lyon,200,153,0.765
2019,Johnson & Wales (NC),800,543,0.67875
2019,Illinois Tech,200,99,0.495
2019,Tiffin,400,254,0.635
2019,Southwest Minnesota State,200,0,0.0
2019,Reinhardt,400,291,0.7275
2019,Keiser,200,0,0.0
2019,Northland,400,198,0.495
2019,Angelo State,200,0,0.0
2019,Hood College,400,164,0.41
2019,Missouri Baptist,200,143,0.715
2019,Bellevue University,200,0,0.0
2019,Warren Wilson,600,121,0.20166666666666666
2019,Bloomsburg,200,0,0.0
2019,Coe,200,136,0.68
2019,Northwest Nazarene,400,236,0.59
2019,Portland Bible,200,43,0.215
2019,Mayville State,200,161,0.805
2019,Bridgewater College (VA),200,120,0.6
2019,Wiley,200,110,0.55
2019,CS Dominguez Hills,400,48,0.12
2019,Greensboro College,400,133,0.3325
2019,Florida Memorial,400,257,0.6425
2019,Truman State,200,123,0.615
2019,E. New Mexico,600,309,0.515
2019,Coker,200,62,0.31
2019,Antelope Valley,200,130,0.65
2019,Trevecca Nazarene,400,93,0.2325
2019,Mount Saint Vincent,200,41,0.205
2019,Queens College NY,200,0,0.0
2019,Indiana University Northwest,200,17,0.085
2019,Wilmington (DE),400,61,0.1525
2019,Notre Dame College (OH),200,87,0.435
2019,Harding,400,0,0.0
2019,UW-Parkside,200,140,0.7
2019,San Diego Christian,600,374,0.6233333333333333
2019,Rochester University (MI),200,149,0.745
2019,Missouri S&T,400,0,0.0
2019,Puget Sound,200,160,0.8
2019,Allen University,400,163,0.4075
2019,Methodist,200,58,0.29
2019,Manchester,200,46,0.23
2019,Huston-Tillotson,800,57,0.07125
2019,St. Mary's (TX),200,88,0.44
2019,Lees-McRae,200,58,0.29
2019,Carver College,800,0,0.0
2019,Indiana-South Bend,200,0,0.0
2019,Tennessee Southern,200,0,0.0
2019,Western New England,336,113,0.33630952380952384
2019,Mars Hill,600,253,0.4216666666666667
2019,Multnomah University,200,83,0.415
2019,Wabash College,200,76,0.38
2019,West Coast Baptist,600,455,0.7583333333333333
2019,Montana-Western,200,117,0.585
2019,Lincoln (PA),200,114,0.57
2019,Holy Names University,600,429,0.715
2019,Georgia College,200,0,0.0
2019,Northwestern Ohio,200,93,0.465
2019,Glenville State,200,0,0.0
2019,Williams Baptist,200,131,0.655
2019,Goucher,200,85,0.425
2019,Florida College,400,201,0.5025
2019,Centenary (NJ),200,88,0.44
2019,Salve Regina,200,50,0.25
2019,Cumberland (TN),400,0,0.0
2019,Shenandoah,200,101,0.505
2019,Texas A&M-International,200,115,0.575
2019,Southeastern Baptist College,200,0,0.0
2019,University Of The Virgin Islands,200,0,0.0
2019,Oberlin,200,0,0.0
2019,Concordia-Texas,200,0,0.0
2019,Presentation College,200,74,0.37
2019,MIT,200,176,0.88
2019,Hartwick,200,165,0.825
2019,Minnesota Morris,200,94,0.47
2019,Lenoir-Rhyne,200,0,0.0
2019,Cal Lutheran,400,255,0.6375
2019,Palm Beach Atlantic,200,103,0.515
2019,Indiana-Kokomo,200,91,0.455
2019,Quincy,200,150,0.75
2019,Caltech,200,66,0.33
2019,Texas Permian Basin,400,0,0.0
2019,Elmira,200,141,0.705
2019,Tougaloo,200,81,0.405
2019,Simpson University (CA),200,0,0.0
2019,Purdue Northwest,200,0,0.0
2019,East Texas Baptist,200,155,0.775
2019,College of Idaho,200,17,0.085
2019,Tuskegee,200,0,0.0
2019,McKendree,400,116,0.29
2019,Cedarville,400,111,0.2775
2019,Washington Adventist,200,81,0.405
2019,UC Santa Cruz,200,158,0.79
2019,Arkansas-Monticello,200,5,0.025
2019,Wesley,400,0,0.0
2019,Ohio-Chillicothe,200,0,0.0
2019,Wisconsin-Lutheran,400,0,0.0
2019,New York Institute Of Technology,200,37,0.185
2019,Urbana,200,57,0.285
2019,Cortland,200,0,0.0
2019,Pine Manor,200,58,0.29
2019,Bethany (KS),200,149,0.745
2019,Johnson & Wales (CO),400,255,0.6375
2019,Concordia-Chicago,200,0,0.0
2019,Wilmington (OH),200,108,0.54
2019,College Of New Rochelle,400,325,0.8125
2019,Newbury College,200,0,0.0
2019,City College NY,200,50,0.25
2019,Saint Leo,400,272,0.68
2019,Bemidji State,400,211,0.5275
2019,Sewanee,200,0,0.0
2019,Alaska Anchorage,200,77,0.385
2019,St. Edward's,600,409,0.6816666666666666
2019,Hiwassee,1000,456,0.456
2019,Southeastern,400,175,0.4375
2019,Southeastern Oklahoma State,425,210,0.49411764705882355
2019,Buena Vista,400,25,0.0625
2019,DeSales,200,0,0.0
2019,Johnson & Wales (FL),200,0,0.0
2019,Southwestern (KS),200,0,0.0
2019,Humboldt State,400,0,0.0
2019,Clarion,200,0,0.0
2019,Huntingdon College (AL),400,0,0.0
2019,Welch,200,0,0.0
2019,University of The Ozarks,200,114,0.57
2019,Pensacola Christian College,200,62,0.31
2019,Miles,600,154,0.25666666666666665
2019,Dominican (IL),200,0,0.0
2019,West Alabama,200,0,0.0
2019,Concordia-Nebraska,200,77,0.385
2019,University Park,200,0,0.0
2019,Stockton,200,0,0.0
2019,St. Joseph's (NY),400,0,0.0
2019,Winston-Salem,200,0,0.0
2019,Western State Colorado University,200,134,0.67
2019,Albion,200,35,0.175
2019,Fontbonne,200,70,0.35
2019,CSU San Marcos,200,0,0.0
2019,Central Washington,200,13,0.065
2019,Maine-Machias,200,80,0.4
2019,Wilson College,200,0,0.0
2019,Findlay,200,0,0.0
2019,Fayetteville St,200,63,0.315
2019,Carnegie Mellon,200,0,0.0
2019,Skidmore,200,0,0.0
2020,Abilene Christian,6302,4333,0.6875595049190734
2020,Air Force,6401,6073,0.9487580065614748
2020,Akron,6201,4760,0.7676181261086922
2020,Alabama A&M,6023,1719,0.2854059438817865
2020,Alabama,6296,3977,0.6316709021601017
2020,Alabama State,6400,3596,0.561875
2020,Alcorn State,6050,3499,0.5783471074380165
2020,American University,6025,4931,0.8184232365145229
2020,App State,6628,5164,0.7791188895594447
2020,Arizona State,6198,4415,0.712326556953856
2020,Arizona,6449,2244,0.3479609241742906
2020,Arkansas,6500,5110,0.7861538461538462
2020,Arkansas State,6450,3887,0.6026356589147287
2020,Arkansas-Pine Bluff,6025,3546,0.5885477178423236
2020,Army,6051,5773,0.9540571806313006
2020,Auburn,6349,4452,0.701212789415656
2020,Austin Peay,6623,3072,0.46383813981579347
2020,BYU,6474,4252,0.6567809700339821
2020,Ball State,6200,4451,0.7179032258064516
2020,Baylor,6024,6024,1.0
2020,Belmont,6600,5183,0.7853030303030303
2020,Bethune-Cookman,6075,4725,0.7777777777777778
2020,Binghamton,5825,1777,0.3050643776824034
2020,Boise State,6524,5437,0.8333844267320663
2020,Boston College,6425,3074,0.47844357976653695
2020,Boston University,6875,6368,0.9262545454545454
2020,Bowling Green,6251,5214,0.8341065429531275
2020,Bradley,7047,4802,0.681424719738896
2020,Brown,5400,4434,0.8211111111111111
2020,Bryant,6423,3055,0.47563443873579325
2020,Bucknell,6800,6057,0.8907352941176471
2020,Buffalo,6450,5118,0.7934883720930233
2020,Butler,6225,5721,0.9190361445783133
2020,Cal Poly,6175,3901,0.6317408906882591
2020,Cal State Bakersfield,6324,3692,0.5838077166350412
2020,Cal State Fullerton,6323,4386,0.6936580736991934
2020,Cal State Northridge,6400,5369,0.83890625
2020,California Baptist,6275,4471,0.7125099601593625
2020,California,6475,3957,0.6111196911196911
2020,Campbell,6223,3868,0.6215651614976699
2020,Canisius,6400,3382,0.5284375
2020,Central Arkansas,6350,4625,0.7283464566929134
2020,Central Connecticut,6192,1531,0.2472545219638243
2020,Central Michigan,6425,4341,0.6756420233463035
2020,Charleston,6199,5401,0.8712695596063881
2020,Charleston Southern,6475,6140,0.9482625482625483
2020,Charlotte,5875,3176,0.540595744680851
2020,Chattanooga,6625,4731,0.7141132075471698
2020,Chicago State,5799,622,0.10725987239179169
2020,Cincinnati,6199,3083,0.49733828036780126
2020,Clemson,6277,3184,0.5072486856778716
2020,Cleveland State,6450,2625,0.4069767441860465
2020,Coastal Carolina,6599,4073,0.6172147295044704
2020,Colgate,6825,6269,0.9185347985347986
2020,Colorado,6447,6038,0.936559640142702
2020,Colorado State,6500,3987,0.6133846153846154
2020,Columbia,6076,5048,0.8308097432521395
2020,Coppin State,6250,2824,0.45184
2020,Cornell,5477,4591,0.8382326090925689
2020,Creighton,6225,5389,0.8657028112449799
2020,Dartmouth,5850,5647,0.9652991452991453
2020,Davidson,6150,5419,0.8811382113821138
2020,Dayton,6275,6176,0.9842231075697211
2020,DePaul,6450,3608,0.5593798449612403
2020,Delaware,6625,5594,0.844377358490566
2020,Delaware State,6446,3277,0.5083772882407694
2020,Denver,6250,4154,0.66464
2020,Detroit Mercy,6227,3885,0.6238959370483379
2020,Drake,6824,5890,0.8631301289566237
2020,Drexel,6626,5339,0.8057651675218835
2020,Duke,6300,3495,0.5547619047619048
2020,Duquesne,6075,4286,0.7055144032921811
2020,East Carolina,6250,1194,0.19104
2020,East Tennessee State,6800,5846,0.8597058823529412
2020,Eastern Illinois,6445,3910,0.6066718386346005
2020,Eastern Kentucky,6600,3730,0.5651515151515152
2020,Eastern Michigan,6400,2322,0.3628125
2020,Eastern Washington,6250,5069,0.81104
2020,Elon,6825,3074,0.4504029304029304
2020,Evansville,6548,5473,0.8358277336591325
2020,Fairfield,6501,4763,0.7326565143824028
2020,Fairleigh Dickinson,6050,4810,0.7950413223140496
2020,Florida A&M,5523,4927,0.8920876335325004
2020,Florida Atlantic,6476,4687,0.7237492279184682
2020,Florida,6250,3049,0.48784
2020,Florida Gulf Coast,6472,2435,0.37623609394313967
2020,Florida International,6425,4790,0.7455252918287938
2020,Florida State,6250,4599,0.73584
2020,Fordham,6275,4569,0.7281274900398407
2020,Fresno State,6126,2829,0.46180215475024483
2020,Furman,6448,6249,0.9691377171215881
2020,Gardner-Webb,6595,5927,0.8987111448066717
2020,George Mason,6425,4930,0.7673151750972763
2020,George Washington,6502,3161,0.48615810519840047
2020,Georgetown,6401,4657,0.7275425714732073
2020,Georgia,6500,2439,0.37523076923076926
2020,Georgia Southern,6598,6370,0.9654440739618066
2020,Georgia State,6449,5380,0.834237866335866
2020,Georgia Tech,6250,4558,0.72928
2020,Gonzaga,6627,3567,0.5382526029877773
2020,Grambling,6399,3849,0.6015002344116268
2020,Grand Canyon,6048,3231,0.5342261904761905
2020,Green Bay,6673,5682,0.8514910834707028
2020,Hampton,6850,4122,0.6017518248175182
2020,Harvard,5900,5134,0.8701694915254238
2020,Hawai'i,6025,4999,0.8297095435684647
2020,High Point,6450,3619,0.5610852713178295
2020,Hofstra,6800,6318,0.9291176470588235
2020,Holy Cross,6475,0,0.0
2020,Houston Christian,5825,4709,0.808412017167382
2020,Houston,6222,4673,0.7510446801671489
2020,Howard,6664,4445,0.667016806722689
2020,IU Indianapolis,6450,4748,0.7361240310077519
2020,Idaho State,6075,3371,0.5548971193415638
2020,Idaho,6422,2735,0.42587978822796635
2020,Illinois,6224,5252,0.8438303341902313
2020,Illinois State,6225,4193,0.6735742971887551
2020,Incarnate Word,6299,2734,0.4340371487537704
2020,Indiana,6423,4402,0.6853495251440137
2020,Indiana State,6023,4185,0.694836460235763
2020,Iona,5876,4010,0.6824370319945541
2020,Iowa,6200,5052,0.8148387096774193
2020,Iowa State,6425,4409,0.6862256809338522
2020,Jackson State,6400,2978,0.4653125
2020,Jacksonville,6475,2297,0.35474903474903474
2020,Jacksonville State,6426,3315,0.5158730158730159
2020,James Madison,6000,4315,0.7191666666666666
2020,Kansas City,6125,3036,0.4956734693877551
2020,Kansas,6225,4563,0.7330120481927711
2020,Kansas State,6626,4063,0.6131904618170843
2020,Kennesaw State,5799,4658,0.8032419382652182
2020,Kent State,6499,5541,0.8525927065702416
2020,Kentucky,6248,3576,0.5723431498079385
2020,LSU,6249,4706,0.7530804928788606
2020,La Salle,6073,3958,0.6517371974312531
2020,Lafayette,6201,5373,0.8664731494920174
2020,Lamar,6449,4015,0.622577143743216
2020,Lehigh,6449,4206,0.6521941386261436
2020,Liberty,6799,5705,0.839093984409472
2020,Lipscomb,6417,3910,0.6093189964157706
2020,Little Rock,6200,2889,0.46596774193548385
2020,Long Beach State,6449,2654,0.4115366723523027
2020,Long Island University,6698,5393,0.8051657211107793
2020,Longwood,6498,4268,0.6568174823022468
2020,Louisiana,6625,3822,0.5769056603773585
2020,Louisiana Tech,6050,4849,0.8014876033057852
2020,Louisville,6250,4488,0.71808
2020,Loyola Chicago,6474,4126,0.6373185047883843
2020,Loyola Maryland,6451,4794,0.7431405983568439
2020,Loyola Marymount,6425,3342,0.5201556420233463
2020,Maine,6250,4831,0.77296
2020,Manhattan,6250,5855,0.9368
2020,Marist,6125,3289,0.5369795918367347
2020,Marquette,6100,4559,0.7473770491803279
2020,Marshall,6425,4934,0.7679377431906614
2020,Maryland Eastern Shore,6450,3286,0.5094573643410852
2020,Maryland,6200,5173,0.8343548387096774
2020,Massachusetts,6249,2929,0.46871499439910386
2020,McNeese,6451,3169,0.49124166795845603
2020,Memphis,6251,2242,0.3586626139817629
2020,Mercer,6398,4305,0.6728665207877462
2020,Merrimack,6275,0,0.0
2020,Miami (OH),6398,5455,0.852610190684589
2020,Miami,6349,4334,0.682627185383525
2020,Michigan State,6200,4940,0.7967741935483871
2020,Michigan,6274,5406,0.8616512591648071
2020,Middle Tennessee,6250,4463,0.71408
2020,Milwaukee,6325,3972,0.6279841897233202
2020,Minnesota,6250,3837,0.61392
2020,Mississippi State,6200,5660,0.9129032258064517
2020,Mississippi Valley State,6025,1982,0.32896265560165977
2020,Missouri State,6625,3666,0.5533584905660377
2020,Missouri,6252,5409,0.8651631477927063
2020,Monmouth,6226,5939,0.9539029874718921
2020,Montana,6274,4212,0.6713420465412815
2020,Montana State,6200,2837,0.4575806451612903
2020,Morehead State,6476,4241,0.6548795552810377
2020,Morgan State,6285,4372,0.6956245027844074
2020,Mount St. Mary's,6460,6161,0.9537151702786377
2020,Murray State,6450,5196,0.8055813953488372
2020,NC State,6425,5892,0.9170428015564203
2020,NJIT,6001,5207,0.8676887185469089
2020,Navy,6100,4938,0.8095081967213115
2020,Nebraska,6525,1748,0.2678927203065134
2020,Nevada,6225,4116,0.6612048192771084
2020,New Hampshire,6075,4836,0.7960493827160494
2020,New Mexico,6602,4735,0.7172069069978795
2020,New Mexico State,6222,5335,0.857441337190614
2020,New Orleans,6000,4430,0.7383333333333333
2020,Niagara,6449,4606,0.714219258799814
2020,Nicholls,6250,5043,0.80688
2020,Norfolk State,6225,3410,0.5477911646586345
2020,North Alabama,6025,3927,0.6517842323651453
2020,North Carolina A&T,6449,3707,0.5748178012094899
2020,North Carolina Central,6298,2690,0.4271197205462051
2020,North Carolina,6699,3638,0.5430661292730258
2020,North Dakota,6650,4757,0.7153383458646616
2020,North Dakota State,6626,6169,0.9310292785994567
2020,North Florida,6600,5938,0.8996969696969697
2020,North Texas,6225,2870,0.4610441767068273
2020,Northeastern,6625,5158,0.7785660377358491
2020,Northern Arizona,6025,5646,0.9370954356846473
2020,Northern Colorado,6251,5883,0.9411294192929132
2020,Northern Illinois,6222,4416,0.7097396335583414
2020,Northern Iowa,6275,5688,0.9064541832669323
2020,Northern Kentucky,6451,4887,0.7575569679119516
2020,Northwestern State,6025,2552,0.4235684647302905
2020,Northwestern,6250,3784,0.60544
2020,Notre Dame,6448,6425,0.9964330024813896
2020,Oakland,6698,3045,0.45461331740818156
2020,Ohio,6400,3711,0.57984375
2020,Ohio State,6199,5053,0.8151314728181965
2020,Oklahoma,6200,4228,0.6819354838709677
2020,Oklahoma State,6399,4369,0.6827629317080793
2020,Old Dominion,6450,4455,0.6906976744186046
2020,Ole Miss,6451,4273,0.6623779259029607
2020,Omaha,6501,5464,0.8404860790647593
2020,Oral Roberts,6248,3584,0.5736235595390525
2020,Oregon,6374,2577,0.40429871352369
2020,Oregon State,6200,4846,0.7816129032258065
2020,Pacific,6774,2367,0.34942426926483616
2020,Penn State,6200,5188,0.8367741935483871
2020,Pennsylvania,5427,3591,0.6616915422885572
2020,Pepperdine,6525,4726,0.7242911877394635
2020,Pittsburgh,6623,3846,0.5807036086365696
2020,Portland,6451,4051,0.627964656642381
2020,Portland State,6400,2897,0.45265625
2020,Prairie View A&M,6451,4713,0.7305844055185242
2020,Presbyterian,6449,3861,0.598697472476353
2020,Princeton,5425,4600,0.847926267281106
2020,Providence,6225,5059,0.8126907630522089
2020,Purdue,6350,4943,0.7784251968503937
2020,Purdue Fort Wayne,6597,5106,0.7739881764438381
2020,Quinnipiac,5999,4491,0.7486247707951326
2020,Radford,6425,5299,0.8247470817120622
2020,Rhode Island,6050,4731,0.7819834710743802
2020,Rice,6400,5426,0.8478125
2020,Richmond,6250,5821,0.93136
2020,Rider,6000,4467,0.7445
2020,Robert Morris,6797,5011,0.7372370163307341
2020,Rutgers,6250,4948,0.79168
2020,SE Louisiana,6275,2833,0.45147410358565737
2020,SIU Edwardsville,6200,3120,0.5032258064516129
2020,SMU,6125,3053,0.49844897959183676
2020,Sacramento State,5997,5684,0.9478072369518092
2020,Sacred Heart,6597,5966,0.9043504623313627
2020,Saint Joseph's,6425,3202,0.49836575875486383
2020,Saint Louis,6275,2937,0.46804780876494023
2020,Saint Mary's,7000,5997,0.8567142857142858
2020,Saint Peter's,6025,2754,0.4570954356846473
2020,Sam Houston,6326,4382,0.6926968068289598
2020,Samford,6649,5083,0.7644758610317341
2020,San Diego State,6397,3853,0.602313584492731
2020,San Diego,6474,3812,0.5888168056842755
2020,San Francisco,6875,6152,0.8948363636363637
2020,San José State,6224,4142,0.6654884318766067
2020,Santa Clara,6626,4739,0.7152127980682161
2020,Seattle U,5923,5513,0.930778321796387
2020,Seton Hall,6000,5680,0.9466666666666667
2020,Siena,6075,2535,0.41728395061728396
2020,South Alabama,6225,4399,0.7066666666666667
2020,South Carolina,6225,3673,0.5900401606425703
2020,South Carolina State,5926,4183,0.7058724265946675
2020,South Carolina Upstate,6600,4481,0.678939393939394
2020,South Dakota,6399,5389,0.8421628379434286
2020,South Dakota State,6475,3040,0.4694980694980695
2020,South Florida,6248,5311,0.8500320102432779
2020,Southeast Missouri State,6226,5116,0.8217153870864118
2020,Southern Illinois,6422,1483,0.2309249454998443
2020,Southern,6502,1192,0.18332820670562905
2020,Southern Miss,6250,4420,0.7072
2020,Southern Utah,6500,5106,0.7855384615384615
2020,St. Bonaventure,6250,4086,0.65376
2020,St. Francis (PA),6422,5792,0.9018997197134849
2020,St. John's,6400,3773,0.58953125
2020,Stanford,6449,4249,0.6588618390448131
2020,Stephen F. Austin,6225,2437,0.3914859437751004
2020,Stetson,6625,2810,0.4241509433962264
2020,Stony Brook,6650,5024,0.7554887218045113
2020,Syracuse,6450,4385,0.6798449612403101
2020,TCU,6474,3037,0.46910719802286066
2020,Temple,6278,5468,0.870978018477222
2020,Tennessee State,6651,2091,0.3143888137122237
2020,Tennessee Tech,6250,2833,0.45328
2020,Tennessee,6198,3932,0.6343981929654727
2020,Texas A&M,6025,3482,0.5779253112033195
2020,Texas A&M-Corpus Christi,6401,4718,0.737072332448055
2020,Texas,6199,5270,0.8501371188901435
2020,Texas Southern,6476,3839,0.5928042001235331
2020,Texas State,6474,4809,0.7428174235403151
2020,Texas Tech,6298,2392,0.3798031120990791
2020,The Citadel,6088,2561,0.4206636005256242
2020,Toledo,6425,6113,0.9514396887159533
2020,Towson,6455,5087,0.7880712625871418
2020,Troy,6250,2957,0.47312
2020,Tulane,6049,1524,0.2519424698297239
2020,Tulsa,6299,4439,0.704715034132402
2020,UAB,6400,3975,0.62109375
2020,UAlbany,6425,4830,0.7517509727626459
2020,UC Davis,6450,3665,0.568217054263566
2020,UC Irvine,6400,4911,0.76734375
2020,UC Riverside,6424,3854,0.5999377334993773
2020,UC Santa Barbara,6224,5343,0.8584511568123393
2020,UCF,6050,2585,0.42727272727272725
2020,UCLA,6246,5106,0.8174831892411143
2020,UConn,6400,4379,0.68421875
2020,UIC,7023,6016,0.8566139826285063
2020,UL Monroe,5826,3367,0.5779265362169584
2020,UMBC,6625,4103,0.6193207547169811
2020,UMass Lowell,6475,3677,0.5678764478764479
2020,UNC Asheville,6224,5338,0.8576478149100257
2020,UNC Greensboro,6475,5588,0.863011583011583
2020,UNC Wilmington,6448,2590,0.40167493796526055
2020,UNLV,6575,4429,0.6736121673003802
2020,USC,6275,2545,0.4055776892430279
2020,UT Arlington,6475,4202,0.648957528957529
2020,UT Martin,5824,2209,0.3792925824175824
2020,UT Rio Grande Valley,6077,4021,0.661675168668751
2020,UTEP,6425,4403,0.6852918287937744
2020,UTSA,6499,4537,0.6981074011386367
2020,Utah State,6875,5732,0.8337454545454546
2020,Utah,6301,2977,0.4724646881447389
2020,Utah Valley,6048,3652,0.6038359788359788
2020,VCU,6225,5162,0.8292369477911646
2020,VMI,6700,3805,0.567910447761194
2020,Valparaiso,7100,5141,0.7240845070422535
2020,Vanderbilt,6447,3640,0.5646036916395223
2020,Vermont,6600,5301,0.8031818181818182
2020,Villanova,6223,4177,0.6712196689699502
2020,Virginia,6075,4443,0.731358024691358
2020,Virginia Tech,6550,4132,0.6308396946564886
2020,Wagner,5875,1905,0.3242553191489362
2020,Wake Forest,6300,4900,0.7777777777777778
2020,Washington,6450,3350,0.5193798449612403
2020,Washington State,6450,3515,0.5449612403100775
2020,Weber State,6450,4503,0.6981395348837209
2020,West Virginia,6225,3461,0.5559839357429719
2020,Western Carolina,6250,4721,0.75536
2020,Western Illinois,5249,3888,0.7407125166698418
2020,Western Kentucky,6125,4454,0.7271836734693877
2020,Western Michigan,6475,4091,0.6318146718146718
2020,Wichita State,6251,3661,0.5856662933930571
2020,William & Mary,6400,4077,0.63703125
2020,Winthrop,6874,3824,0.5562990980506255
2020,Wisconsin,6225,5367,0.8621686746987952
2020,Wofford,7074,6785,0.9591461690698332
2020,Wright State,6474,4403,0.6801050355267223
2020,Wyoming,6675,4971,0.7447191011235955
2020,Xavier,6526,3897,0.5971498620901011
2020,Yale,6200,5844,0.9425806451612904
2020,Youngstown State,6675,5947,0.8909363295880149
2020,Hartford,6625,2588,0.39064150943396225
2020,St. Francis Brooklyn,6222,4196,0.6743812279009964
2020,Lindenwood,400,63,0.1575
2020,Centenary (LA),200,165,0.825
2020,Birmingham-Southern,200,144,0.72
2020,Penn State-York,200,0,0.0
2020,Erskine,200,82,0.41
2020,Washington College (MD),200,175,0.875
2020,Georgian Court,200,69,0.345
2020,Piedmont,400,315,0.7875
2020,Alice Lloyd College,400,169,0.4225
2020,Defiance,200,98,0.49
2020,Mid-Atlantic Christian,800,249,0.31125
2020,Columbia International,800,305,0.38125
2020,NC Wesleyan,400,251,0.6275
2020,Trinity Baptist,800,206,0.2575
2020,William Peace,200,103,0.515
2020,Vermont State - Lyndon,200,165,0.825
2020,Newberry,189,0,0.0
2020,Bob Jones,600,364,0.6066666666666667
2020,Dallas Christian,200,67,0.335
2020,Pfeiffer,200,91,0.455
2020,Maryville College (TN),200,0,0.0
2020,Louisiana Christian,400,247,0.6175
2020,Randolph College,200,189,0.945
2020,Mid-America Christian,200,26,0.13
2020,Western Colorado,200,0,0.0
2020,St. Francis (IL),600,356,0.5933333333333334
2020,Penn State - Wilkes-Barre,200,88,0.44
2020,Paul Quinn,1200,85,0.07083333333333333
2020,Trinity (TX),200,192,0.96
2020,Avila,200,84,0.42
2020,Fisk,200,71,0.355
2020,Champion Christian,800,188,0.235
2020,Western New Mexico,200,37,0.185
2020,Howard Payne,400,266,0.665
2020,William Carey,200,155,0.775
2020,Southern-New Orleans,998,160,0.16032064128256512
2020,North Central (MN),200,0,0.0
2020,New Mexico Highlands,200,62,0.31
2020,Jessup University,200,168,0.84
2020,Life Pacific,600,354,0.59
2020,San Francisco State,200,33,0.165
2020,Colorado College,200,155,0.775
2020,Westminster (PA),200,0,0.0
2020,Toccoa Falls,198,10,0.050505050505050504
2020,Massachusetts-Boston,426,359,0.8427230046948356
2020,St. Andrews,400,236,0.59
2020,Kentucky Christian,400,103,0.2575
2020,Bethesda University,592,92,0.1554054054054054
2020,SUNY-Oneonta,200,166,0.83
2020,University of Health Sciences & Pharmacy,200,0,0.0
2020,Eureka,200,65,0.325
2020,Purchase,200,0,0.0
2020,Davenport,200,0,0.0
2020,Bryan (TN),200,185,0.925
2020,UT Dallas,200,99,0.495
2020,Wayland Baptist,200,116,0.58
2020,Evergreen State,400,0,0.0
2020,Siena Heights,400,253,0.6325
2020,Southwestern (TX),200,145,0.725
2020,Concordia-Ann Arbor,200,146,0.73
2020,Nelson,200,0,0.0
2020,Brescia,400,303,0.7575
2020,Xavier (LA),400,0,0.0
2020,SUNY Poly,200,0,0.0
2020,Mount Marty College,400,12,0.03
2020,Menlo,200,148,0.74
2020,Valley Forge,200,13,0.065
2020,Goshen,400,116,0.29
2020,Christendom,400,213,0.5325
2020,Carolina University,196,109,0.5561224489795918
2020,LeTourneau,400,100,0.25
2020,Rhodes,200,0,0.0
2020,Loyola New Orleans,481,219,0.4553014553014553
2020,Campbellsville,200,0,0.0
2020,Colorado Christian,200,120,0.6
2020,UT Permian Basin,200,0,0.0
2020,Truett-McConnell,200,112,0.56
2020,Emerson,200,136,0.68
2020,Crowley's Ridge,200,12,0.06
2020,Randall University,200,39,0.195
2020,Westminster (UT),200,176,0.88
2020,North Greenville,400,223,0.5575
2020,Florida National,200,142,0.71
2020,Ecclesia,600,86,0.14333333333333334
2020,Misericordia,200,109,0.545
2020,Rockford,200,54,0.27
2020,Central State (OH),400,171,0.4275
2020,Haskell,200,91,0.455
2020,Trinity Christian (IL),400,244,0.61
2020,Gallaudet,200,12,0.06
2020,Auburn-Montgomery,200,0,0.0
2020,Spring Hill,400,251,0.6275
2020,Southern Wesleyan,200,59,0.295
2020,Saint Elizabeth,200,145,0.725
2020,Stanislaus State,400,308,0.77
2020,Texas Wesleyan,200,0,0.0
2020,Ferrum,400,178,0.445
2020,Rosemont,200,146,0.73
2020,Florida Tech,200,132,0.66
2020,Rogers State,200,88,0.44
2020,Midway University,199,175,0.8793969849246231
2020,Texas Lutheran,400,229,0.5725
2020,Northern New Mexico,400,97,0.2425
2020,Hawai'i Pacific,200,0,0.0
2020,Nazareth College,200,106,0.53
2020,Averett,200,114,0.57
2020,Judson University,400,27,0.0675
2020,Central Penn,600,284,0.47333333333333333
2020,Our Lady Of The Lake,400,77,0.1925
2020,Regent,800,420,0.525
2020,Brevard,400,312,0.78
2020,Arlington Baptist,800,353,0.44125
2020,Aquinas,200,118,0.59
2020,Campbellsville-Harrodsburg,400,263,0.6575
2020,Merchant Marine Academy,200,0,0.0
2020,Thomas (ME),200,0,0.0
2020,Cairn University,200,146,0.73
2020,Chestnut Hill College,200,74,0.37
2020,Apprentice School,400,0,0.0
2020,Holy Family University,178,0,0.0
2020,Montana Tech,400,312,0.78
2020,Cumberland (KY),200,0,0.0
2020,Lesley University,200,19,0.095
2020,Wisconsin-Stout,200,100,0.5
2020,Bryn Athyn,200,133,0.665
2020,Middle Georgia State,400,187,0.4675
2020,Pacific (OR),200,0,0.0
2020,Walla Walla,200,58,0.29
2020,Crown College,200,6,0.03
2020,St. Thomas (TX),400,0,0.0
2020,Whittier,200,66,0.33
2020,Willamette,200,144,0.72
2020,Tennessee Wesleyan,200,26,0.13
2020,Milligan,600,418,0.6966666666666667
2020,Franciscan University,200,167,0.835
2020,Brewton-Parker,200,113,0.565
2020,Kentucky Wesleyan,200,120,0.6
2020,Rust,400,130,0.325
2020,UVA Wise,200,54,0.27
2020,Southwestern Christian,200,0,0.0
2020,Westcliff,600,140,0.23333333333333334
2020,Johnson & Wales (RI),400,308,0.77
2020,Heidelberg,200,179,0.895
2020,Mobile,400,341,0.8525
2020,Benedictine (AZ),200,31,0.155
2020,Eastern Oregon,200,109,0.545
2020,Anderson (IN),200,61,0.305
2020,Kean,200,146,0.73
2020,Medgar Evers,200,83,0.415
2020,Morehouse,200,69,0.345
2020,Spalding,200,76,0.38
2020,Johnson University Florida,400,234,0.585
2020,Malone,200,0,0.0
2020,Delta State,200,0,0.0
2020,Millsaps,200,131,0.655
2020,Jarvis Christian,200,59,0.295
2020,Doane,200,61,0.305
2020,Blue Mountain,400,311,0.7775
2020,Fresno Pacific,200,21,0.105
2020,Sonoma State,411,261,0.635036496350365
2020,Oakland City,200,147,0.735
2020,Vanguard,200,0,0.0
2020,UC Merced,200,142,0.71
2020,Curry College,200,71,0.355
2020,North Park,200,88,0.44
2020,Wilberforce,400,120,0.3
2020,Ave Maria,200,135,0.675
2020,Hendrix College,200,158,0.79
2020,St. Mary's (MD),200,97,0.485
2020,Johnson & Wales (NC),400,336,0.84
2020,Tiffin,200,76,0.38
2020,Reinhardt,415,138,0.3325301204819277
2020,Pacific Union,400,0,0.0
2020,Keiser,200,77,0.385
2020,University of Saint Katherine,600,0,0.0
2020,Luther,200,0,0.0
2020,Pacific Lutheran,200,64,0.32
2020,Chaminade,599,184,0.3071786310517529
2020,Northland,400,144,0.36
2020,Westmont,200,0,0.0
2020,Clarks Summit,200,34,0.17
2020,Missouri Baptist,200,130,0.65
2020,Rocky Mountain,200,26,0.13
2020,SUNY-Potsdam,200,0,0.0
2020,Montana State-Northern,200,0,0.0
2020,FDU Florham,200,38,0.19
2020,Portland Bible,400,51,0.1275
2020,Mayville State,400,107,0.2675
2020,Bridgewater College (VA),400,218,0.545
2020,Montevallo,197,0,0.0
2020,Central Christian College,200,0,0.0
2020,Wiley,600,344,0.5733333333333334
2020,Greensboro College,600,408,0.68
2020,Florida Memorial,150,74,0.49333333333333335
2020,E. New Mexico,400,202,0.505
2020,Coker,400,173,0.4325
2020,Antelope Valley,200,145,0.725
2020,Trevecca Nazarene,200,126,0.63
2020,Mount Saint Vincent,200,123,0.615
2020,Indiana University Northwest,200,30,0.15
2020,Emory & Henry,200,0,0.0
2020,Illinois-Springfield,200,42,0.21
2020,Shorter,200,0,0.0
2020,San Diego Christian,597,179,0.2998324958123953
2020,Missouri S&T,200,0,0.0
2020,Puget Sound,200,95,0.475
2020,Cincinnati Clermont,200,0,0.0
2020,Manchester,200,112,0.56
2020,Huston-Tillotson,200,83,0.415
2020,St. Mary's (TX),200,102,0.51
2020,Carver College,1200,0,0.0
2020,Indiana-South Bend,200,139,0.695
2020,Tennessee Southern,200,53,0.265
2020,Ottawa (AZ),400,109,0.2725
2020,Mars Hill,600,426,0.71
2020,Multnomah University,200,98,0.49
2020,Alma,200,0,0.0
2020,West Coast Baptist,600,529,0.8816666666666667
2020,Montana-Western,200,104,0.52
2020,Peru State,399,14,0.03508771929824561
2020,Midland University,400,0,0.0
2020,Holy Names University,199,97,0.48743718592964824
2020,St. Thomas (FL),200,0,0.0
2020,Northwestern Ohio,200,175,0.875
2020,Concord,400,168,0.42
2020,Fairmont St,200,0,0.0
2020,Cal State LA,200,86,0.43
2020,Williams Baptist,200,99,0.495
2020,Mount St. Joseph,200,21,0.105
2020,Goucher,400,161,0.4025
2020,Florida College,200,118,0.59
2020,Centenary (NJ),200,156,0.78
2020,Rutgers-Camden,200,0,0.0
2020,Cumberland (TN),200,62,0.31
2020,Shenandoah,200,82,0.41
2020,Texas A&M-International,200,79,0.395
2020,Oklahoma Christian,200,0,0.0
2020,Gordon College,200,139,0.695
2020,Southeastern Baptist College,200,40,0.2
2020,Oberlin,200,0,0.0
2020,Edinboro,200,0,0.0
2020,Concordia-Texas,200,128,0.64
2020,MIT,200,132,0.66
2020,Elizabethtown,199,0,0.0
2020,Hartwick,200,145,0.725
2020,Cal Lutheran,400,173,0.4325
2020,Palm Beach Atlantic,200,109,0.545
2020,Indiana-Kokomo,200,157,0.785
2020,Quincy,400,323,0.8075
2020,Redlands,200,0,0.0
2020,Maryville University (MO),400,0,0.0
2020,Texas Permian Basin,200,52,0.26
2020,Connecticut College,200,0,0.0
2020,Farmingdale State,200,0,0.0
2020,Elmira,200,150,0.75
2020,Tougaloo,200,153,0.765
2020,Michigan-Dearborn,400,191,0.4775
2020,Flagler,200,0,0.0
2020,Gannon,200,0,0.0
2020,Simpson University (CA),600,170,0.2833333333333333
2020,Belmont Abbey,200,0,0.0
2020,Bacone,200,0,0.0
2020,Purdue Northwest,200,0,0.0
2020,East Texas Baptist,200,127,0.635
2020,McKendree,200,73,0.365
2020,Freed-Hardeman,200,0,0.0
2020,Washington Adventist,400,314,0.785
2020,Cornell College (IA),200,33,0.165
2020,Simpson College (IA),200,58,0.29
2020,Bluefield State,400,56,0.14
2020,Marymount (VA),200,0,0.0
2020,Thiel,200,0,0.0
2020,Concordia (WI),200,0,0.0
2020,Olivet Nazarene,200,95,0.475
2020,Illinois Wesleyan,200,0,0.0
2020,UC Santa Cruz,200,130,0.65
2020,Notre Dame de Namur,400,28,0.07
2020,Hiram,200,0,0.0
2020,Pikeville,200,0,0.0
2020,Arkansas-Monticello,200,111,0.555
2020,Chicago,200,0,0.0
2020,Hampden-Sydney,200,0,0.0
2020,Gettysburg,200,0,0.0
2020,Wesley,200,0,0.0
2020,Ohio-Chillicothe,200,59,0.295
2020,Wisconsin-Lutheran,200,135,0.675
2020,Southwest Baptist,200,0,0.0
2020,New York Institute Of Technology,200,159,0.795
2020,CS San Bernardino,200,0,0.0
2020,Urbana,200,57,0.285
2020,Cortland,200,98,0.49
2020,Arkansas Tech,200,0,0.0
2020,Ohio Northern,200,85,0.425
2020,Maine Maritime,400,0,0.0
2020,Caldwell,400,0,0.0
2020,Geneva,200,0,0.0
2020,East Central (OK),200,85,0.425
2020,Missouri-St. Louis,200,94,0.47
2020,Pine Manor,200,51,0.255
2020,Rio Grande,200,23,0.115
2020,Carson-Newman,200,0,0.0
2020,Nebraska-Kearney,200,0,0.0
2020,Central State Oklahoma,200,0,0.0
2020,Bethany (KS),194,111,0.5721649484536082
2020,Johnson & Wales (CO),200,46,0.23
2020,Concordia-Chicago,200,101,0.505
2020,Tampa,200,33,0.165
2020,Widener,400,0,0.0
2020,Thomas (GA),200,12,0.06
2020,Nebraska Wesleyan,200,0,0.0
2021,Abilene Christian,5800,5297,0.9132758620689655
2021,Air Force,4998,4237,0.8477390956382553
2021,Akron,4650,4123,0.8866666666666667
2021,Alabama A&M,3050,1770,0.580327868852459
2021,Alabama,6623,4777,0.721274346972671
2021,Alabama State,3598,1506,0.41856586992773764
2021,Alcorn State,3800,1198,0.31526315789473686
2021,American University,2100,1385,0.6595238095238095
2021,App State,5925,3499,0.5905485232067511
2021,Arizona State,5049,3181,0.6300257476728065
2021,Arizona,5251,1563,0.2976575890306608
2021,Arkansas,6424,1988,0.3094645080946451
2021,Arkansas State,4826,2977,0.6168669705760464
2021,Arkansas-Pine Bluff,5044,3175,0.6294607454401269
2021,Army,4426,3197,0.7223226389516494
2021,Auburn,5453,3458,0.6341463414634146
2021,Austin Peay,5450,3440,0.6311926605504588
2021,BYU,5472,2640,0.4824561403508772
2021,Ball State,4650,4296,0.9238709677419354
2021,Baylor,6025,5748,0.9540248962655602
2021,Bellarmine,4400,0,0.0
2021,Belmont,6025,4921,0.8167634854771785
2021,Binghamton,3675,2438,0.6634013605442177
2021,Boise State,5624,4859,0.8639758179231863
2021,Boston College,4025,2694,0.6693167701863354
2021,Boston University,3600,3425,0.9513888888888888
2021,Bowling Green,5250,3523,0.671047619047619
2021,Bradley,5650,4324,0.7653097345132743
2021,Bryant,4398,2271,0.5163710777626194
2021,Bucknell,2400,1743,0.72625
2021,Buffalo,5051,4837,0.9576321520490992
2021,Butler,5072,3986,0.7858832807570978
2021,Cal Poly,4825,2809,0.5821761658031088
2021,Cal State Bakersfield,5225,3999,0.7653588516746411
2021,Cal State Fullerton,3226,1097,0.34004959702417853
2021,Cal State Northridge,4423,1930,0.4363554148767805
2021,California Baptist,4625,2398,0.5184864864864865
2021,California,5800,3687,0.6356896551724138
2021,Campbell,5476,4914,0.8973703433162893
2021,Canisius,2600,1941,0.7465384615384615
2021,Central Arkansas,4801,4362,0.9085607165173922
2021,Central Connecticut,4200,3204,0.7628571428571429
2021,Central Michigan,4600,2123,0.46152173913043476
2021,Charleston,3900,2364,0.6061538461538462
2021,Charleston Southern,4225,2653,0.6279289940828402
2021,Charlotte,5124,3477,0.6785714285714286
2021,Chattanooga,5251,4118,0.784231574938107
2021,Chicago State,1798,1154,0.6418242491657397
2021,Cincinnati,4399,2695,0.6126392361900432
2021,Clemson,4824,4369,0.9056799336650083
2021,Cleveland State,5524,3476,0.6292541636495294
2021,Coastal Carolina,5271,3751,0.7116296717890344
2021,Colgate,3225,2828,0.8768992248062015
2021,Colorado,6400,4914,0.7678125
2021,Colorado State,5599,5324,0.9508840864440079
2021,Coppin State,4400,1827,0.4152272727272727
2021,Creighton,6250,5543,0.88688
2021,Davidson,4426,3583,0.8095345684591053
2021,Dayton,4925,3485,0.7076142131979696
2021,DePaul,3850,1780,0.4623376623376623
2021,Delaware,2999,2290,0.7635878626208736
2021,Delaware State,3825,2542,0.6645751633986928
2021,Denver,4250,2648,0.6230588235294118
2021,Detroit Mercy,4425,1965,0.4440677966101695
2021,Drake,6049,4719,0.7801289469333774
2021,Drexel,4001,3398,0.8492876780804799
2021,Duke,4850,2410,0.49690721649484537
2021,Duquesne,3601,2180,0.6053873923910025
2021,East Carolina,3825,3704,0.9683660130718954
2021,East Tennessee State,5025,2139,0.4256716417910448
2021,Eastern Illinois,5475,3569,0.6518721461187215
2021,Eastern Kentucky,5892,3580,0.6076035302104549
2021,Eastern Michigan,3598,2605,0.7240133407448582
2021,Eastern Washington,4798,4716,0.9829095456440183
2021,Elon,3800,2433,0.6402631578947369
2021,Evansville,5075,3316,0.6533990147783251
2021,Fairfield,5451,3450,0.6329113924050633
2021,Fairleigh Dickinson,4850,3592,0.7406185567010309
2021,Florida A&M,4000,2773,0.69325
2021,Florida Atlantic,4625,3034,0.656
2021,Florida,5025,3976,0.7912437810945273
2021,Florida Gulf Coast,3600,1985,0.5513888888888889
2021,Florida International,5275,3567,0.6762085308056872
2021,Florida State,4849,3728,0.768818313054238
2021,Fordham,2798,2691,0.961758398856326
2021,Fresno State,4825,1997,0.4138860103626943
2021,Furman,5025,4441,0.8837810945273632
2021,Gardner-Webb,5200,2265,0.4355769230769231
2021,George Mason,4528,3459,0.7639134275618374
2021,George Washington,3427,1404,0.409687773562883
2021,Georgetown,5224,2746,0.5256508422664625
2021,Georgia,5225,2560,0.48995215311004786
2021,Georgia Southern,5350,1201,0.22448598130841121
2021,Georgia State,4527,3394,0.749723878948531
2021,Georgia Tech,5324,4818,0.9049586776859504
2021,Gonzaga,6423,3775,0.5877315895998755
2021,Grambling,4824,3622,0.7508291873963516
2021,Grand Canyon,4799,3004,0.625963742446343
2021,Green Bay,5150,3366,0.6535922330097087
2021,Hampton,4997,3146,0.6295777466479888
2021,Hawai'i,4272,1960,0.45880149812734083
2021,High Point,4826,2680,0.5553253211769581
2021,Hofstra,4624,4131,0.8933823529411765
2021,Holy Cross,3225,0,0.0
2021,Houston Christian,5025,2550,0.5074626865671642
2021,Houston,6400,4937,0.77140625
2021,Howard,1000,318,0.318
2021,IU Indianapolis,3601,2283,0.6339905581782838
2021,Idaho State,4850,3234,0.6668041237113402
2021,Idaho,4447,2895,0.6510006746120981
2021,Illinois,6248,4598,0.7359154929577465
2021,Illinois State,5073,2561,0.504829489453972
2021,Incarnate Word,4425,2873,0.6492655367231639
2021,Indiana,5577,4421,0.7927201004124081
2021,Indiana State,5000,3523,0.7046
2021,Iona,3600,1605,0.44583333333333336
2021,Iowa,6225,5342,0.858152610441767
2021,Iowa State,4800,2706,0.56375
2021,Jackson State,3650,2719,0.7449315068493151
2021,Jacksonville,4825,3750,0.7772020725388601
2021,Jacksonville State,5475,1268,0.23159817351598175
2021,James Madison,3998,1778,0.4447223611805903
2021,Kansas City,4800,4010,0.8354166666666667
2021,Kansas,6024,5445,0.9038844621513944
2021,Kansas State,5800,2303,0.39706896551724136
2021,Kennesaw State,4802,1215,0.25301957517700957
2021,Kent State,4625,2858,0.617945945945946
2021,Kentucky,5050,699,0.13841584158415843
2021,LSU,5825,3226,0.5538197424892704
2021,La Salle,5025,3817,0.7596019900497513
2021,Lafayette,3100,2537,0.8183870967741935
2021,Lamar,5651,4044,0.7156255529994692
2021,Lehigh,3023,2377,0.7863049950380416
2021,Liberty,5800,4181,0.7208620689655172
2021,Lipscomb,5424,4287,0.7903761061946902
2021,Little Rock,5250,4503,0.8577142857142858
2021,Long Beach State,3700,2327,0.6289189189189189
2021,Long Island University,3600,2712,0.7533333333333333
2021,Longwood,5801,3643,0.6279951732459921
2021,Louisiana,5249,2478,0.4720899218898838
2021,Louisiana Tech,6398,5519,0.8626133166614567
2021,Louisville,4025,2340,0.5813664596273292
2021,Loyola Chicago,6249,5959,0.9535925748119699
2021,Loyola Maryland,3550,3122,0.8794366197183099
2021,Loyola Marymount,4425,3519,0.7952542372881356
2021,Maine,1800,1255,0.6972222222222222
2021,Manhattan,4125,2083,0.504969696969697
2021,Marist,4250,2265,0.5329411764705883
2021,Marquette,5425,3191,0.5882027649769586
2021,Marshall,4424,3805,0.8600813743218807
2021,Maryland,6197,4875,0.7866709698241084
2021,Massachusetts,3075,1447,0.4705691056910569
2021,McNeese,4801,2705,0.5634242866069569
2021,Memphis,5600,3721,0.6644642857142857
2021,Mercer,5901,4874,0.8259617014065412
2021,Mercyhurst,200,0,0.0
2021,Merrimack,3625,3296,0.9092413793103449
2021,Miami (OH),4625,4563,0.9865945945945946
2021,Miami,5425,4178,0.7701382488479263
2021,Michigan State,5625,5135,0.9128888888888889
2021,Michigan,5425,3047,0.5616589861751152
2021,Middle Tennessee,4599,3913,0.8508371385083714
2021,Milwaukee,4500,2473,0.5495555555555556
2021,Minnesota,5875,3130,0.5327659574468085
2021,Mississippi State,6700,4255,0.6350746268656716
2021,Mississippi Valley State,4801,835,0.17392209956259114
2021,Missouri State,4800,2945,0.6135416666666667
2021,Missouri,5252,4875,0.9282178217821783
2021,Monmouth,4075,3431,0.8419631901840491
2021,Montana,5675,2824,0.49762114537444935
2021,Montana State,4674,2772,0.5930680359435173
2021,Morehead State,6249,4107,0.657225156024964
2021,Morgan State,4400,2792,0.6345454545454545
2021,Mount St. Mary's,4648,2484,0.5344234079173839
2021,Murray State,5225,3957,0.7573205741626794
2021,NC State,5025,3872,0.770547263681592
2021,NJIT,3850,2474,0.6425974025974026
2021,Navy,3650,3316,0.9084931506849315
2021,Nebraska,5425,2394,0.44129032258064516
2021,Nevada,5200,2697,0.5186538461538461
2021,New Hampshire,3825,3074,0.8036601307189543
2021,New Mexico,4452,1824,0.40970350404312667
2021,New Mexico State,4000,2728,0.682
2021,New Orleans,5050,3959,0.783960396039604
2021,Niagara,4000,3633,0.90825
2021,Nicholls,5050,2987,0.5914851485148515
2021,Norfolk State,5025,3856,0.767363184079602
2021,North Alabama,4851,3433,0.7076891362605648
2021,North Carolina A&T,4227,2635,0.6233735509817838
2021,North Carolina Central,2825,2090,0.7398230088495575
2021,North Carolina,5800,2855,0.49224137931034484
2021,North Dakota,5275,2598,0.49251184834123224
2021,North Dakota State,5425,4249,0.7832258064516129
2021,North Florida,4600,3263,0.7093478260869566
2021,North Texas,5650,3996,0.7072566371681416
2021,Northeastern,3825,2554,0.6677124183006536
2021,Northern Arizona,4425,3159,0.7138983050847457
2021,Northern Colorado,4425,3233,0.7306214689265537
2021,Northern Illinois,3822,1992,0.521193092621664
2021,Northern Iowa,5048,3205,0.6349049128367671
2021,Northern Kentucky,5075,3049,0.6007881773399015
2021,Northwestern State,5850,4792,0.8191452991452991
2021,Northwestern,4850,4500,0.9278350515463918
2021,Notre Dame,5200,4487,0.8628846153846154
2021,Oakland,6200,2569,0.41435483870967743
2021,Ohio,5000,3462,0.6924
2021,Ohio State,6274,5243,0.8356710232706407
2021,Oklahoma,5474,3963,0.7239678480087687
2021,Oklahoma State,6125,2669,0.4357551020408163
2021,Old Dominion,4625,3141,0.6791351351351351
2021,Ole Miss,5624,3802,0.6760312944523471
2021,Omaha,4999,3866,0.7733546709341869
2021,Oral Roberts,5825,3930,0.6746781115879829
2021,Oregon,5401,3591,0.6648768746528421
2021,Oregon State,6651,4516,0.6789956397534206
2021,Pacific,3674,2863,0.7792596624931954
2021,Penn State,5050,4434,0.878019801980198
2021,Pepperdine,5500,4789,0.8707272727272727
2021,Pittsburgh,4400,3175,0.7215909090909091
2021,Portland,4225,715,0.16923076923076924
2021,Portland State,4425,987,0.22305084745762713
2021,Prairie View A&M,4200,1923,0.45785714285714285
2021,Presbyterian,4425,1084,0.24497175141242938
2021,Providence,5300,4983,0.940188679245283
2021,Purdue,5650,4475,0.7920353982300885
2021,Purdue Fort Wayne,4775,2465,0.5162303664921466
2021,Quinnipiac,4475,3217,0.7188826815642458
2021,Radford,5498,3241,0.5894870862131685
2021,Rhode Island,5100,2724,0.5341176470588235
2021,Rice,5599,2559,0.4570459010537596
2021,Richmond,4599,4377,0.9517286366601435
2021,Rider,4626,2054,0.4440121054907047
2021,Robert Morris,3951,2363,0.598076436345229
2021,Rutgers,5625,5063,0.9000888888888889
2021,SE Louisiana,5275,2239,0.4244549763033175
2021,SIU Edwardsville,5200,2491,0.4790384615384615
2021,SMU,3402,3212,0.9441504997060552
2021,Sacramento State,4075,3125,0.7668711656441718
2021,Sacred Heart,3675,1767,0.48081632653061224
2021,Saint Joseph's,4122,2256,0.5473071324599709
2021,Saint Louis,4200,3813,0.9078571428571428
2021,Saint Mary's,4800,3954,0.82375
2021,Saint Peter's,5000,4023,0.8046
2021,Sam Houston,5600,2062,0.3682142857142857
2021,Samford,3876,1241,0.3201754385964912
2021,San Diego State,5625,4051,0.7201777777777778
2021,San Diego,2826,1714,0.6065109695682944
2021,San Francisco,5000,4334,0.8668
2021,San José State,4200,2811,0.6692857142857143
2021,Santa Clara,4000,3337,0.83425
2021,Seattle U,4626,1582,0.341980112408128
2021,Seton Hall,5475,5107,0.9327853881278538
2021,Siena,3400,1985,0.5838235294117647
2021,South Alabama,5675,2880,0.507488986784141
2021,South Carolina,4200,3446,0.8204761904761905
2021,South Carolina State,3624,1517,0.418598233995585
2021,South Carolina Upstate,4600,4471,0.9719565217391304
2021,South Dakota,4999,3272,0.6545309061812362
2021,South Dakota State,4600,3824,0.831304347826087
2021,South Florida,4426,3475,0.7851333032083145
2021,Southeast Missouri State,5549,3415,0.6154262029194449
2021,Southern Illinois,5250,2669,0.5083809523809524
2021,Southern,3875,2711,0.6996129032258065
2021,Southern Miss,5025,2307,0.4591044776119403
2021,Southern Utah,4824,3134,0.6496683250414593
2021,St. Bonaventure,4200,3251,0.7740476190476191
2021,St. Francis (PA),4451,2718,0.6106492922938666
2021,St. John's,5474,2900,0.5297771282426014
2021,Stanford,5499,3597,0.6541189307146754
2021,Stephen F. Austin,4251,3292,0.7744060221124441
2021,Stetson,5450,3732,0.6847706422018348
2021,Stony Brook,4650,1916,0.4120430107526882
2021,Syracuse,5625,4101,0.7290666666666666
2021,TCU,5225,3798,0.72688995215311
2021,Tarleton State,4001,0,0.0
2021,Temple,3201,1647,0.514526710402999
2021,Tennessee State,4648,2807,0.6039156626506024
2021,Tennessee Tech,5425,2847,0.5247926267281106
2021,Tennessee,5400,3874,0.7174074074074074
2021,Texas A&M,3600,2620,0.7277777777777777
2021,Texas A&M-Corpus Christi,4801,3165,0.659237658821079
2021,Texas,5475,4940,0.902283105022831
2021,Texas Southern,5225,2570,0.49186602870813395
2021,Texas State,5074,4302,0.8478517934568388
2021,Texas Tech,5942,2864,0.4819925950858297
2021,The Citadel,4999,3936,0.7873574714942989
2021,Toledo,6075,3193,0.5255967078189301
2021,Towson,3650,2706,0.7413698630136987
2021,Troy,5625,3154,0.5607111111111112
2021,Tulane,4600,1912,0.4156521739130435
2021,Tulsa,4601,3397,0.7383177570093458
2021,UAB,5798,2925,0.5044843049327354
2021,UAlbany,3200,1182,0.369375
2021,UC Davis,3675,3211,0.8737414965986394
2021,UC Irvine,5452,3978,0.7296404988994865
2021,UC Riverside,4450,2594,0.5829213483146067
2021,UC San Diego,3425,0,0.0
2021,UC Santa Barbara,5450,4037,0.7407339449541285
2021,UCF,4625,2680,0.5794594594594594
2021,UCLA,6624,5323,0.8035929951690821
2021,UConn,4625,3302,0.713945945945946
2021,UIC,4449,2478,0.5569790964261632
2021,UL Monroe,5224,1621,0.31029862174578865
2021,UMBC,3999,3674,0.9187296824206052
2021,UMass Lowell,4596,3342,0.7271540469973891
2021,UNC Asheville,4075,3402,0.8348466257668712
2021,UNC Greensboro,6025,4810,0.7983402489626557
2021,UNC Wilmington,3425,2517,0.7348905109489051
2021,UNLV,5400,3122,0.5781481481481482
2021,USC,6586,2288,0.3474035833586395
2021,UT Arlington,5225,3403,0.6512918660287081
2021,UT Martin,4850,1402,0.2890721649484536
2021,UT Rio Grande Valley,3800,3046,0.8015789473684211
2021,UTEP,4825,3132,0.6491191709844559
2021,UTSA,5200,3933,0.7563461538461539
2021,Utah State,5800,4283,0.738448275862069
2021,Utah Tech,4200,837,0.1992857142857143
2021,Utah,5051,3947,0.7814294199168481
2021,Utah Valley,4425,1960,0.4429378531073446
2021,VCU,5225,2624,0.5022009569377991
2021,VMI,5050,4112,0.8142574257425742
2021,Valparaiso,5650,4053,0.7173451327433629
2021,Vanderbilt,5000,3831,0.7662
2021,Vermont,3050,2519,0.8259016393442623
2021,Villanova,5025,5022,0.9994029850746269
2021,Virginia,5025,3490,0.6945273631840796
2021,Virginia Tech,4476,3259,0.7281054512957998
2021,Wagner,4075,2850,0.6993865030674846
2021,Wake Forest,4422,1830,0.41383989145183175
2021,Washington,5200,3864,0.7430769230769231
2021,Washington State,5549,3228,0.5817264371958911
2021,Weber State,4600,1027,0.2232608695652174
2021,West Virginia,5874,5565,0.9473953013278856
2021,Western Carolina,5525,4196,0.7594570135746607
2021,Western Illinois,4400,386,0.08772727272727272
2021,Western Kentucky,5848,4341,0.7423050615595075
2021,Western Michigan,4200,2935,0.6988095238095238
2021,Wichita State,4288,2674,0.6236007462686567
2021,William & Mary,3425,2165,0.6321167883211679
2021,Winthrop,5000,4605,0.921
2021,Wisconsin,6250,5351,0.85616
2021,Wofford,4826,3286,0.6808951512639867
2021,Wright State,4825,4395,0.910880829015544
2021,Wyoming,5049,2401,0.47553971083382846
2021,Xavier,4250,2222,0.5228235294117647
2021,Youngstown State,5475,3622,0.6615525114155251
2021,Queens University,600,0,0.0
2021,Hartford,4800,4448,0.9266666666666666
2021,St. Francis Brooklyn,3825,2512,0.6567320261437909
2021,Piedmont,400,343,0.8575
2021,Alice Lloyd College,400,347,0.8675
2021,Columbia International,1200,730,0.6083333333333333
2021,NC Wesleyan,1000,598,0.598
2021,Newberry,200,0,0.0
2021,LSU Alexandria,600,0,0.0
2021,Dallas Christian,1200,73,0.060833333333333336
2021,Bethel (TN),187,15,0.08021390374331551
2021,Northeastern State,200,0,0.0
2021,St. Francis (IL),400,167,0.4175
2021,Paul Quinn,200,66,0.33
2021,Champion Christian,1399,666,0.4760543245175125
2021,Western New Mexico,200,85,0.425
2021,Howard Payne,800,403,0.50375
2021,William Carey,400,26,0.065
2021,Sul Ross State,400,0,0.0
2021,Hawai'i Hilo,200,57,0.285
2021,Northwest University,1200,61,0.050833333333333335
2021,Jessup University,1000,422,0.422
2021,Toccoa Falls,800,662,0.8275
2021,St. Andrews,600,330,0.55
2021,Bethesda University,2400,0,0.0
2021,Oakwood,223,0,0.0
2021,University of Health Sciences & Pharmacy,200,200,1.0
2021,Coastal Georgia,400,108,0.27
2021,Kansas Christian,400,0,0.0
2021,McMurry,800,78,0.0975
2021,Nelson,401,40,0.09975062344139651
2021,Lancaster Bible College,400,0,0.0
2021,Bluefield University,200,0,0.0
2021,Mount Marty College,400,153,0.3825
2021,Dickinson State (ND),200,18,0.09
2021,LeTourneau,1000,677,0.677
2021,Loyola New Orleans,200,194,0.97
2021,Colorado Christian,200,92,0.46
2021,Tusculum,200,5,0.025
2021,Crowley's Ridge,800,504,0.63
2021,Westminster (UT),600,244,0.4066666666666667
2021,Florida National,1200,1060,0.8833333333333333
2021,La Sierra,200,0,0.0
2021,Southern Virginia,200,22,0.11
2021,Spring Hill,200,92,0.46
2021,Mount Aloysius,200,134,0.67
2021,Southern Wesleyan,600,420,0.7
2021,Edward Waters,200,68,0.34
2021,St. Ambrose,400,0,0.0
2021,Rogers State,200,99,0.495
2021,Hawai'i Pacific,200,158,0.79
2021,Dalton State,200,0,0.0
2021,Judson University,400,210,0.525
2021,Our Lady Of The Lake,1999,1208,0.6043021510755378
2021,Arlington Baptist,600,281,0.4683333333333333
2021,Campbellsville-Harrodsburg,393,220,0.5597964376590331
2021,Merchant Marine Academy,200,66,0.33
2021,Hardin-Simmons,400,0,0.0
2021,Southwestern Adventist,401,0,0.0
2021,Rust,200,39,0.195
2021,Webber International,200,56,0.28
2021,Virginia Wesleyan,200,0,0.0
2021,Southwestern Christian,400,151,0.3775
2021,Mobile,600,296,0.49333333333333335
2021,Benedictine (AZ),1000,647,0.647
2021,Malone,200,153,0.765
2021,Covenant,400,169,0.4225
2021,Warner Pacific,600,0,0.0
2021,Doane,200,138,0.69
2021,Concordia-Irvine,200,0,0.0
2021,Fresno Pacific,1000,733,0.733
2021,WVU Tech,400,0,0.0
2021,Vanguard,200,125,0.625
2021,Point Park,768,0,0.0
2021,St. Mary's (MD),800,246,0.3075
2021,University of Saint Katherine,2000,476,0.238
2021,Rhode Island College,200,0,0.0
2021,Westmont,400,349,0.8725
2021,Limestone,400,0,0.0
2021,Belhaven,200,0,0.0
2021,Coe,200,123,0.615
2021,George Fox,200,53,0.265
2021,Northwest Nazarene,200,123,0.615
2021,CSU Pueblo,200,0,0.0
2021,Adams State,400,63,0.1575
2021,Greensboro College,1000,684,0.684
2021,Florida Memorial,400,177,0.4425
2021,Truman State,200,8,0.04
2021,LSU Shreveport,200,0,0.0
2021,Trevecca Nazarene,200,124,0.62
2021,San Diego Christian,600,288,0.48
2021,Rochester University (MI),200,91,0.455
2021,Missouri S&T,200,0,0.0
2021,Central Baptist College,400,0,0.0
2021,St. Mary's (TX),200,133,0.665
2021,Mars Hill,200,159,0.795
2021,Carlow,200,0,0.0
2021,Montana-Western,200,65,0.325
2021,Lincoln (PA),400,175,0.4375
2021,Saint Martin's,400,0,0.0
2021,Mary Hardin-Baylor,400,0,0.0
2021,Mount St. Joseph,600,448,0.7466666666666667
2021,Florida College,400,178,0.445
2021,Texas A&M-International,400,58,0.145
2021,Regis (CO),400,0,0.0
2021,Culver-Stockton,200,12,0.06
2021,Phoenix,200,0,0.0
2021,Transylvania,1000,0,0.0
2021,Chowan,200,0,0.0
2021,Yellowstone Christian College,600,0,0.0
2021,Keene St,200,0,0.0
2021,Quincy,400,162,0.405
2021,Texas Permian Basin,400,40,0.1
2021,North Georgia,600,0,0.0
2021,Lander,200,0,0.0
2021,Carver College,4200,534,0.12714285714285714
2021,Flagler,1200,543,0.4525
2021,Simpson University (CA),199,99,0.49748743718592964
2021,Columbus State,225,0,0.0
2021,Greenville,598,0,0.0
2021,Emmanuel (MA),400,0,0.0
2021,Belmont Abbey,225,114,0.5066666666666667
2021,Bacone,200,64,0.32
2021,Washburn,200,0,0.0
2021,Purdue Northwest,600,0,0.0
2021,East Texas Baptist,200,75,0.375
2021,Adrian,402,0,0.0
2021,College of Idaho,1000,356,0.356
2021,Salem University,200,0,0.0
2021,Lewis,400,91,0.2275
2021,Fort Hays State,200,35,0.175
2021,Tuskegee,200,96,0.48
2021,McKendree,400,300,0.75
2021,Cedarville,200,30,0.15
2021,William Jewell,200,26,0.13
2021,Emporia St,200,21,0.105
2021,Freed-Hardeman,400,214,0.535
2021,Lee,200,0,0.0
2021,Olivet,400,0,0.0
2021,Newman University,200,0,0.0
2021,Catawba,200,0,0.0
2021,Midwestern State,202,0,0.0
2021,Whitworth,200,34,0.17
2021,Calvin University,200,0,0.0
2021,Wingate,198,0,0.0
2021,Benedict,200,0,0.0
2021,Bluefield State,181,140,0.7734806629834254
2022,Abilene Christian,7301,6507,0.8912477742774962
2022,Air Force,5799,2779,0.47922055526814966
2022,Akron,6825,5598,0.8202197802197803
2022,Alabama A&M,6100,5842,0.9577049180327869
2022,Alabama,6624,4438,0.669987922705314
2022,Alabama State,6049,3244,0.5362869895850554
2022,Alcorn State,6850,3189,0.4655474452554745
2022,American University,6450,4943,0.7663565891472868
2022,App State,6824,6545,0.9591148886283705
2022,Arizona State,6299,2243,0.3560882679790443
2022,Arizona,7450,5110,0.6859060402684564
2022,Arkansas,7450,3801,0.5102013422818792
2022,Arkansas State,5823,4974,0.854198866563627
2022,Arkansas-Pine Bluff,6225,2447,0.39309236947791165
2022,Army,6250,5186,0.82976
2022,Auburn,6898,2470,0.3580748042910989
2022,Austin Peay,5874,2243,0.3818522301668369
2022,BYU,7050,4236,0.6008510638297873
2022,Ball State,6225,2249,0.361285140562249
2022,Baylor,6850,3538,0.5164963503649636
2022,Bellarmine,6624,5870,0.8861714975845411
2022,Belmont,6649,5739,0.8631373138817867
2022,Bethune-Cookman,6050,980,0.16198347107438016
2022,Binghamton,5825,3908,0.6709012875536481
2022,Boise State,7071,6088,0.8609814736246642
2022,Boston College,6701,3176,0.4739591105805104
2022,Boston University,7075,6710,0.9484098939929329
2022,Bowling Green,6248,3766,0.602752880921895
2022,Bradley,6225,2781,0.44674698795180723
2022,Brown,5798,3125,0.5389789582614695
2022,Bryant,6449,4227,0.6554504574352613
2022,Bucknell,6547,5008,0.7649305025202383
2022,Buffalo,6000,4707,0.7845
2022,Butler,6675,4721,0.7072659176029963
2022,Cal Poly,5676,3816,0.6723044397463002
2022,Cal State Bakersfield,5398,3243,0.600778065950352
2022,Cal State Fullerton,6400,4069,0.63578125
2022,Cal State Northridge,6075,2959,0.4870781893004115
2022,California Baptist,6825,4438,0.6502564102564102
2022,California,6450,4816,0.7466666666666667
2022,Campbell,5850,5790,0.9897435897435898
2022,Canisius,6453,5902,0.9146133581280025
2022,Central Arkansas,6251,3614,0.5781474964005759
2022,Central Connecticut,6474,3322,0.5131294408402842
2022,Central Michigan,6024,1115,0.1850929614873838
2022,Charleston,6450,1187,0.18403100775193798
2022,Charleston Southern,6226,2579,0.4142306456794089
2022,Charlotte,6199,3415,0.5508953056944669
2022,Chattanooga,7050,5979,0.8480851063829787
2022,Chicago State,6400,1303,0.20359375
2022,Cincinnati,6598,4057,0.6148832979690816
2022,Clemson,6650,4495,0.6759398496240602
2022,Cleveland State,6325,4699,0.7429249011857707
2022,Coastal Carolina,6675,3132,0.4692134831460674
2022,Colgate,7024,6884,0.9800683371298405
2022,Colorado,6650,5409,0.8133834586466165
2022,Colorado State,6253,5158,0.8248840556532864
2022,Columbia,5225,1400,0.2679425837320574
2022,Coppin State,6399,2860,0.44694483513048916
2022,Cornell,5224,2850,0.5455589586523737
2022,Creighton,7075,2757,0.38968197879858657
2022,Dartmouth,5075,2844,0.5603940886699508
2022,Davidson,6824,5439,0.7970398593200468
2022,Dayton,7024,2984,0.42482915717539865
2022,DePaul,6225,2924,0.469718875502008
2022,Delaware,7050,5083,0.7209929078014184
2022,Delaware State,5625,4560,0.8106666666666666
2022,Denver,6475,906,0.13992277992277993
2022,Detroit Mercy,5999,3432,0.5720953492248708
2022,Drake,7351,5783,0.7866956876615426
2022,Drexel,5850,4824,0.8246153846153846
2022,Duke,7825,3846,0.49150159744408944
2022,Duquesne,6100,1843,0.3021311475409836
2022,East Carolina,6048,3503,0.5791997354497355
2022,East Tennessee State,6424,3909,0.6084993773349938
2022,East Texas A&M,400,127,0.3175
2022,Eastern Illinois,6199,2116,0.34134537828682043
2022,Eastern Kentucky,6327,5042,0.796902165323218
2022,Eastern Michigan,6350,2139,0.3368503937007874
2022,Eastern Washington,6850,1760,0.2569343065693431
2022,Elon,6398,5488,0.8577680525164114
2022,Evansville,6124,4002,0.6534944480731548
2022,Fairfield,6674,6027,0.9030566376985316
2022,Fairleigh Dickinson,5251,2636,0.5019996191201676
2022,Florida A&M,6050,5401,0.8927272727272727
2022,Florida Atlantic,6824,5361,0.785609613130129
2022,Florida,6850,3046,0.44467153284671534
2022,Florida Gulf Coast,6949,3451,0.49661821844869763
2022,Florida International,6526,3680,0.5638982531412811
2022,Florida State,6250,2948,0.47168
2022,Fordham,6500,2665,0.41
2022,Fresno State,7322,6738,0.9202403714832013
2022,Furman,6950,5159,0.7423021582733813
2022,Gardner-Webb,6197,4728,0.7629498144263354
2022,George Mason,6125,2660,0.4342857142857143
2022,George Washington,6076,2942,0.48420013166556947
2022,Georgetown,6200,3310,0.5338709677419354
2022,Georgia,6199,944,0.1522826262300371
2022,Georgia Southern,5850,4996,0.854017094017094
2022,Georgia State,5875,4950,0.8425531914893617
2022,Georgia Tech,6500,4749,0.7306153846153847
2022,Gonzaga,6400,3605,0.56328125
2022,Grambling,6400,3379,0.52796875
2022,Grand Canyon,6199,3551,0.5728343281174383
2022,Green Bay,5999,2863,0.47724620770128356
2022,Hampton,5650,2817,0.49858407079646017
2022,Harvard,5275,3397,0.6439810426540284
2022,Hawai'i,5600,3515,0.6276785714285714
2022,High Point,6576,6387,0.9712591240875912
2022,Hofstra,6450,2595,0.40232558139534885
2022,Holy Cross,6200,0,0.0
2022,Houston Christian,5900,3359,0.569322033898305
2022,Houston,7673,3848,0.5014987618923498
2022,Howard,5825,3143,0.5395708154506438
2022,IU Indianapolis,5800,3255,0.5612068965517242
2022,Idaho State,6024,5018,0.8330013280212484
2022,Idaho,6251,1543,0.24684050551911693
2022,Illinois,6650,4913,0.738796992481203
2022,Illinois State,6778,4192,0.6184715255237533
2022,Incarnate Word,6399,3807,0.5949367088607594
2022,Indiana,7075,3727,0.5267844522968198
2022,Indiana State,6325,2746,0.4341501976284585
2022,Iona,6650,3406,0.5121804511278195
2022,Iowa,7250,6008,0.8286896551724138
2022,Iowa State,7051,1128,0.1599773081832364
2022,Jackson State,6026,3483,0.577995353468304
2022,Jacksonville,6224,2361,0.37933804627249357
2022,Jacksonville State,6474,5437,0.8398208217485326
2022,James Madison,5876,3653,0.6216814159292036
2022,Kansas City,6201,3147,0.5074987905176584
2022,Kansas,8075,6397,0.7921981424148606
2022,Kansas State,6250,3613,0.57808
2022,Kennesaw State,6298,4929,0.7826294061606859
2022,Kent State,6800,4281,0.6295588235294117
2022,Kentucky,6849,2424,0.3539202803328953
2022,LSU,6850,2894,0.4224817518248175
2022,La Salle,6075,4191,0.6898765432098766
2022,Lafayette,6125,4794,0.7826938775510204
2022,Lamar,5800,2754,0.4748275862068966
2022,Lehigh,6425,4654,0.7243579766536965
2022,Liberty,6651,5202,0.7821380243572396
2022,Lipscomb,6600,5184,0.7854545454545454
2022,Little Rock,5700,3363,0.59
2022,Long Beach State,6676,4282,0.6414020371479928
2022,Long Island University,6050,4530,0.7487603305785124
2022,Longwood,6650,4327,0.6506766917293233
2022,Louisiana,6252,3977,0.6361164427383237
2022,Louisiana Tech,6800,4280,0.6294117647058823
2022,Louisville,6450,2434,0.37736434108527134
2022,Loyola Chicago,6699,5234,0.7813106433796089
2022,Loyola Maryland,6050,4435,0.7330578512396694
2022,Loyola Marymount,5850,3403,0.5817094017094017
2022,Maine,5800,2480,0.42758620689655175
2022,Manhattan,6075,4437,0.7303703703703703
2022,Marist,6076,4114,0.6770901909150757
2022,Marquette,6450,2089,0.3238759689922481
2022,Marshall,6600,5932,0.8987878787878788
2022,Maryland Eastern Shore,5450,1470,0.26972477064220185
2022,Maryland,6451,3146,0.48767632925127885
2022,Massachusetts,6475,2782,0.4296525096525097
2022,McNeese,6747,2062,0.30561731139765824
2022,Memphis,6600,3675,0.5568181818181818
2022,Mercer,6650,4321,0.6497744360902256
2022,Merrimack,6050,5798,0.9583471074380165
2022,Miami (OH),6446,5500,0.8532423208191127
2022,Miami,7425,4338,0.5842424242424242
2022,Michigan State,7200,4659,0.6470833333333333
2022,Michigan,6800,3320,0.48823529411764705
2022,Middle Tennessee,7550,4427,0.5863576158940398
2022,Milwaukee,6400,5374,0.8396875
2022,Minnesota,6051,721,0.11915385886630309
2022,Mississippi State,6875,3440,0.5003636363636363
2022,Mississippi Valley State,5724,2085,0.3642557651991614
2022,Missouri State,6849,4599,0.671484888304862
2022,Missouri,6625,2149,0.32437735849056604
2022,Monmouth,6850,4739,0.6918248175182482
2022,Montana,6424,5334,0.8303237858032378
2022,Montana State,7076,5515,0.7793951384963256
2022,Morehead State,6825,4345,0.6366300366300366
2022,Morgan State,5625,4160,0.7395555555555555
2022,Mount St. Mary's,6050,4596,0.7596694214876033
2022,Murray State,6824,4191,0.6141559202813599
2022,NC State,6525,4459,0.6833716475095786
2022,NJIT,5875,4420,0.7523404255319149
2022,Navy,6450,6371,0.9877519379844961
2022,Nebraska,6524,3050,0.467504598405886
2022,Nevada,6200,4503,0.7262903225806452
2022,New Hampshire,5600,4915,0.8776785714285714
2022,New Mexico,6450,1686,0.26139534883720933
2022,New Mexico State,6825,3650,0.5347985347985348
2022,New Orleans,6450,3543,0.5493023255813954
2022,Niagara,6077,3857,0.6346881685041962
2022,Nicholls,6650,2769,0.41639097744360903
2022,Norfolk State,6200,3643,0.5875806451612903
2022,North Alabama,6050,4149,0.6857851239669421
2022,North Carolina A&T,6448,2945,0.4567307692307692
2022,North Carolina Central,6275,1637,0.2608764940239044
2022,North Carolina,7875,5874,0.745904761904762
2022,North Dakota,6224,2793,0.44874678663239076
2022,North Dakota State,6699,5927,0.8847589192416778
2022,North Florida,6250,5095,0.8152
2022,North Texas,6450,4790,0.7426356589147287
2022,Northeastern,6250,4671,0.74736
2022,Northern Arizona,6452,4010,0.6215127092374457
2022,Northern Colorado,7675,3123,0.4069055374592834
2022,Northern Illinois,6025,3968,0.6585892116182572
2022,Northern Iowa,6525,6525,1.0
2022,Northern Kentucky,6500,4430,0.6815384615384615
2022,Northwestern State,6401,4201,0.6563037025464771
2022,Northwestern,6332,4947,0.7812697409981049
2022,Notre Dame,7097,5084,0.7163590249401155
2022,Oakland,6425,4420,0.6879377431906615
2022,Ohio,7000,4679,0.6684285714285715
2022,Ohio State,6450,3988,0.6182945736434109
2022,Oklahoma,7102,3003,0.4228386370036609
2022,Oklahoma State,6151,4323,0.7028125508047472
2022,Old Dominion,6423,4423,0.6886190253775494
2022,Ole Miss,6473,3482,0.5379267727483392
2022,Omaha,6000,3585,0.5975
2022,Oral Roberts,6250,4724,0.75584
2022,Oregon,7049,3080,0.4369414101290963
2022,Oregon State,6300,3398,0.5393650793650794
2022,Pacific,6025,2312,0.3837344398340249
2022,Penn State,6274,4002,0.63787057698438
2022,Pennsylvania,5651,3523,0.6234294815076977
2022,Pepperdine,6450,3104,0.4812403100775194
2022,Pittsburgh,6400,3909,0.61078125
2022,Portland,6825,27,0.003956043956043956
2022,Portland State,6250,2644,0.42304
2022,Prairie View A&M,5475,3030,0.5534246575342465
2022,Presbyterian,6625,5451,0.8227924528301886
2022,Princeton,6075,4983,0.8202469135802469
2022,Providence,6725,4593,0.6829739776951673
2022,Purdue,7474,6976,0.9333690125769334
2022,Purdue Fort Wayne,6700,5128,0.7653731343283582
2022,Quinnipiac,6226,4408,0.7079987150658529
2022,Radford,5864,3635,0.6198840381991815
2022,Rhode Island,6199,5063,0.8167446362316503
2022,Rice,6700,4841,0.7225373134328358
2022,Richmond,7450,7422,0.996241610738255
2022,Rider,6675,4433,0.6641198501872659
2022,Robert Morris,6450,2813,0.43612403100775193
2022,Rutgers,6499,5783,0.889829204492999
2022,SE Louisiana,6825,3494,0.511941391941392
2022,SIU Edwardsville,6474,4275,0.6603336422613532
2022,SMU,6625,2523,0.3808301886792453
2022,Sacramento State,5825,3689,0.6333047210300429
2022,Sacred Heart,6050,5360,0.8859504132231405
2022,Saint Joseph's,6049,3847,0.6359728880806745
2022,Saint Louis,7076,5353,0.7565008479366874
2022,Saint Mary's,6801,6288,0.9245699161887958
2022,Saint Peter's,6850,5156,0.7527007299270073
2022,Sam Houston,6625,3707,0.5595471698113208
2022,Samford,6450,2369,0.36728682170542637
2022,San Diego State,6475,4867,0.7516602316602317
2022,San Diego,6250,2381,0.38096
2022,San Francisco,6824,3843,0.5631594372801876
2022,San José State,6224,2102,0.33772493573264784
2022,Santa Clara,6625,4022,0.6070943396226415
2022,Seattle U,6426,4520,0.7033924680983504
2022,Seton Hall,6425,4065,0.6326848249027237
2022,Siena,5875,1897,0.3228936170212766
2022,South Alabama,6650,1098,0.1651127819548872
2022,South Carolina,6225,1987,0.3191967871485944
2022,South Carolina State,6275,1905,0.3035856573705179
2022,South Carolina Upstate,6447,4126,0.6399875911276562
2022,South Dakota,6250,5671,0.90736
2022,South Dakota State,7025,6032,0.8586476868327402
2022,South Florida,6200,2429,0.3917741935483871
2022,Southeast Missouri State,6425,4954,0.7710505836575875
2022,Southern Illinois,6199,4909,0.791901919664462
2022,Southern,6224,2963,0.476060411311054
2022,Southern Miss,6650,3607,0.542406015037594
2022,Southern Utah,7100,7020,0.9887323943661972
2022,St. Bonaventure,6625,5837,0.8810566037735849
2022,St. Francis (PA),6074,6060,0.9976950938426078
2022,St. John's,6450,2785,0.4317829457364341
2022,St. Thomas-Minnesota,5998,0,0.0
2022,Stanford,6425,4622,0.7193774319066147
2022,Stephen F. Austin,6426,4414,0.686896981014628
2022,Stetson,6097,5100,0.836476955879941
2022,Stony Brook,6225,4293,0.6896385542168675
2022,Syracuse,6725,3715,0.5524163568773234
2022,TCU,6850,3208,0.46832116788321165
2022,Tarleton State,6224,4982,0.8004498714652957
2022,Temple,5850,4752,0.8123076923076923
2022,Tennessee State,6425,2653,0.4129182879377432
2022,Tennessee Tech,6450,4170,0.6465116279069767
2022,Tennessee,7050,4059,0.5757446808510638
2022,Texas A&M,8099,2800,0.34572169403630076
2022,Texas A&M-Corpus Christi,7025,2410,0.34306049822064055
2022,Texas,6850,2717,0.3966423357664234
2022,Texas Southern,6425,4307,0.6703501945525292
2022,Texas State,5825,4652,0.7986266094420601
2022,Texas Tech,7474,2695,0.3605833556328606
2022,The Citadel,6325,4443,0.7024505928853755
2022,Toledo,6800,4743,0.6975
2022,Towson,6825,3557,0.5211721611721611
2022,Troy,6499,3736,0.5748576704108325
2022,Tulane,5875,4288,0.729872340425532
2022,Tulsa,6198,2514,0.40561471442400776
2022,UAB,7073,3947,0.5580376078043263
2022,UAlbany,6225,3040,0.4883534136546185
2022,UC Davis,4824,4007,0.8306384742951907
2022,UC Irvine,5000,4636,0.9272
2022,UC Riverside,5673,5037,0.8878900052882073
2022,UC San Diego,5825,4462,0.7660085836909871
2022,UC Santa Barbara,5725,4530,0.7912663755458516
2022,UCF,6024,4207,0.6983731739707836
2022,UCLA,7124,6084,0.8540145985401459
2022,UConn,6725,6213,0.9238661710037175
2022,UIC,6075,2244,0.3693827160493827
2022,UL Monroe,6275,4406,0.7021513944223108
2022,UMBC,6425,5377,0.8368871595330739
2022,UMass Lowell,6250,3277,0.52432
2022,UNC Asheville,6550,5237,0.7995419847328245
2022,UNC Greensboro,6475,3978,0.6143629343629343
2022,UNC Wilmington,7350,3962,0.539047619047619
2022,UNLV,6400,1354,0.2115625
2022,USC,6850,5593,0.8164963503649635
2022,UT Arlington,6000,3752,0.6253333333333333
2022,UT Martin,6000,0,0.0
2022,UT Rio Grande Valley,6200,2610,0.42096774193548386
2022,UTEP,6850,4513,0.6588321167883212
2022,UTSA,6424,4043,0.6293586550435866
2022,Utah State,6900,3957,0.5734782608695652
2022,Utah Tech,6225,4687,0.7529317269076305
2022,Utah,6250,1847,0.29552
2022,Utah Valley,6525,4395,0.6735632183908046
2022,VCU,6425,4337,0.6750194552529183
2022,VMI,6476,5014,0.7742433600988264
2022,Valparaiso,6600,2458,0.37242424242424244
2022,Vanderbilt,7246,5272,0.7275738338393597
2022,Vermont,6825,5560,0.8146520146520146
2022,Villanova,7625,7374,0.9670819672131148
2022,Virginia,7025,4597,0.6543772241992882
2022,Virginia Tech,7225,5708,0.7900346020761245
2022,Wagner,5500,3539,0.6434545454545455
2022,Wake Forest,7100,2330,0.32816901408450705
2022,Washington,6475,2411,0.37235521235521235
2022,Washington State,7425,4332,0.5834343434343434
2022,Weber State,6625,3744,0.5651320754716981
2022,West Virginia,6594,4795,0.727176220806794
2022,Western Carolina,6475,1269,0.195984555984556
2022,Western Illinois,6500,3687,0.5672307692307692
2022,Western Kentucky,6399,4182,0.653539615564932
2022,Western Michigan,6276,2381,0.3793817718291906
2022,Wichita State,5674,4368,0.7698272823405006
2022,William & Mary,6473,3608,0.5573922447087903
2022,Winthrop,6558,3708,0.565416285452882
2022,Wisconsin,6600,4894,0.7415151515151515
2022,Wofford,6225,5721,0.9190361445783133
2022,Wright State,7198,5585,0.7759099749930536
2022,Wyoming,6898,5775,0.8371991881704842
2022,Xavier,7300,5725,0.7842465753424658
2022,Yale,6225,4555,0.7317269076305221
2022,Youngstown State,6825,3746,0.5488644688644688
2022,Hartford,6425,4723,0.7350972762645914
2022,St. Francis Brooklyn,6050,2292,0.3788429752066116
2022,Centenary (LA),200,102,0.51
2022,Birmingham-Southern,200,90,0.45
2022,LaGrange,200,70,0.35
2022,Penn State-York,200,115,0.575
2022,Erskine,400,19,0.0475
2022,Washington College (MD),400,106,0.265
2022,Rivier,200,0,0.0
2022,Piedmont,400,400,1.0
2022,Alice Lloyd College,600,511,0.8516666666666667
2022,Morris College,400,0,0.0
2022,Defiance,600,222,0.37
2022,Mount Olive,200,0,0.0
2022,Mid-Atlantic Christian,600,263,0.43833333333333335
2022,Columbia International,400,295,0.7375
2022,NC Wesleyan,200,193,0.965
2022,Trinity Baptist,400,101,0.2525
2022,William Peace,400,116,0.29
2022,LSU Alexandria,200,106,0.53
2022,Mississippi College,200,32,0.16
2022,Bob Jones,800,247,0.30875
2022,Dallas Christian,1000,582,0.582
2022,Pfeiffer,200,108,0.54
2022,Maryville College (TN),200,90,0.45
2022,Louisiana Christian,400,170,0.425
2022,Randolph College,200,94,0.47
2022,Arkansas Baptist,600,0,0.0
2022,Western Colorado,200,75,0.375
2022,Penn State - Wilkes-Barre,200,69,0.345
2022,Paul Quinn,1000,793,0.793
2022,Trinity (TX),200,63,0.315
2022,Dubuque,200,25,0.125
2022,Dallas,200,0,0.0
2022,Fisk,200,60,0.3
2022,Champion Christian,1200,926,0.7716666666666666
2022,Western New Mexico,400,239,0.5975
2022,Howard Payne,400,187,0.4675
2022,William Carey,400,250,0.625
2022,North Central (MN),400,205,0.5125
2022,Sul Ross State,200,132,0.66
2022,New Mexico Highlands,200,82,0.41
2022,Hawai'i Hilo,625,317,0.5072
2022,Northwest University,200,138,0.69
2022,Jessup University,200,143,0.715
2022,Life Pacific,600,373,0.6216666666666667
2022,San Francisco State,400,150,0.375
2022,Colorado College,400,141,0.3525
2022,La Verne,600,136,0.22666666666666666
2022,Westminster (PA),200,0,0.0
2022,Toccoa Falls,600,343,0.5716666666666667
2022,Maine-Fort Kent,400,37,0.0925
2022,Ohio Christian,200,0,0.0
2022,Boyce,400,137,0.3425
2022,Virginia-Lynchburg,200,0,0.0
2022,St. Andrews,800,707,0.88375
2022,Earlham College,200,20,0.1
2022,Kentucky Christian,600,131,0.21833333333333332
2022,Bethesda University,1996,305,0.15280561122244488
2022,SUNY-Oneonta,200,102,0.51
2022,Oakwood,400,143,0.3575
2022,WPI,200,0,0.0
2022,Purchase,200,29,0.145
2022,Bryan (TN),200,122,0.61
2022,Evergreen State,200,102,0.51
2022,Southwestern (TX),400,206,0.515
2022,Franklin,200,0,0.0
2022,Coastal Georgia,200,137,0.685
2022,Miami (OH)-Hamilton,200,0,0.0
2022,Ohio Wesleyan,200,0,0.0
2022,Kansas Christian,200,37,0.185
2022,McMurry,200,142,0.71
2022,Concordia-Ann Arbor,200,160,0.8
2022,Fredonia State,200,0,0.0
2022,Nelson,800,14,0.0175
2022,Brescia,200,35,0.175
2022,Xavier (LA),200,79,0.395
2022,SUNY Poly,200,104,0.52
2022,Lancaster Bible College,400,284,0.71
2022,Bluefield University,400,319,0.7975
2022,Mount Marty College,200,150,0.75
2022,Menlo,199,103,0.5175879396984925
2022,Dillard,200,0,0.0
2022,Voorhees,400,49,0.1225
2022,Dickinson State (ND),200,101,0.505
2022,District Of Columbia,200,0,0.0
2022,Mary Baldwin,400,0,0.0
2022,Gwynedd-Mercy,400,0,0.0
2022,Carolina University,200,22,0.11
2022,LeTourneau,400,292,0.73
2022,Rhodes,400,149,0.3725
2022,Campbellsville,200,17,0.085
2022,Truett-McConnell,200,44,0.22
2022,Emerson,200,103,0.515
2022,Crowley's Ridge,200,110,0.55
2022,Westminster (UT),201,130,0.6467661691542289
2022,North Greenville,200,111,0.555
2022,Florida National,200,52,0.26
2022,Ecclesia,1000,384,0.384
2022,La Sierra,200,72,0.36
2022,John Jay College,193,0,0.0
2022,Rockford,200,48,0.24
2022,Haskell,200,25,0.125
2022,Trinity Christian (IL),400,181,0.4525
2022,Gallaudet,200,68,0.34
2022,Calvary,200,38,0.19
2022,Spring Hill,600,413,0.6883333333333334
2022,Embry-Riddle (AZ),200,0,0.0
2022,East-West University,400,55,0.1375
2022,Fisher College,600,0,0.0
2022,Saint Elizabeth,200,113,0.565
2022,Stanislaus State,400,111,0.2775
2022,Edward Waters,200,85,0.425
2022,Ferrum,200,74,0.37
2022,Florida Tech,200,68,0.34
2022,Rogers State,200,71,0.355
2022,Midway University,600,336,0.56
2022,Texas Lutheran,200,81,0.405
2022,Northern New Mexico,800,418,0.5225
2022,Hawai'i Pacific,200,143,0.715
2022,Our Lady Of The Lake,400,96,0.24
2022,Regent,1218,779,0.6395730706075534
2022,Purdue Northwest,200,0,0.0
2022,Brevard,200,65,0.325
2022,Arlington Baptist,200,70,0.35
2022,Aquinas,200,159,0.795
2022,Campbellsville-Harrodsburg,200,127,0.635
2022,Trinity (FL),200,0,0.0
2022,Merchant Marine Academy,200,145,0.725
2022,Montreat,200,0,0.0
2022,Lincoln University (CA),200,0,0.0
2022,Lindsey Wilson College,200,0,0.0
2022,Cairn University,200,154,0.77
2022,Harris-Stowe State,199,22,0.11055276381909548
2022,Apprentice School,200,110,0.55
2022,Montana Tech,200,127,0.635
2022,Bryn Athyn,200,60,0.3
2022,Hardin-Simmons,200,0,0.0
2022,Walla Walla,200,127,0.635
2022,Crown College,200,55,0.275
2022,Whittier,200,74,0.37
2022,Willamette,200,93,0.465
2022,Southwestern Adventist,400,192,0.48
2022,Tennessee Wesleyan,600,279,0.465
2022,Milligan,800,218,0.2725
2022,Schreiner,400,39,0.0975
2022,Franciscan University,200,79,0.395
2022,Brewton-Parker,200,35,0.175
2022,Immaculata,200,0,0.0
2022,Rust,198,92,0.46464646464646464
2022,Webber International,400,202,0.505
2022,Virginia Wesleyan,200,179,0.895
2022,Southwestern Christian,400,294,0.735
2022,Westcliff,400,93,0.2325
2022,William Woods,200,47,0.235
2022,Johnson & Wales (RI),200,79,0.395
2022,Manhattanville,200,0,0.0
2022,Regis,200,0,0.0
2022,Waldorf College,200,0,0.0
2022,Neumann,200,0,0.0
2022,Heidelberg,200,106,0.53
2022,Asbury,200,0,0.0
2022,Mobile,200,94,0.47
2022,Fort Valley State,200,0,0.0
2022,Benedictine (AZ),200,77,0.385
2022,Eastern Oregon,200,76,0.38
2022,Kean,200,77,0.385
2022,Medgar Evers,400,128,0.32
2022,Morehouse,200,34,0.17
2022,Spalding,400,58,0.145
2022,Johnson University Florida,400,120,0.3
2022,Covenant,400,269,0.6725
2022,Vassar,200,0,0.0
2022,Carroll (MT),200,0,0.0
2022,Millsaps,200,16,0.08
2022,Jarvis Christian,800,150,0.1875
2022,Life University,200,0,0.0
2022,Southwestern Assemblies of God,200,62,0.31
2022,Blue Mountain,200,49,0.245
2022,Fresno Pacific,200,133,0.665
2022,Oakland City,200,60,0.3
2022,UC Merced,200,47,0.235
2022,Point Park,600,349,0.5816666666666667
2022,Molloy,200,70,0.35
2022,North Park,200,62,0.31
2022,Hendrix College,200,137,0.685
2022,St. Mary's (MD),400,196,0.49
2022,Eastern Mennonite,200,61,0.305
2022,Keystone,200,0,0.0
2022,Lyon,200,16,0.08
2022,Johnson & Wales (NC),400,195,0.4875
2022,Depauw,200,0,0.0
2022,University of Saint Katherine,600,242,0.4033333333333333
2022,Pacific Lutheran,200,101,0.505
2022,Lake Erie,200,25,0.125
2022,Chaminade,598,181,0.30267558528428096
2022,Northland,400,218,0.545
2022,Westmont,200,105,0.525
2022,Clarks Summit,400,143,0.3575
2022,Missouri Baptist,200,56,0.28
2022,Warren Wilson,600,0,0.0
2022,Rocky Mountain,200,24,0.12
2022,Belhaven,200,103,0.515
2022,Coe,200,170,0.85
2022,Bethel (IN),200,0,0.0
2022,LeMoyne-Owen,200,26,0.13
2022,George Fox,400,192,0.48
2022,Buffalo State,200,0,0.0
2022,Bridgewater College (VA),200,29,0.145
2022,Saginaw Valley State,400,0,0.0
2022,Penn State-Alleghany,200,0,0.0
2022,Wiley,400,43,0.1075
2022,Greensboro College,200,148,0.74
2022,Florida Memorial,200,37,0.185
2022,Northwood (MI),200,0,0.0
2022,LSU Shreveport,400,268,0.67
2022,Antelope Valley,200,17,0.085
2022,Mount Saint Vincent,400,166,0.415
2022,St. Xavier  (IL),200,0,0.0
2022,Wells College,200,0,0.0
2022,Guilford,400,0,0.0
2022,Emory & Henry,400,167,0.4175
2022,Clayton State,200,0,0.0
2022,Illinois-Springfield,200,57,0.285
2022,Harding,200,56,0.28
2022,San Diego Christian,400,173,0.4325
2022,Missouri S&T,200,0,0.0
2022,Allen University,200,12,0.06
2022,Methodist,200,22,0.11
2022,Massachusetts College of Liberal Arts,200,0,0.0
2022,Central Baptist College,200,92,0.46
2022,St. Mary's (TX),400,307,0.7675
2022,Lees-McRae,200,26,0.13
2022,Bushnell,200,0,0.0
2022,Carver College,3600,1711,0.4752777777777778
2022,Tennessee Southern,200,35,0.175
2022,Western New England,200,55,0.275
2022,Ottawa (AZ),400,4,0.01
2022,Multnomah University,200,66,0.33
2022,St. John Fisher,200,0,0.0
2022,Carlow,600,255,0.425
2022,Iowa Wesleyan,200,0,0.0
2022,University of New England,200,0,0.0
2022,Peru State,200,42,0.21
2022,St. Josephs (ME),200,0,0.0
2022,Philander Smith,200,0,0.0
2022,Mary Hardin-Baylor,401,215,0.5361596009975063
2022,St. Thomas (FL),200,16,0.08
2022,Knox,199,0,0.0
2022,Northwestern Ohio,200,26,0.13
2022,Goucher,200,106,0.53
2022,Academy of Art,399,0,0.0
2022,Georgetown College (KY),200,0,0.0
2022,Wheeling,400,0,0.0
2022,Rutgers-Camden,200,0,0.0
2022,SUNY-New Paltz,200,0,0.0
2022,Salve Regina,200,100,0.5
2022,Cumberland (TN),200,75,0.375
2022,Shenandoah,200,64,0.32
2022,Texas A&M-International,200,72,0.36
2022,Hastings,400,0,0.0
2022,Concordia Moorhead,200,0,0.0
2022,Oklahoma Christian,200,68,0.34
2022,West Florida,200,0,0.0
2022,Regis (CO),200,0,0.0
2022,Hope,200,0,0.0
2022,Ohio Valley,200,28,0.14
2022,Gordon College,200,97,0.485
2022,Maine-Farmington,200,0,0.0
2022,Culver-Stockton,200,74,0.37
2022,Salisbury,200,0,0.0
2022,Southeastern Baptist College,600,77,0.12833333333333333
2022,University Of The Virgin Islands,200,0,0.0
2022,Warner University,200,0,0.0
2022,Phoenix,200,115,0.575
2022,Barclay College,200,26,0.13
2022,Hanover,200,0,0.0
2022,Oberlin,200,0,0.0
2022,NVU-Lyndon,200,0,0.0
2022,Edinboro,200,61,0.305
2022,Concordia-Texas,200,154,0.77
2022,Transylvania,200,131,0.655
2022,Presentation College,600,0,0.0
2022,MIT,200,132,0.66
2022,Central Methodist,200,0,0.0
2022,Eckerd,200,0,0.0
2022,Elizabethtown,200,61,0.305
2022,Chowan,200,47,0.235
2022,Penn State-Behrend,200,0,0.0
2022,Wisconsin-Superior,200,0,0.0
2022,Hartwick,200,58,0.29
2022,Minnesota Morris,200,54,0.27
2022,Yellowstone Christian College,200,47,0.235
2022,Alliance University,400,0,0.0
2022,Webster,200,0,0.0
2022,Lenoir-Rhyne,200,46,0.23
2022,Keuka,200,0,0.0
2022,Cal Lutheran,400,74,0.185
2022,Millersville,200,0,0.0
2022,Babson,200,0,0.0
2022,Roosevelt,200,0,0.0
2022,Palm Beach Atlantic,200,26,0.13
2022,Moravian,200,0,0.0
2022,Indiana-Kokomo,200,94,0.47
2022,Keene St,200,138,0.69
2022,Quincy,200,93,0.465
2022,Centre College,200,0,0.0
2022,Minnesota Duluth,200,0,0.0
2022,Converse University,600,0,0.0
2022,Redlands,200,0,0.0
2022,Ashland,200,0,0.0
2022,Maryville University (MO),200,37,0.185
2022,Caltech,200,99,0.495
2022,Texas Permian Basin,200,11,0.055
2022,Farmingdale State,200,78,0.39
2022,Eastern University (PA),200,51,0.255
2022,Evangel,200,23,0.115
2022,Point,200,0,0.0
2022,American International,200,0,0.0
2022,Baptist Bible College (MO),200,0,0.0
2022,Tougaloo,200,24,0.12
2022,Michigan-Dearborn,600,99,0.165
2022,Spurgeon College,200,0,0.0
2023,Abilene Christian,6050,4045,0.6685950413223141
2023,Air Force,6476,4726,0.7297714638665843
2023,Akron,6648,4290,0.6453068592057761
2023,Alabama A&M,6651,3548,0.5334536159975943
2023,Alabama,7551,2533,0.33545225797907563
2023,Alabama State,6225,1804,0.2897991967871486
2023,Alcorn State,6498,4972,0.7651585103108649
2023,American University,6500,5181,0.7970769230769231
2023,App State,6451,4073,0.6313749806231592
2023,Arizona State,7273,2663,0.3661487694211467
2023,Arizona,6999,4331,0.618802686098014
2023,Arkansas,7225,1504,0.20816608996539793
2023,Arkansas State,6624,3361,0.507397342995169
2023,Arkansas-Pine Bluff,6249,1610,0.2576412225956153
2023,Army,6650,4757,0.7153383458646616
2023,Auburn,6825,5265,0.7714285714285715
2023,Austin Peay,6225,3586,0.5760642570281125
2023,BYU,6825,3196,0.4682783882783883
2023,Ball State,6424,5218,0.812266500622665
2023,Baylor,6825,4140,0.6065934065934065
2023,Bellarmine,6649,5292,0.795909159272071
2023,Belmont,6451,3036,0.470624709347388
2023,Bethune-Cookman,6425,3935,0.6124513618677043
2023,Binghamton,6300,3855,0.611904761904762
2023,Boise State,6874,5133,0.7467267966249637
2023,Boston College,6648,4395,0.6611010830324909
2023,Boston University,6501,6104,0.9389324719273958
2023,Bowling Green,6199,3800,0.6130020971124375
2023,Bradley,7025,5602,0.7974377224199288
2023,Brown,5427,4782,0.8811498065229408
2023,Bryant,6025,1810,0.3004149377593361
2023,Bucknell,6448,5103,0.7914081885856079
2023,Buffalo,6424,2544,0.3960149439601494
2023,Butler,6400,3572,0.558125
2023,Cal Poly,6650,4708,0.70796992481203
2023,Cal State Bakersfield,6699,4182,0.6242722794446932
2023,Cal State Fullerton,6800,4315,0.6345588235294117
2023,Cal State Northridge,6425,2514,0.391284046692607
2023,California Baptist,6651,3285,0.4939106901217862
2023,California,6447,4441,0.6888475259810765
2023,Campbell,6925,3573,0.515956678700361
2023,Canisius,5923,3763,0.6353199392199899
2023,Central Arkansas,6275,5497,0.8760159362549801
2023,Central Connecticut,6476,4219,0.6514823965410748
2023,Central Michigan,6225,2163,0.3474698795180723
2023,Charleston,7050,3748,0.5316312056737589
2023,Charleston Southern,6226,3937,0.6323482171538709
2023,Charlotte,7325,3962,0.5408873720136519
2023,Chattanooga,7026,2412,0.34329632792485054
2023,Chicago State,6225,2358,0.3787951807228916
2023,Cincinnati,7248,4902,0.6763245033112583
2023,Clemson,6848,4964,0.7248831775700935
2023,Cleveland State,7124,3509,0.49256035934868053
2023,Coastal Carolina,6252,2317,0.37060140754958415
2023,Colgate,7000,5392,0.7702857142857142
2023,Colorado,7001,5420,0.7741751178403086
2023,Colorado State,6678,4731,0.7084456424079065
2023,Columbia,5848,3190,0.5454856361149111
2023,Coppin State,6501,3836,0.5900630672204277
2023,Cornell,5627,4791,0.8514306024524614
2023,Creighton,7448,5277,0.7085123523093448
2023,Dartmouth,5675,4702,0.8285462555066079
2023,Davidson,6476,3995,0.6168931439159975
2023,Dayton,6850,6096,0.8899270072992701
2023,DePaul,6695,3064,0.4576549663928305
2023,Delaware,6651,4111,0.6181025409712825
2023,Delaware State,6048,2439,0.40327380952380953
2023,Denver,6498,2092,0.3219452139119729
2023,Detroit Mercy,6650,2628,0.39518796992481203
2023,Drake,7151,6346,0.8874283317018599
2023,Drexel,6525,4405,0.675095785440613
2023,Duke,7225,1491,0.2063667820069204
2023,Duquesne,6599,1268,0.19215032580694044
2023,East Carolina,6601,3409,0.5164369034994698
2023,East Tennessee State,6424,2726,0.424346201743462
2023,East Texas A&M,6725,2752,0.4092193308550186
2023,Eastern Illinois,6238,1173,0.18804103879448542
2023,Eastern Kentucky,7526,3551,0.47183098591549294
2023,Eastern Michigan,6251,2487,0.3978563429851224
2023,Eastern Washington,6800,4023,0.5916176470588236
2023,Elon,6398,3250,0.5079712410128165
2023,Evansville,6399,2358,0.36849507735583686
2023,Fairfield,6274,4820,0.7682499203060249
2023,Fairleigh Dickinson,7474,2229,0.29823387744179825
2023,Florida A&M,5825,1095,0.18798283261802576
2023,Florida Atlantic,7849,6788,0.8648235444005605
2023,Florida,6626,2821,0.42574705704799276
2023,Florida Gulf Coast,6449,3753,0.581950690029462
2023,Florida International,6499,3512,0.5403908293583628
2023,Florida State,6400,3534,0.5521875
2023,Fordham,6650,4523,0.6801503759398496
2023,Fresno State,6200,5044,0.8135483870967742
2023,Furman,7274,6325,0.8695353313170195
2023,Gardner-Webb,6300,3443,0.5465079365079365
2023,George Mason,6652,4605,0.6922730006013229
2023,George Washington,6522,5165,0.7919349892670959
2023,Georgetown,6449,504,0.07815165141882463
2023,Georgia,6425,2412,0.37540856031128406
2023,Georgia Southern,6626,3281,0.49517054029580443
2023,Georgia State,6225,3043,0.48883534136546186
2023,Georgia Tech,6625,4850,0.7320754716981132
2023,Gonzaga,7425,6536,0.8802693602693603
2023,Grambling,6624,4362,0.6585144927536232
2023,Grand Canyon,7250,4502,0.6209655172413793
2023,Green Bay,6423,2411,0.3753697649073642
2023,Hampton,6425,4411,0.6865369649805447
2023,Harvard,5650,4897,0.8667256637168141
2023,Hawai'i,6675,6043,0.9053183520599251
2023,High Point,6202,4269,0.6883263463398903
2023,Hofstra,7075,3651,0.5160424028268551
2023,Holy Cross,6425,0,0.0
2023,Houston Christian,6422,2741,0.42681407661164744
2023,Houston,7400,5404,0.7302702702702702
2023,Howard,7025,3832,0.5454804270462633
2023,IU Indianapolis,6425,1143,0.1778988326848249
2023,Idaho State,6551,2620,0.3999389406197527
2023,Idaho,6474,1949,0.30105035526722274
2023,Illinois,6675,1976,0.29602996254681646
2023,Illinois State,6500,2208,0.3396923076923077
2023,Incarnate Word,6275,2852,0.4545019920318725
2023,Indiana,7025,5159,0.7343772241992883
2023,Indiana State,7246,3884,0.5360198730333977
2023,Iona,7022,4384,0.6243235545428653
2023,Iowa,6676,6136,0.9191132414619533
2023,Iowa State,6650,3432,0.5160902255639098
2023,Jackson State,6675,2832,0.4242696629213483
2023,Jacksonville,5801,3968,0.6840199965523186
2023,Jacksonville State,6226,3666,0.5888210729200128
2023,James Madison,6700,4692,0.7002985074626865
2023,Kansas City,6475,1328,0.2050965250965251
2023,Kansas,7250,4480,0.6179310344827587
2023,Kansas State,7324,1818,0.24822501365374114
2023,Kennesaw State,7074,6130,0.8665535764772406
2023,Kent State,7024,5385,0.7666571753986332
2023,Kentucky,6850,3803,0.5551824817518248
2023,LSU,6600,1618,0.24515151515151515
2023,La Salle,6875,4773,0.6942545454545455
2023,Lafayette,6950,4068,0.5853237410071942
2023,Lamar,6250,812,0.12992
2023,Lehigh,6000,5548,0.9246666666666666
2023,Liberty,7198,5831,0.8100861350375104
2023,Lipscomb,6698,4301,0.6421319796954315
2023,Little Rock,6250,5602,0.89632
2023,Long Beach State,6775,3712,0.5478966789667896
2023,Long Island University,5800,1878,0.3237931034482759
2023,Longwood,6400,5388,0.841875
2023,Louisiana,6826,4925,0.721506006445942
2023,Louisiana Tech,6750,4695,0.6955555555555556
2023,Louisville,6400,4547,0.71046875
2023,Loyola Chicago,6275,3834,0.610996015936255
2023,Loyola Maryland,6623,4930,0.7443756605767778
2023,Loyola Marymount,6275,4195,0.6685258964143427
2023,Maine,6075,2956,0.4865843621399177
2023,Manhattan,6127,4858,0.7928839562591806
2023,Marist,6623,2334,0.3524082741959837
2023,Marquette,7297,5968,0.8178703576812388
2023,Marshall,6475,3865,0.5969111969111969
2023,Maryland Eastern Shore,6225,4790,0.7694779116465863
2023,Maryland,7025,3918,0.5577224199288257
2023,Massachusetts,6200,1727,0.2785483870967742
2023,McNeese,6876,4898,0.7123327515997673
2023,Memphis,7074,3670,0.5188012439920837
2023,Mercer,6675,2851,0.4271161048689139
2023,Merrimack,6799,3449,0.5072804824238859
2023,Miami (OH),6425,2049,0.3189105058365759
2023,Miami,7426,4985,0.6712900619445192
2023,Michigan State,6900,6034,0.8744927536231885
2023,Michigan,6950,3707,0.5333812949640288
2023,Middle Tennessee,6650,5987,0.9003007518796993
2023,Milwaukee,6925,1505,0.21732851985559568
2023,Minnesota,6250,1386,0.22176
2023,Mississippi State,6900,3964,0.5744927536231884
2023,Mississippi Valley State,6450,2257,0.349922480620155
2023,Missouri State,6475,1257,0.19413127413127412
2023,Missouri,7049,1257,0.1783231664065825
2023,Monmouth,6601,4890,0.7407968489622785
2023,Montana,6226,3804,0.6109861869579184
2023,Montana State,7050,4372,0.6201418439716312
2023,Morehead State,6825,2883,0.4224175824175824
2023,Morgan State,6275,2987,0.47601593625498007
2023,Mount St. Mary's,6651,4890,0.7352277852954443
2023,Murray State,6475,815,0.12586872586872586
2023,NC State,6825,3698,0.5418315018315019
2023,NJIT,6100,2881,0.4722950819672131
2023,Navy,6249,5460,0.8737397983677389
2023,Nebraska,6500,3633,0.558923076923077
2023,Nevada,6726,3867,0.5749330954504906
2023,New Hampshire,6050,962,0.1590082644628099
2023,New Mexico,6877,4011,0.5832485095245019
2023,New Mexico State,4802,557,0.11599333610995419
2023,New Orleans,6449,3392,0.5259730190727244
2023,Niagara,6050,2169,0.35851239669421486
2023,Nicholls,6200,4487,0.7237096774193549
2023,Norfolk State,6650,6036,0.9076691729323308
2023,North Alabama,6675,4089,0.6125842696629213
2023,North Carolina A&T,6450,4047,0.6274418604651163
2023,North Carolina Central,6096,4095,0.671751968503937
2023,North Carolina,6726,5235,0.7783229259589652
2023,North Dakota,6651,3829,0.5757029018192753
2023,North Dakota State,6600,3170,0.4803030303030303
2023,North Florida,6300,5469,0.8680952380952381
2023,North Texas,7696,4747,0.6168139293139293
2023,Northeastern,6050,3795,0.6272727272727273
2023,Northern Arizona,7100,3561,0.5015492957746479
2023,Northern Colorado,6450,4357,0.6755038759689922
2023,Northern Illinois,6425,2980,0.46381322957198445
2023,Northern Iowa,6451,5324,0.825298403348318
2023,Northern Kentucky,7124,5668,0.7956204379562044
2023,Northwestern State,6650,673,0.10120300751879699
2023,Northwestern,6850,6072,0.8864233576642335
2023,Notre Dame,6425,4464,0.6947859922178988
2023,Oakland,6525,4572,0.7006896551724138
2023,Ohio,6623,3165,0.4778801147516231
2023,Ohio State,7050,1934,0.2743262411347518
2023,Oklahoma,6449,3400,0.5272135214761978
2023,Oklahoma State,7250,4756,0.656
2023,Old Dominion,6225,2430,0.39036144578313253
2023,Ole Miss,6625,3389,0.5115471698113208
2023,Omaha,6425,2213,0.34443579766536964
2023,Oral Roberts,7000,5189,0.7412857142857143
2023,Oregon,7225,4915,0.6802768166089965
2023,Oregon State,6397,2374,0.37111145849617005
2023,Pacific,6650,1884,0.28330827067669173
2023,Penn State,7524,3703,0.4921584263689527
2023,Pennsylvania,6100,6005,0.9844262295081967
2023,Pepperdine,6300,4166,0.6612698412698412
2023,Pittsburgh,7200,2346,0.3258333333333333
2023,Portland,6650,5065,0.7616541353383459
2023,Portland State,6200,1186,0.19129032258064516
2023,Prairie View A&M,6523,2034,0.311819714855128
2023,Presbyterian,6450,4474,0.6936434108527132
2023,Princeton,6475,4603,0.7108880308880309
2023,Providence,6724,2520,0.37477691850089234
2023,Purdue,7025,4431,0.6307473309608541
2023,Purdue Fort Wayne,6424,5599,0.8715753424657534
2023,Quinnipiac,6475,4632,0.7153667953667954
2023,Radford,7225,1618,0.2239446366782007
2023,Rhode Island,6275,4000,0.6374501992031872
2023,Rice,7100,5023,0.7074647887323944
2023,Richmond,6700,4642,0.6928358208955224
2023,Rider,6076,4459,0.7338709677419355
2023,Robert Morris,6627,3251,0.49056888486494643
2023,Rutgers,6850,4842,0.7068613138686132
2023,SE Louisiana,6524,3027,0.463979153893317
2023,SIU Edwardsville,6599,4292,0.6504015759963631
2023,SMU,6500,3449,0.5306153846153846
2023,Sacramento State,6525,1840,0.281992337164751
2023,Sacred Heart,6650,5321,0.8001503759398496
2023,Saint Joseph's,6650,4002,0.6018045112781955
2023,Saint Louis,6598,4609,0.6985450136404971
2023,Saint Mary's,7075,5492,0.7762544169611307
2023,Saint Peter's,6448,3831,0.5941377171215881
2023,Sam Houston,6850,3626,0.5293430656934307
2023,Samford,6500,4319,0.6644615384615384
2023,San Diego State,7850,5847,0.7448407643312102
2023,San Diego,6250,2563,0.41008
2023,San Francisco,6849,4325,0.6314790480362097
2023,San José State,7074,4735,0.6693525586655358
2023,Santa Clara,6676,4944,0.7405632115038946
2023,Seattle U,6423,4474,0.6965592402304219
2023,Seton Hall,6600,2710,0.4106060606060606
2023,Siena,6475,5004,0.7728185328185329
2023,South Alabama,7025,2371,0.337508896797153
2023,South Carolina,6500,2413,0.37123076923076925
2023,South Carolina State,6254,3338,0.5337384074192517
2023,South Carolina Upstate,6427,3733,0.5808308697681656
2023,South Dakota,6200,4972,0.8019354838709677
2023,South Dakota State,6448,4687,0.7268920595533499
2023,South Florida,6425,3446,0.5363424124513618
2023,Southeast Missouri State,7325,4139,0.5650511945392491
2023,Southern Illinois,6625,4336,0.6544905660377358
2023,Southern,6450,4237,0.6568992248062016
2023,Southern Miss,6600,2903,0.4398484848484848
2023,Southern Utah,7550,5611,0.7431788079470198
2023,St. Bonaventure,6450,482,0.07472868217054264
2023,St. Francis (PA),6224,4311,0.6926413881748072
2023,St. John's,6700,4268,0.6370149253731343
2023,St. Thomas-Minnesota,6600,4181,0.6334848484848485
2023,Stanford,6600,5548,0.8406060606060606
2023,Stephen F. Austin,6525,4712,0.7221455938697318
2023,Stetson,6350,3256,0.512755905511811
2023,Stonehill,6275,0,0.0
2023,Stony Brook,6626,3892,0.587383036522789
2023,Syracuse,6450,3298,0.5113178294573644
2023,TCU,7024,6565,0.9346526195899773
2023,Tarleton State,6850,3586,0.5235036496350365
2023,Temple,6525,5509,0.8442911877394637
2023,Tennessee State,6400,2771,0.43296875
2023,Tennessee Tech,6775,708,0.10450184501845018
2023,Tennessee,7226,5238,0.724882369222253
2023,Texas A&M,7000,4223,0.6032857142857143
2023,Texas A&M-Corpus Christi,7050,5953,0.8443971631205673
2023,Texas,7675,4398,0.573029315960912
2023,Texas Southern,7150,5817,0.8135664335664335
2023,Texas State,7000,5161,0.7372857142857143
2023,Texas Tech,6450,1794,0.27813953488372095
2023,The Citadel,6398,2564,0.4007502344482651
2023,Toledo,7000,5471,0.7815714285714286
2023,Towson,6675,4225,0.6329588014981273
2023,Troy,6650,4007,0.6025563909774436
2023,Tulane,6300,5653,0.8973015873015873
2023,Tulsa,6048,3237,0.535218253968254
2023,UAB,8026,4405,0.5488412658858709
2023,UAlbany,6226,2582,0.41471249598458076
2023,UC Davis,6475,4475,0.6911196911196911
2023,UC Irvine,7026,5733,0.8159692570452605
2023,UC Riverside,6902,3332,0.4827586206896552
2023,UC San Diego,6149,4463,0.725809074646284
2023,UC Santa Barbara,7025,5520,0.7857651245551601
2023,UCF,6974,1284,0.18411241755090335
2023,UCLA,7400,5073,0.6855405405405406
2023,UConn,7798,4402,0.5645037189022827
2023,UIC,6451,2273,0.352348473104945
2023,UL Monroe,6474,2129,0.32885387704664815
2023,UMBC,6425,2509,0.3905058365758755
2023,UMass Lowell,6824,4154,0.6087338804220399
2023,UNC Asheville,7101,3806,0.53598084776792
2023,UNC Greensboro,6450,4228,0.6555038759689923
2023,UNC Wilmington,6876,3774,0.5488656195462478
2023,UNLV,6525,3408,0.5222988505747126
2023,USC,6625,5063,0.7642264150943396
2023,UT Arlington,6423,1900,0.29581192589132804
2023,UT Martin,6675,3375,0.5056179775280899
2023,UT Rio Grande Valley,6450,1079,0.16728682170542636
2023,UTEP,6575,1555,0.23650190114068442
2023,UTSA,6449,3398,0.5269033958753295
2023,Utah State,7025,5046,0.7182918149466192
2023,Utah Tech,6651,5399,0.811757630431514
2023,Utah,6425,4787,0.7450583657587548
2023,Utah Valley,7500,5442,0.7256
2023,VCU,7000,4558,0.6511428571428571
2023,VMI,6450,1907,0.29565891472868217
2023,Valparaiso,6550,3552,0.5422900763358779
2023,Vanderbilt,7450,4814,0.6461744966442953
2023,Vermont,6875,4040,0.5876363636363636
2023,Villanova,6826,5148,0.7541752124230882
2023,Virginia,6625,4786,0.7224150943396226
2023,Virginia Tech,6825,4387,0.6427838827838828
2023,Wagner,5650,3410,0.6035398230088496
2023,Wake Forest,6650,3219,0.48406015037593986
2023,Washington,6500,2559,0.3936923076923077
2023,Washington State,6824,3875,0.5678487690504103
2023,Weber State,6725,3883,0.5773977695167286
2023,West Virginia,6825,2075,0.304029304029304
2023,Western Carolina,6925,2124,0.30671480144404334
2023,Western Illinois,6025,2484,0.41228215767634857
2023,Western Kentucky,6650,3555,0.5345864661654135
2023,Western Michigan,6200,3140,0.5064516129032258
2023,Wichita State,6501,2127,0.3271804337794186
2023,William & Mary,6625,1695,0.2558490566037736
2023,Winthrop,6427,4695,0.7305119029096001
2023,Wisconsin,7150,4900,0.6853146853146853
2023,Wofford,6700,2735,0.4082089552238806
2023,Wright State,6750,5949,0.8813333333333333
2023,Wyoming,6225,4983,0.8004819277108434
2023,Xavier,7425,5279,0.7109764309764309
2023,Yale,6049,5808,0.960158703918003
2023,Youngstown State,6925,2536,0.36620938628158844
2023,Queens University,6600,5075,0.7689393939393939
2023,Hartford,5600,4162,0.7432142857142857
2023,St. Francis Brooklyn,6025,2940,0.4879668049792531
2023,Southern Indiana,6675,0,0.0
2023,Lindenwood,6524,0,0.0
2023,Centenary (LA),200,134,0.67
2023,Oglethorpe,200,26,0.13
2023,UNT Dallas,200,0,0.0
2023,LaGrange,200,167,0.835
2023,Penn State-York,200,110,0.55
2023,Erskine,200,128,0.64
2023,Framingham State,200,0,0.0
2023,Washington College (MD),400,251,0.6275
2023,Georgian Court,200,69,0.345
2023,Piedmont,400,322,0.805
2023,Houghton,200,0,0.0
2023,Alice Lloyd College,400,321,0.8025
2023,Morris College,200,64,0.32
2023,Bluffton,200,0,0.0
2023,Defiance,400,215,0.5375
2023,Hannibal-LaGrange,200,0,0.0
2023,Davis & Elkins,188,0,0.0
2023,Mount Olive,200,79,0.395
2023,Mid-Atlantic Christian,600,275,0.4583333333333333
2023,Columbia International,200,159,0.795
2023,Trinity Baptist,1000,650,0.65
2023,William Peace,200,151,0.755
2023,Vermont State - Lyndon,400,13,0.0325
2023,Lynchburg,200,0,0.0
2023,LSU Alexandria,200,22,0.11
2023,Mississippi College,200,89,0.445
2023,Bob Jones,400,261,0.6525
2023,Dallas Christian,600,410,0.6833333333333333
2023,Pfeiffer,400,120,0.3
2023,Maryville College (TN),200,78,0.39
2023,Louisiana Christian,200,151,0.755
2023,Randolph College,200,143,0.715
2023,Arkansas Baptist,400,7,0.0175
2023,Bethel (TN),400,56,0.14
2023,Mid-America Christian,200,0,0.0
2023,Western Colorado,400,263,0.6575
2023,St. Francis (IL),400,214,0.535
2023,Penn State - Wilkes-Barre,400,93,0.2325
2023,Dean College,200,0,0.0
2023,Park University Gilbert,200,0,0.0
2023,Paul Quinn,600,408,0.68
2023,Trinity (TX),400,337,0.8425
2023,Fisk,400,168,0.42
2023,Champion Christian,1400,599,0.4278571428571429
2023,Western New Mexico,200,93,0.465
2023,Howard Payne,400,210,0.525
2023,William Carey,400,179,0.4475
2023,Southern-New Orleans,200,0,0.0
2023,North Central (MN),400,230,0.575
2023,Sul Ross State,200,114,0.57
2023,New Mexico Highlands,200,99,0.495
2023,Northwest Indian,600,0,0.0
2023,Jessup University,200,135,0.675
2023,Life Pacific,800,624,0.78
2023,San Francisco State,200,140,0.7
2023,Colorado College,200,111,0.555
2023,La Verne,200,115,0.575
2023,Chapman,400,0,0.0
2023,Westminster (PA),200,0,0.0
2023,SUNY-Canton,200,59,0.295
2023,Toccoa Falls,1000,339,0.339
2023,Cal Maritime,200,0,0.0
2023,Maine-Fort Kent,400,223,0.5575
2023,Boyce,400,256,0.64
2023,Baldwin Wallace,200,0,0.0
2023,Virginia-Lynchburg,600,12,0.02
2023,St. Andrews,600,246,0.41
2023,Earlham College,200,90,0.45
2023,Lewis & Clark,200,0,0.0
2023,Kentucky Christian,800,516,0.645
2023,Bethesda University,800,487,0.60875
2023,SUNY-Oneonta,200,129,0.645
2023,Oakwood,200,78,0.39
2023,Eureka,200,25,0.125
2023,Mississippi University For Women,200,0,0.0
2023,Purchase,200,88,0.44
2023,Bryan (TN),199,155,0.7788944723618091
2023,Evergreen State,200,77,0.385
2023,Siena Heights,200,0,0.0
2023,Southwestern (TX),200,165,0.825
2023,Franklin,200,150,0.75
2023,Coastal Georgia,400,179,0.4475
2023,Miami (OH)-Hamilton,400,268,0.67
2023,Ozark Christian,200,0,0.0
2023,Kansas Christian,400,102,0.255
2023,McMurry,200,142,0.71
2023,Concordia-Ann Arbor,200,104,0.52
2023,Fredonia State,200,105,0.525
2023,Nelson,200,37,0.185
2023,Brescia,800,508,0.635
2023,Mount Marty College,399,258,0.6466165413533834
2023,Menlo,200,136,0.68
2023,Dillard,200,55,0.275
2023,Valley Forge,200,0,0.0
2023,Voorhees,200,104,0.52
2023,Vermont State - Johnson,200,0,0.0
2023,Mount Saint Mary (NY),200,0,0.0
2023,District Of Columbia,200,109,0.545
2023,Goshen,400,26,0.065
2023,Mercy,200,0,0.0
2023,Mary Baldwin,200,125,0.625
2023,Gwynedd-Mercy,200,102,0.51
2023,Carolina University,400,183,0.4575
2023,LeTourneau,400,295,0.7375
2023,Rhodes,200,118,0.59
2023,Loyola New Orleans,600,202,0.33666666666666667
2023,Colorado Christian,600,45,0.075
2023,Occidental,600,0,0.0
2023,Western Oregon,200,0,0.0
2023,Truett-McConnell,200,194,0.97
2023,Emerson,200,136,0.68
2023,Tusculum,200,107,0.535
2023,Crowley's Ridge,400,227,0.5675
2023,Westminster (UT),400,234,0.585
2023,North Greenville,600,430,0.7166666666666667
2023,Florida National,400,94,0.235
2023,Ecclesia,200,47,0.235
2023,La Sierra,400,41,0.1025
2023,John Jay College,200,102,0.51
2023,Misericordia,200,65,0.325
2023,Rockford,200,144,0.72
2023,Saint Joseph's Long Island,200,0,0.0
2023,Trinity Christian (IL),600,157,0.26166666666666666
2023,Gallaudet,400,322,0.805
2023,Calvary,200,151,0.755
2023,Spring Hill,400,310,0.775
2023,East-West University,396,257,0.648989898989899
2023,Fisher College,200,78,0.39
2023,Saint Elizabeth,400,142,0.355
2023,Stanislaus State,400,304,0.76
2023,Johnson University (TN),200,0,0.0
2023,Edward Waters,400,97,0.2425
2023,Lane College,199,0,0.0
2023,Kentucky State,400,0,0.0
2023,St. Ambrose,400,66,0.165
2023,Florida Tech,200,186,0.93
2023,Rogers State,200,79,0.395
2023,SUNY-Maritime,200,20,0.1
2023,Texas Lutheran,400,269,0.6725
2023,Northern New Mexico,400,216,0.54
2023,Hawai'i Pacific,200,108,0.54
2023,Averett,200,34,0.17
2023,Our Lady Of The Lake,600,318,0.53
2023,Regent,1200,751,0.6258333333333334
2023,Purdue Northwest,400,214,0.535
2023,Maine-Augusta,200,0,0.0
2023,Brevard,600,465,0.775
2023,Arlington Baptist,600,175,0.2916666666666667
2023,Calumet College,400,0,0.0
2023,Campbellsville-Harrodsburg,600,331,0.5516666666666666
2023,Merchant Marine Academy,200,190,0.95
2023,Montreat,400,118,0.295
2023,Thomas (ME),200,0,0.0
2023,Sarah Lawrence,400,0,0.0
2023,Lindsey Wilson College,400,286,0.715
2023,Cairn University,400,264,0.66
2023,Harris-Stowe State,400,146,0.365
2023,Ouachita Baptist,200,0,0.0
2023,Wisconsin-Stout,200,34,0.17
2023,SUNY Delhi,200,0,0.0
2023,Bryn Athyn,200,139,0.695
2023,Middle Georgia State,400,0,0.0
2023,Hardin-Simmons,200,0,0.0
2023,Walla Walla,200,68,0.34
2023,Saint Mary of the Woods College,600,0,0.0
2023,Crown College,400,219,0.5475
2023,West Virginia Wesleyan,200,0,0.0
2023,Whittier,200,153,0.765
2023,Southwestern Adventist,600,367,0.6116666666666667
2023,Tennessee Wesleyan,200,149,0.745
2023,Lincoln (MO),400,0,0.0
2023,Milligan,400,257,0.6425
2023,Schreiner,200,151,0.755
2023,Franciscan University,200,179,0.895
2023,Brewton-Parker,200,68,0.34
2023,Immaculata,400,324,0.81
2023,Rust,400,78,0.195
2023,Blackburn,200,0,0.0
2023,Webber International,200,128,0.64
2023,Virginia Wesleyan,200,150,0.75
2023,Southwestern Christian,200,140,0.7
2023,Westcliff,400,217,0.5425
2023,William Woods,200,134,0.67
2023,Johnson & Wales (RI),200,148,0.74
2023,Waldorf College,200,90,0.45
2023,Neumann,200,140,0.7
2023,Muskingum,200,0,0.0
2023,Mobile,400,272,0.68
2023,Benedictine (AZ),415,211,0.5084337349397591
2023,Eastern Oregon,400,128,0.32
2023,Anderson (IN),200,0,0.0
2023,Colby-Sawyer,200,0,0.0
2023,Kean,200,71,0.355
2023,Medgar Evers,200,92,0.46
2023,Morehouse,400,108,0.27
2023,Spalding,200,78,0.39
2023,North American,1200,0,0.0
2023,Johnson University Florida,399,239,0.5989974937343359
2023,Covenant,400,240,0.6
2023,Coast Guard,200,0,0.0
2023,Warner Pacific,200,26,0.13
2023,Jarvis Christian,600,275,0.4583333333333333
2023,Lourdes University,200,28,0.14
2023,Southwestern Assemblies of God,400,0,0.0
2023,Blue Mountain,200,82,0.41
2023,Fresno Pacific,200,128,0.64
2023,Sonoma State,400,48,0.12
2023,Oakland City,200,112,0.56
2023,Vanguard,200,97,0.485
2023,UC Merced,400,315,0.7875
2023,John Brown,200,0,0.0
2023,North Park,200,79,0.395
2023,Science & Arts (OK),200,0,0.0
2023,Ave Maria,200,41,0.205
2023,Hendrix College,200,102,0.51
2023,St. Mary's (MD),600,408,0.68
2023,Keystone,200,68,0.34
2023,Lyon,400,147,0.3675
2023,Johnson & Wales (NC),400,288,0.72
2023,Illinois Tech,200,51,0.255
2023,Loras,200,0,0.0
2023,Reinhardt,200,27,0.135
2023,University of Saint Katherine,400,263,0.6575
2023,Pacific Lutheran,200,179,0.895
2023,Wilkes University,200,0,0.0
2023,Aurora,200,0,0.0
2023,Chaminade,200,102,0.51
2023,Pittsburgh - Greensburg,200,0,0.0
2023,D'Youville,200,0,0.0
2023,Lynn,200,0,0.0
2023,Westmont,200,58,0.29
2023,Clarks Summit,200,150,0.75
2023,Albany St (GA),225,0,0.0
2023,Warren Wilson,600,219,0.365
2023,Belhaven,400,159,0.3975
2023,Montana State-Northern,200,31,0.155
2023,FDU Florham,200,0,0.0
2023,Ohio Dominican,200,0,0.0
2023,Portland Bible,200,0,0.0
2023,Saint Augustine's,200,0,0.0
2023,Bridgewater College (VA),200,113,0.565
2023,Saint Vincent,200,0,0.0
2023,Montevallo,200,0,0.0
2023,Penn State-Alleghany,200,109,0.545
2023,Wiley,200,93,0.465
2023,Milwaukee School Of Engineering,200,0,0.0
2023,Penn State-New Kensington,200,0,0.0
2023,Greensboro College,200,93,0.465
2023,Anderson (SC),400,0,0.0
2023,Arcadia,200,0,0.0
2023,Antelope Valley,200,86,0.43
2023,Trevecca Nazarene,400,64,0.16
2023,Mount Saint Vincent,400,167,0.4175
2023,St. Xavier  (IL),200,146,0.73
2023,Wells College,200,116,0.58
2023,Lebanon Valley,200,0,0.0
2023,Wilmington (DE),200,0,0.0
2023,Guilford,200,131,0.655
2023,Notre Dame College (OH),200,3,0.015
2023,Virginia St,200,0,0.0
2023,Emory & Henry,200,139,0.695
2023,Miami (OH)-Middletown,200,0,0.0
2023,Cazenovia College,200,0,0.0
2023,Brandeis,200,0,0.0
2023,Wayne State (MI),200,0,0.0
2023,Clayton State,200,79,0.395
2023,Southern Nazarene,191,0,0.0
2023,Illinois-Springfield,200,116,0.58
2023,St. Thomas (TX),400,0,0.0
2023,Harding,200,115,0.575
2023,UW-Parkside,200,0,0.0
2023,Wartburg,200,0,0.0
2023,Shorter,200,37,0.185
2023,San Diego Christian,1200,615,0.5125
2023,Rochester University (MI),200,48,0.24
2023,Missouri S&T,200,0,0.0
2023,Puget Sound,200,22,0.11
2023,Clinton College,200,0,0.0
2023,Clark (MA),200,0,0.0
2023,Allen University,400,189,0.4725
2023,Methodist,200,115,0.575
2023,Cincinnati Clermont,400,81,0.2025
2023,College of New Jersey,200,0,0.0
2023,Dakota State,200,0,0.0
2023,Cardinal Stritch,200,0,0.0
2023,Massachusetts College of Liberal Arts,200,92,0.46
2023,Manchester,200,0,0.0
2023,Union (NY),200,0,0.0
2023,Central Baptist College,200,59,0.295
2023,Huston-Tillotson,600,5,0.008333333333333333
2023,St. Mary's (TX),200,118,0.59
2023,Grace Christian,200,0,0.0
2023,Lees-McRae,200,120,0.6
2023,McDaniel,200,0,0.0
2023,Indianapolis,200,0,0.0
2023,Bushnell,200,77,0.385
2023,Albertus Magnus,200,0,0.0
2023,Ithaca College,200,0,0.0
2023,Indiana-South Bend,200,144,0.72
2023,Oklahoma Baptist,200,0,0.0
2023,Old Westbury,400,0,0.0
2023,Tennessee Southern,603,533,0.8839137645107794
2023,Western New England,200,145,0.725
2023,Ottawa (AZ),200,153,0.765
2023,Eastern Nazarene,200,0,0.0
2023,Mars Hill,200,29,0.145
2023,Multnomah University,200,122,0.61
2023,Paine,200,0,0.0
2023,Alma,200,27,0.135
2023,Tufts,200,0,0.0
2023,Simon Fraser,200,0,0.0
2023,St. John Fisher,200,178,0.89
2023,Carlow,400,124,0.31
2023,Wabash College,200,0,0.0
2023,West Coast Baptist,400,20,0.05
2023,Montana-Western,200,102,0.51
2023,Iowa Wesleyan,200,94,0.47
2023,Lincoln (PA),200,36,0.18
2023,University of New England,200,122,0.61
2023,Saint Martin's,200,27,0.135
2023,Peru State,200,123,0.615
2023,Cal State East Bay,200,0,0.0
2023,St. Josephs (ME),200,118,0.59
2023,Philander Smith,200,141,0.705
2023,Midland University,200,29,0.145
2023,Mary Hardin-Baylor,200,186,0.93
2023,Holy Names University,200,0,0.0
2023,St. Thomas (FL),200,55,0.275
2023,Georgia College,200,10,0.05
2023,Knox,200,144,0.72
2023,Northwestern Ohio,200,108,0.54
2023,Master's University,200,0,0.0
2023,Concord,400,57,0.1425
2023,Fairmont St,200,57,0.285
2023,Cal State LA,200,0,0.0
2023,Glenville State,200,0,0.0
2023,Williams Baptist,200,0,0.0
2023,Mount St. Joseph,200,22,0.11
2023,Goucher,400,195,0.4875
2023,Georgia Southwestern,200,0,0.0
2023,Florida College,200,94,0.47
2023,Centenary (NJ),200,46,0.23
2023,Academy of Art,200,133,0.665
2024,Abilene Christian,6875,4890,0.7112727272727273
2024,Air Force,6249,5850,0.9361497839654345
2024,Akron,7025,4908,0.6986476868327403
2024,Alabama A&M,7025,5756,0.8193594306049822
2024,Alabama,7450,3020,0.4053691275167785
2024,Alabama State,6500,3690,0.5676923076923077
2024,Alcorn State,6425,3170,0.4933852140077821
2024,American University,6450,4998,0.7748837209302326
2024,App State,6949,4694,0.6754928766729026
2024,Arizona State,6425,2928,0.45571984435797663
2024,Arizona,7324,3161,0.431594756963408
2024,Arkansas,6700,2543,0.37955223880597017
2024,Arkansas State,7425,3174,0.42747474747474745
2024,Arkansas-Pine Bluff,6200,3812,0.6148387096774194
2024,Army,6475,4070,0.6285714285714286
2024,Auburn,7000,4191,0.5987142857142858
2024,Austin Peay,7125,90,0.01263157894736842
2024,BYU,6800,6186,0.9097058823529411
2024,Ball State,6275,2564,0.40860557768924305
2024,Baylor,7150,2793,0.39062937062937064
2024,Bellarmine,6250,5180,0.8288
2024,Belmont,6625,4181,0.6310943396226415
2024,Bethune-Cookman,6875,4195,0.6101818181818182
2024,Binghamton,6050,2519,0.4163636363636364
2024,Boise State,6650,3982,0.598796992481203
2024,Boston College,7250,5989,0.8260689655172414
2024,Boston University,6674,3655,0.547647587653581
2024,Bowling Green,6925,1410,0.2036101083032491
2024,Bradley,7075,5685,0.8035335689045936
2024,Brown,6300,6184,0.9815873015873016
2024,Bryant,6650,3781,0.5685714285714286
2024,Bucknell,6673,5685,0.8519406563764423
2024,Buffalo,6225,3070,0.4931726907630522
2024,Butler,6750,861,0.12755555555555556
2024,Cal Poly,6475,2820,0.4355212355212355
2024,Cal State Bakersfield,6475,3795,0.5861003861003861
2024,Cal State Fullerton,6425,3162,0.49214007782101166
2024,Cal State Northridge,6825,2719,0.3983882783882784
2024,California Baptist,6650,3026,0.4550375939849624
2024,California,6550,1761,0.2688549618320611
2024,Campbell,6475,5174,0.7990733590733591
2024,Canisius,6450,5430,0.8418604651162791
2024,Central Arkansas,6425,3373,0.5249805447470817
2024,Central Connecticut,6250,4395,0.7032
2024,Central Michigan,6575,1734,0.2637262357414449
2024,Charleston,7025,3352,0.477153024911032
2024,Charleston Southern,6000,3239,0.5398333333333334
2024,Charlotte,6250,4856,0.77696
2024,Chattanooga,6675,3239,0.4852434456928839
2024,Chicago State,6424,5005,0.7791095890410958
2024,Cincinnati,7501,3389,0.451806425809892
2024,Clemson,7252,5380,0.7418643132928847
2024,Cleveland State,7250,5779,0.7971034482758621
2024,Coastal Carolina,6250,1802,0.28832
2024,Colgate,7000,5643,0.8061428571428572
2024,Colorado,7475,5391,0.7212040133779264
2024,Colorado State,7250,4363,0.6017931034482759
2024,Columbia,5401,5195,0.9618589150157378
2024,Coppin State,5850,2398,0.4099145299145299
2024,Cornell,6000,5298,0.883
2024,Creighton,7175,5654,0.78801393728223
2024,Dartmouth,5400,5125,0.9490740740740741
2024,Davidson,6500,4351,0.6693846153846154
2024,Dayton,6625,3116,0.4703396226415094
2024,DePaul,6400,2038,0.3184375
2024,Delaware,6625,3175,0.47924528301886793
2024,Delaware State,6925,3812,0.5504693140794223
2024,Denver,6925,3148,0.45458483754512635
2024,Detroit Mercy,6450,3203,0.4965891472868217
2024,Drake,7175,3575,0.49825783972125437
2024,Drexel,6475,5925,0.915057915057915
2024,Duke,7200,4909,0.6818055555555556
2024,Duquesne,7400,4730,0.6391891891891892
2024,East Carolina,6650,4742,0.7130827067669173
2024,East Tennessee State,7025,1828,0.2602135231316726
2024,East Texas A&M,6825,4188,0.6136263736263736
2024,Eastern Illinois,6400,1911,0.29859375
2024,Eastern Kentucky,6225,5334,0.8568674698795181
2024,Eastern Michigan,6275,3748,0.5972908366533864
2024,Eastern Washington,6425,4803,0.7475486381322958
2024,Elon,6398,3287,0.5137542982181932
2024,Evansville,7050,2679,0.38
2024,Fairfield,7400,3971,0.5366216216216216
2024,Fairleigh Dickinson,6450,4776,0.7404651162790697
2024,Florida A&M,5900,2325,0.3940677966101695
2024,Florida Atlantic,6950,6950,1.0
2024,Florida,7325,2152,0.29378839590443684
2024,Florida Gulf Coast,6425,4086,0.6359533073929962
2024,Florida International,6626,5254,0.792936915182614
2024,Florida State,6625,4500,0.6792452830188679
2024,Fordham,6726,4898,0.7282188522152839
2024,Fresno State,6700,3103,0.46313432835820895
2024,Furman,6699,5338,0.7968353485594865
2024,Gardner-Webb,6675,5490,0.8224719101123595
2024,George Mason,6399,1061,0.16580715736833881
2024,George Washington,6575,2030,0.308745247148289
2024,Georgetown,6450,1589,0.2463565891472868
2024,Georgia,7425,2052,0.27636363636363637
2024,Georgia Southern,6675,2685,0.40224719101123596
2024,Georgia State,6250,2077,0.33232
2024,Georgia Tech,6500,2211,0.34015384615384614
2024,Gonzaga,7000,3727,0.5324285714285715
2024,Grambling,7276,3801,0.5224024189114899
2024,Grand Canyon,7026,3292,0.46854540278963847
2024,Green Bay,6450,971,0.15054263565891474
2024,Hampton,6600,2536,0.3842424242424242
2024,Harvard,5450,3620,0.6642201834862386
2024,Hawai'i,6875,4655,0.6770909090909091
2024,High Point,7299,1140,0.15618577887381832
2024,Hofstra,6625,5152,0.7776603773584906
2024,Holy Cross,6625,0,0.0
2024,Houston Christian,5825,2321,0.3984549356223176
2024,Houston,7475,5191,0.694448160535117
2024,Howard,7100,3593,0.506056338028169
2024,IU Indianapolis,6425,4298,0.6689494163424125
2024,Idaho State,6925,4268,0.6163176895306859
2024,Idaho,6424,783,0.12188667496886675
2024,Illinois,7651,4355,0.5692066396549471
2024,Illinois State,6400,2823,0.44109375
2024,Incarnate Word,6250,1898,0.30368
2024,Indiana,6600,3403,0.5156060606060606
2024,Indiana State,7825,4588,0.5863258785942492
2024,Iona,6600,466,0.0706060606060606
2024,Iowa,6825,3996,0.5854945054945055
2024,Iowa State,7400,3605,0.4871621621621622
2024,Jackson State,6425,5195,0.8085603112840467
2024,Jacksonville,6625,2384,0.3598490566037736
2024,Jacksonville State,6425,2386,0.37136186770428015
2024,James Madison,7275,3943,0.5419931271477664
2024,Kansas City,6500,2063,0.3173846153846154
2024,Kansas,6825,3322,0.4867399267399267
2024,Kansas State,6975,2799,0.4012903225806452
2024,Kennesaw State,6250,3674,0.58784
2024,Kent State,6925,5781,0.8348014440433214
2024,Kentucky,6675,2038,0.3053183520599251
2024,LSU,6625,3048,0.4600754716981132
2024,La Salle,6700,5896,0.88
2024,Lafayette,6501,4278,0.658052607291186
2024,Lamar,6700,4758,0.7101492537313433
2024,Le Moyne,6425,0,0.0
2024,Lehigh,6550,4688,0.7157251908396947
2024,Liberty,6450,5272,0.8173643410852713
2024,Lipscomb,6400,3712,0.58
2024,Little Rock,6850,1727,0.2521167883211679
2024,Long Beach State,7250,5959,0.8219310344827586
2024,Long Island University,5850,1671,0.2856410256410256
2024,Longwood,7100,3857,0.5432394366197183
2024,Louisiana,6598,4987,0.755835101545923
2024,Louisiana Tech,6450,2411,0.3737984496124031
2024,Louisville,6425,2628,0.4090272373540856
2024,Loyola Chicago,6650,3601,0.5415037593984963
2024,Loyola Maryland,6475,5391,0.8325868725868726
2024,Loyola Marymount,6200,2337,0.37693548387096776
2024,Maine,6449,4698,0.7284850364397581
2024,Manhattan,6076,498,0.08196181698485847
2024,Marist,6200,3265,0.5266129032258065
2024,Marquette,7425,6741,0.9078787878787878
2024,Marshall,6600,3673,0.5565151515151515
2024,Maryland Eastern Shore,5875,2642,0.44970212765957446
2024,Maryland,6675,4106,0.6151310861423221
2024,Massachusetts,6225,2641,0.4242570281124498
2024,McNeese,6660,1169,0.17552552552552553
2024,Memphis,6449,886,0.1373856411846798
2024,Mercer,6600,2412,0.3654545454545455
2024,Merrimack,6650,4061,0.6106766917293233
2024,Miami (OH),6425,1492,0.23221789883268482
2024,Miami,6425,4325,0.6731517509727627
2024,Michigan State,7025,6185,0.8804270462633452
2024,Michigan,6474,4000,0.6178560395427866
2024,Middle Tennessee,6725,5037,0.7489962825278811
2024,Milwaukee,7125,3825,0.5368421052631579
2024,Minnesota,6824,3664,0.536928487690504
2024,Mississippi State,7025,5011,0.7133096085409253
2024,Mississippi Valley State,6225,4159,0.6681124497991968
2024,Missouri State,6700,5792,0.8644776119402985
2024,Missouri,6425,3561,0.5542412451361868
2024,Monmouth,6601,3600,0.5453719133464626
2024,Montana,7250,5474,0.7550344827586207
2024,Montana State,7100,3528,0.49690140845070424
2024,Morehead State,7000,3332,0.476
2024,Morgan State,6250,2370,0.3792
2024,Mount St. Mary's,6475,4350,0.6718146718146718
2024,Murray State,6425,4449,0.6924513618677043
2024,NC State,8300,2682,0.32313253012048193
2024,NJIT,5600,2275,0.40625
2024,Navy,6250,4495,0.7192
2024,Nebraska,6873,3742,0.5444492943401716
2024,Nevada,6825,5956,0.8726739926739927
2024,New Hampshire,6223,3899,0.6265466816647919
2024,New Mexico,7199,3185,0.4424225586887068
2024,New Mexico State,6475,0,0.0
2024,New Orleans,6626,4047,0.6107757319649865
2024,Niagara,6474,1813,0.280043249922768
2024,Nicholls,7025,1908,0.27160142348754446
2024,Norfolk State,7025,2617,0.3725266903914591
2024,North Alabama,6500,4608,0.7089230769230769
2024,North Carolina A&T,6400,1149,0.17953125
2024,North Carolina Central,6249,2806,0.4490318450952152
2024,North Carolina,7425,3365,0.4531986531986532
2024,North Dakota,6425,3955,0.6155642023346304
2024,North Dakota State,6575,5925,0.9011406844106464
2024,North Florida,6474,3410,0.5267222737102255
2024,North Texas,6850,2788,0.407007299270073
2024,Northeastern,6400,5091,0.79546875
2024,Northern Arizona,6650,5264,0.791578947368421
2024,Northern Colorado,6800,3658,0.5379411764705883
2024,Northern Illinois,6275,4583,0.7303585657370518
2024,Northern Iowa,6652,5137,0.7722489476849068
2024,Northern Kentucky,6700,3615,0.5395522388059701
2024,Northwestern State,6500,35,0.005384615384615384
2024,Northwestern,6925,5272,0.7612996389891696
2024,Notre Dame,6675,1142,0.17108614232209737
2024,Oakland,7324,3948,0.5390496996176952
2024,Ohio,6675,5367,0.8040449438202247
2024,Ohio State,7275,3776,0.5190378006872852
2024,Oklahoma,6449,2644,0.40998604434796093
2024,Oklahoma State,6475,2160,0.3335907335907336
2024,Old Dominion,6450,2818,0.4368992248062015
2024,Ole Miss,6400,2680,0.41875
2024,Omaha,6650,4944,0.7434586466165414
2024,Oral Roberts,6250,4268,0.68288
2024,Oregon,7275,3240,0.44536082474226807
2024,Oregon State,6549,5662,0.8645594747289662
2024,Pacific,6450,5061,0.7846511627906977
2024,Penn State,6650,1154,0.17353383458646618
2024,Pennsylvania,5900,3702,0.6274576271186441
2024,Pepperdine,6600,3780,0.5727272727272728
2024,Pittsburgh,6600,2926,0.44333333333333336
2024,Portland,6625,5134,0.7749433962264151
2024,Portland State,6450,4790,0.7426356589147287
2024,Prairie View A&M,6200,1767,0.285
2024,Presbyterian,6650,3248,0.4884210526315789
2024,Princeton,5800,5032,0.8675862068965517
2024,Providence,7075,3725,0.5265017667844523
2024,Purdue,7874,6490,0.8242316484632969
2024,Purdue Fort Wayne,7250,3489,0.48124137931034483
2024,Quinnipiac,6825,4251,0.6228571428571429
2024,Radford,6674,4604,0.6898411747078214
2024,Rhode Island,6400,1010,0.1578125
2024,Rice,6475,4326,0.6681081081081081
2024,Richmond,6625,3671,0.5541132075471699
2024,Rider,6474,4205,0.6495211615693544
2024,Robert Morris,6500,3819,0.5875384615384616
2024,Rutgers,6425,3689,0.5741634241245136
2024,SE Louisiana,6450,5436,0.8427906976744186
2024,SIU Edwardsville,6600,5840,0.8848484848484849
2024,SMU,6625,3955,0.5969811320754717
2024,Sacramento State,6800,1590,0.2338235294117647
2024,Sacred Heart,6400,4787,0.74796875
2024,Saint Joseph's,7050,5385,0.7638297872340426
2024,Saint Louis,6600,3886,0.5887878787878787
2024,Saint Mary's,6850,6682,0.9754744525547445
2024,Saint Peter's,6625,3340,0.5041509433962265
2024,Sam Houston,6650,3985,0.5992481203007519
2024,Samford,7003,3225,0.4605169213194345
2024,San Diego State,7525,5526,0.7343521594684386
2024,San Diego,6600,3347,0.5071212121212121
2024,San Francisco,6850,3050,0.44525547445255476
2024,San José State,6450,4532,0.7026356589147287
2024,Santa Clara,6626,2842,0.4289163899788711
2024,Seattle U,7550,6524,0.8641059602649006
2024,Seton Hall,7500,4040,0.5386666666666666
2024,Siena,6400,3104,0.485
2024,South Alabama,6500,2777,0.42723076923076925
2024,South Carolina,6850,3015,0.4401459854014598
2024,South Carolina State,6450,2086,0.3234108527131783
2024,South Carolina Upstate,6075,4877,0.802798353909465
2024,South Dakota,6500,2779,0.42753846153846153
2024,South Dakota State,7049,6341,0.899560221307987
2024,South Florida,6600,1804,0.2733333333333333
2024,Southeast Missouri State,6225,3379,0.5428112449799197
2024,Southern Illinois,6499,5000,0.7693491306354824
2024,Southern,6450,1410,0.2186046511627907
2024,Southern Miss,6400,4361,0.68140625
2024,Southern Utah,6225,2687,0.4316465863453815
2024,St. Bonaventure,6675,4270,0.6397003745318353
2024,St. Francis (PA),6025,1724,0.2861410788381743
2024,St. John's,6601,1109,0.16800484775034086
2024,St. Thomas-Minnesota,6625,5678,0.857056603773585
2024,Stanford,6500,4772,0.7341538461538462
2024,Stephen F. Austin,6725,3902,0.5802230483271376
2024,Stetson,7025,5209,0.7414946619217082
2024,Stonehill,6225,3132,0.503132530120482
2024,Stony Brook,7150,5439,0.7606993006993007
2024,Syracuse,6400,4785,0.74765625
2024,TCU,6900,3680,0.5333333333333333
2024,Tarleton State,7025,3303,0.4701779359430605
2024,Temple,7350,2772,0.37714285714285717
2024,Tennessee State,6626,2438,0.36794446121340174
2024,Tennessee Tech,6250,2087,0.33392
2024,Tennessee,7200,5168,0.7177777777777777
2024,Texas A&M,7250,5809,0.8012413793103448
2024,Texas A&M-Corpus Christi,6626,2017,0.3044068819800785
2024,Texas,6825,3467,0.507985347985348
2024,Texas Southern,6623,3050,0.4605163823040918
2024,Texas State,7050,3340,0.47375886524822697
2024,Texas Tech,6824,2589,0.3793962485345838
2024,The Citadel,6425,3408,0.5304280155642024
2024,Toledo,6450,4521,0.7009302325581396
2024,Towson,6875,3559,0.5176727272727273
2024,Troy,6500,2526,0.38861538461538464
2024,Tulane,6300,4941,0.7842857142857143
2024,Tulsa,6275,447,0.07123505976095618
2024,UAB,7100,3772,0.5312676056338028
2024,UAlbany,6424,2600,0.40473225404732255
2024,UC Davis,6649,6046,0.909309670627162
2024,UC Irvine,6850,5477,0.7995620437956205
2024,UC Riverside,6825,5238,0.7674725274725275
2024,UC San Diego,6675,3873,0.5802247191011236
2024,UC Santa Barbara,6250,4195,0.6712
2024,UCF,6625,2122,0.3203018867924528
2024,UCLA,6600,2963,0.4489393939393939
2024,UConn,8000,4848,0.606
2024,UIC,6725,4077,0.6062453531598513
2024,UL Monroe,6024,4107,0.6817729083665338
2024,UMBC,6425,1836,0.28575875486381325
2024,UMass Lowell,6450,5987,0.9282170542635659
2024,UNC Asheville,6875,5006,0.7281454545454545
2024,UNC Greensboro,6450,5595,0.8674418604651163
2024,UNC Wilmington,6300,5019,0.7966666666666666
2024,UNLV,6900,2870,0.41594202898550725
2024,USC,6700,4236,0.6322388059701493
2024,UT Arlington,6829,2268,0.3321130472982867
2024,UT Martin,6450,3336,0.5172093023255814
2024,UT Rio Grande Valley,6250,2603,0.41648
2024,UTEP,6850,3673,0.5362043795620438
2024,UTSA,6499,2240,0.3446684105246961
2024,Utah State,7100,1512,0.21295774647887325
2024,Utah Tech,6250,2352,0.37632
2024,Utah,7475,4117,0.5507692307692308
2024,Utah Valley,6450,1763,0.2733333333333333
2024,VCU,7650,2939,0.3841830065359477
2024,VMI,6425,3078,0.4790661478599222
2024,Valparaiso,6399,1633,0.2551961243944366
2024,Vanderbilt,6425,2554,0.39750972762645914
2024,Vermont,7025,4365,0.6213523131672598
2024,Villanova,6950,4078,0.5867625899280575
2024,Virginia,6872,3875,0.5638824214202561
2024,Virginia Tech,6800,4445,0.6536764705882353
2024,Wagner,6675,3279,0.4912359550561798
2024,Wake Forest,7050,2999,0.42539007092198583
2024,Washington,6525,2613,0.40045977011494255
2024,Washington State,7051,3283,0.4656077152176996
2024,Weber State,6450,4893,0.7586046511627907
2024,West Virginia,6450,2353,0.3648062015503876
2024,Western Carolina,6475,5099,0.7874903474903475
2024,Western Illinois,6650,3035,0.456390977443609
2024,Western Kentucky,6800,2175,0.31985294117647056
2024,Western Michigan,6475,4230,0.6532818532818533
2024,Wichita State,6850,4077,0.5951824817518249
2024,William & Mary,6625,3636,0.5488301886792453
2024,Winthrop,6550,4151,0.6337404580152671
2024,Wisconsin,7275,5272,0.7246735395189003
2024,Wofford,6500,3603,0.5543076923076923
2024,Wright State,6475,5116,0.7901158301158301
2024,Wyoming,6450,1824,0.2827906976744186
2024,Xavier,6800,1151,0.16926470588235293
2024,Yale,6700,6086,0.9083582089552239
2024,Youngstown State,6450,1455,0.2255813953488372
2024,Queens University,6600,3264,0.49454545454545457
2024,Hartford,200,0,0.0
2024,Southern Indiana,6426,5520,0.8590102707749766
2024,Lindenwood,6225,2685,0.43132530120481927
2024,Birmingham-Southern,200,137,0.685
2024,Oglethorpe,200,120,0.6
2024,UNT Dallas,600,195,0.325
2024,LaGrange,200,125,0.625
2024,Penn State-York,191,123,0.643979057591623
2024,Erskine,400,177,0.4425
2024,Framingham State,200,45,0.225
2024,Washington College (MD),200,161,0.805
2024,Rivier,200,34,0.17
2024,Piedmont,200,141,0.705
2024,Houghton,200,84,0.42
2024,Cheyney (PA),200,0,0.0
2024,Alice Lloyd College,400,337,0.8425
2024,Defiance,600,429,0.715
2024,Notre Dame (Md),200,0,0.0
2024,Cleary University,425,0,0.0
2024,Hannibal-LaGrange,400,258,0.645
2024,Mount Olive,400,170,0.425
2024,Mid-Atlantic Christian,800,291,0.36375
2024,Columbia International,400,307,0.7675
2024,College Of Biblical Studies,600,0,0.0
2024,Trinity Baptist,800,669,0.83625
2024,William Peace,200,147,0.735
2024,Marywood,200,0,0.0
2024,Vermont State - Lyndon,184,140,0.7608695652173914
2024,New College (FL),200,0,0.0
2024,Lynchburg,200,116,0.58
2024,York College Nebraska,200,0,0.0
2024,Mississippi College,200,72,0.36
2024,Bob Jones,400,200,0.5
2024,Dallas Christian,800,175,0.21875
2024,Pfeiffer,400,314,0.785
2024,Louisiana Christian,200,99,0.495
2024,Arkansas Baptist,200,27,0.135
2024,Bethel (TN),400,268,0.67
2024,Mid-America Christian,400,200,0.5
2024,Western Colorado,200,132,0.66
2024,St. Francis (IL),400,211,0.5275
2024,Penn State - Wilkes-Barre,400,254,0.635
2024,Park University Gilbert,200,60,0.3
2024,Paul Quinn,600,151,0.25166666666666665
2024,Avila,400,7,0.0175
2024,Dallas,200,81,0.405
2024,Fisk,400,368,0.92
2024,Champion Christian,1600,831,0.519375
2024,Western New Mexico,400,5,0.0125
2024,Howard Payne,200,69,0.345
2024,William Carey,200,67,0.335
2024,Southern-New Orleans,800,296,0.37
2024,North Central (MN),200,90,0.45
2024,Sul Ross State,200,137,0.685
2024,Hawai'i Hilo,200,0,0.0
2024,Northwest University,400,6,0.015
2024,Northwest Indian,400,188,0.47
2024,Concordia-St. Paul,200,0,0.0
2024,Jessup University,200,59,0.295
2024,Life Pacific,600,388,0.6466666666666666
2024,San Francisco State,200,140,0.7
2024,Colorado College,400,340,0.85
2024,La Verne,400,238,0.595
2024,Westminster (PA),200,0,0.0
2024,SUNY-Canton,200,67,0.335
2024,Toccoa Falls,800,410,0.5125
2024,Cal Maritime,200,75,0.375
2024,Ohio Christian,200,46,0.23
2024,Boyce,600,415,0.6916666666666667
2024,Virginia-Lynchburg,1600,269,0.168125
2024,Massachusetts-Boston,200,0,0.0
2024,Carolina Christian College,200,0,0.0
2024,St. Andrews,786,516,0.6564885496183206
2024,Lewis & Clark,400,185,0.4625
2024,Kentucky Christian,400,0,0.0
2024,Bethesda University,1600,383,0.239375
2024,SUNY-Oneonta,200,116,0.58
2024,Oakwood,200,122,0.61
2024,University of Health Sciences & Pharmacy,400,0,0.0
2024,Eureka,400,283,0.7075
2024,Mississippi University For Women,400,223,0.5575
2024,Davenport,200,0,0.0
2024,Bryan (TN),200,127,0.635
2024,Evergreen State,200,118,0.59
2024,Siena Heights,200,84,0.42
2024,Coastal Georgia,400,159,0.3975
2024,Miami (OH)-Hamilton,200,133,0.665
2024,Ozark Christian,200,100,0.5
2024,Kansas Christian,200,39,0.195
2024,McMurry,200,125,0.625
2024,Fredonia State,200,67,0.335
2024,Nelson,200,120,0.6
2024,Brescia,800,222,0.2775
2024,Xavier (LA),400,334,0.835
2024,Penn State-Schuylkill,200,0,0.0
2024,Bluefield University,200,40,0.2
2024,Mount Marty College,600,291,0.485
2024,Menlo,200,124,0.62
2024,Dillard,382,157,0.4109947643979058
2024,Voorhees,400,353,0.8825
2024,Vermont State - Johnson,400,82,0.205
2024,Mount Saint Mary (NY),200,118,0.59
2024,Goshen,390,103,0.2641025641025641
2024,Christendom,200,0,0.0
2024,Mercy,200,124,0.62
2024,Mary Baldwin,200,158,0.79
2024,Gwynedd-Mercy,400,215,0.5375
2024,Carolina University,600,200,0.3333333333333333
2024,LeTourneau,400,221,0.5525
2024,Loyola New Orleans,400,271,0.6775
2024,Campbellsville,200,59,0.295
2024,Colorado Christian,200,89,0.445
2024,Occidental,400,322,0.805
2024,Western Oregon,200,120,0.6
2024,Truett-McConnell,200,145,0.725
2024,Emerson,200,120,0.6
2024,Tusculum,200,71,0.355
2024,North Greenville,600,433,0.7216666666666667
2024,Dakota Wesleyan,200,0,0.0
2024,Ecclesia,800,603,0.75375
2024,Tabor,200,0,0.0
2024,La Sierra,200,58,0.29
2024,John Jay College,200,114,0.57
2024,Rockford,200,139,0.695
2024,Saint Joseph's Long Island,400,273,0.6825
2024,Trinity Christian (IL),200,54,0.27
2024,Gallaudet,200,176,0.88
2024,Southern Virginia,400,0,0.0
2024,Spring Hill,200,119,0.595
2024,East-West University,400,166,0.415
2024,Southern Wesleyan,200,0,0.0
2024,Fisher College,400,241,0.6025
2024,Saint Elizabeth,200,147,0.735
2024,Stanislaus State,400,220,0.55
2024,Johnson University (TN),200,42,0.21
2024,Edward Waters,200,17,0.085
2024,Monmouth (IL),199,0,0.0
2024,Kentucky State,600,248,0.41333333333333333
2024,Ferrum,200,0,0.0
2024,Springfield,185,0,0.0
2024,St. Ambrose,200,68,0.34
2024,Rosemont,200,0,0.0
2024,Midway University,1200,487,0.4058333333333333
2024,SUNY-Maritime,200,182,0.91
2024,Texas Lutheran,200,87,0.435
2024,Northern New Mexico,800,141,0.17625
2024,Hawai'i Pacific,200,91,0.455
2024,Dalton State,200,0,0.0
2024,Plattsburgh St,200,0,0.0
2024,Central Penn,200,31,0.155
2024,Elizabeth City State,200,0,0.0
2024,Bethany (WV),400,0,0.0
2024,Our Lady Of The Lake,200,72,0.36
2024,Regent,400,138,0.345
2024,Brevard,400,333,0.8325
2024,Arlington Baptist,200,36,0.18
2024,Aquinas,200,98,0.49
2024,Calumet College,200,49,0.245
2024,Trinity (FL),400,26,0.065
2024,Merchant Marine Academy,200,200,1.0
2024,Montreat,400,276,0.69
2024,Thomas (ME),396,54,0.13636363636363635
2024,Sarah Lawrence,200,148,0.74
2024,Lindsey Wilson College,200,83,0.415
2024,Cairn University,400,322,0.805
2024,Harris-Stowe State,200,119,0.595
2024,Apprentice School,400,287,0.7175
2024,Montana Tech,200,127,0.635
2024,Cumberland (KY),200,0,0.0
2024,Wisconsin-Stout,400,262,0.655
2024,SUNY Delhi,200,175,0.875
2024,Bryn Athyn,400,116,0.29
2024,Middle Georgia State,200,97,0.485
2024,Hardin-Simmons,200,0,0.0
2024,Walla Walla,200,56,0.28
2024,Shawnee State,413,0,0.0
2024,Saint Mary of the Woods College,400,156,0.39
2024,Crown College,200,175,0.875
2024,St. Thomas (TX),200,129,0.645
2024,Whittier,200,78,0.39
2024,Willamette,200,65,0.325
2024,Southwestern Adventist,600,192,0.32
2024,Tennessee Wesleyan,200,88,0.44
2024,Lincoln (MO),200,126,0.63
2024,Milligan,200,83,0.415
2024,Schreiner,400,313,0.7825
2024,Franciscan University,200,127,0.635
2024,South Dakota Mines,400,0,0.0
2024,Brewton-Parker,200,43,0.215
2024,Immaculata,200,142,0.71
2024,Kentucky Wesleyan,199,0,0.0
2024,Rust,200,77,0.385
2024,Fort Lauderdale,200,0,0.0
2024,Blackburn,200,150,0.75
2024,Virginia Wesleyan,200,128,0.64
2024,Southwestern Christian,200,89,0.445
2024,University of The Southwest,200,0,0.0
2024,Westcliff,600,261,0.435
2024,William Woods,200,45,0.225
2024,Johnson & Wales (RI),200,155,0.775
2024,Waldorf College,400,267,0.6675
2024,Heidelberg,200,74,0.37
2024,Asbury,200,79,0.395
2024,Friends University,200,0,0.0
2024,Elms College,200,0,0.0
2024,Muskingum,200,108,0.54
2024,Mobile,400,337,0.8425
2024,Fort Valley State,200,81,0.405
2024,Benedictine (AZ),200,122,0.61
2024,Eastern Oregon,200,104,0.52
2024,Colby-Sawyer,200,48,0.24
2024,Kean,200,106,0.53
2024,Medgar Evers,200,102,0.51
2024,Bowie State,200,0,0.0
2024,Morehouse,200,55,0.275
2024,Spalding,400,264,0.66
2024,North American,600,143,0.23833333333333334
2024,Linfield College,400,0,0.0
2024,King (TN),400,0,0.0
2024,Johnson University Florida,600,154,0.25666666666666665
2024,Clark Atlanta,200,0,0.0
2024,Malone,200,34,0.17
2024,Washington and Lee,200,0,0.0
2024,Delta State,171,26,0.15204678362573099
2024,Covenant,200,166,0.83
2024,Vassar,200,82,0.41
2024,Carroll (MT),400,172,0.43
2024,Millsaps,200,54,0.27
2024,Coast Guard,200,162,0.81
2024,Warner Pacific,200,103,0.515
2024,Jarvis Christian,400,165,0.4125
2024,Lourdes University,200,114,0.57
2024,Life University,200,75,0.375
2024,Southwestern Assemblies of God,200,0,0.0
2024,Doane,200,16,0.08
2024,Blue Mountain,400,93,0.2325
2024,Concordia-Irvine,171,30,0.17543859649122806
2024,Fresno Pacific,400,191,0.4775
2024,Sonoma State,200,99,0.495
2024,Oakland City,400,244,0.61
2024,WVU Tech,200,70,0.35
2024,Vanguard,400,290,0.725
2024,UC Merced,400,301,0.7525
2024,Maine-Presque Isle,200,0,0.0
2024,SUNY Morrisville,200,0,0.0
2024,Goldey-Beacom,200,0,0.0
2024,Penn State (Brandywine),200,0,0.0
2024,Curry College,200,10,0.05
2024,John Brown,400,217,0.5425
2024,Point Park,200,66,0.33
2024,Molloy,200,69,0.345
2024,Andrews University,200,0,0.0
2024,Worcester State,200,0,0.0
2024,North Park,200,110,0.55
2024,Science & Arts (OK),400,183,0.4575
2024,Wilberforce,374,0,0.0
2024,Ave Maria,200,72,0.36
2024,Hendrix College,200,179,0.895
2024,St. Mary's (MD),400,285,0.7125
2024,UT Tyler,200,0,0.0
2024,University Of Saint Mary,200,0,0.0
2024,Eastern Mennonite,200,0,0.0
2024,Bard College,200,0,0.0
2024,Keystone,400,209,0.5225
2024,Lyon,200,101,0.505
2024,Johnson & Wales (NC),294,224,0.7619047619047619
2024,Illinois Tech,200,80,0.4
2024,Depauw,200,79,0.395
2024,Berry,200,0,0.0
2024,Loras,200,142,0.71
2024,Tiffin,200,17,0.085
2024,Southwest Minnesota State,200,27,0.135
2024,Reinhardt,400,240,0.6
2024,Pacific Union,200,0,0.0
2024,Westfield State,200,0,0.0
2024,Roberts Wesleyan,200,0,0.0
2024,Keiser,200,0,0.0
2024,University of Saint Katherine,400,163,0.4075
2024,Rhode Island College,200,34,0.17
2024,Felician,400,0,0.0
2024,Valley City,200,0,0.0
2024,Luther,200,0,0.0
2024,Pacific Lutheran,200,118,0.59
2024,Lake Erie,400,194,0.485
2024,Wilkes University,200,179,0.895
2024,Aurora,200,90,0.45
2024,Chaminade,600,431,0.7183333333333334
2024,Pittsburgh - Greensburg,200,143,0.715
2024,D'Youville,200,117,0.585
2024,Lynn,200,99,0.495
2024,Northland,200,78,0.39
2024,Westmont,200,105,0.525
2024,Limestone,200,11,0.055
2024,Clarks Summit,400,366,0.915
2024,Wittenberg,200,0,0.0
2024,Angelo State,200,0,0.0
2024,Hood College,200,0,0.0
2024,Navajo Tech,200,0,0.0
2024,Point Loma Nazarene,200,0,0.0
2024,Missouri Baptist,400,43,0.1075
2024,Albany St (GA),250,122,0.488
2024,Bellevue University,200,0,0.0
2024,Warren Wilson,200,71,0.355
2024,Rocky Mountain,200,109,0.545
2024,Lake Superior State,200,0,0.0
2024,Stanton,200,0,0.0
2024,SUNY-Potsdam,200,0,0.0
2024,Belhaven,200,102,0.51
2024,Montana State-Northern,200,138,0.69
2024,FDU Florham,200,113,0.565
2024,Bloomsburg,193,11,0.05699481865284974
2024,Coe,200,146,0.73
2024,Berea,200,0,0.0
2024,Bethel (IN),200,54,0.27
2024,LeMoyne-Owen,200,71,0.355
2024,George Fox,200,134,0.67
2024,Northwest Nazarene,200,118,0.59
2024,Arkansas-Fort Smith,200,0,0.0
2024,Ohio Dominican,200,29,0.145
2024,Oak Hills Christian,200,0,0.0
2024,Buffalo State,200,54,0.27
2024,Sterling College (KS),200,0,0.0
2024,Portland Bible,200,46,0.23
2024,Saint Augustine's,200,66,0.33
2024,Mayville State,200,32,0.16
2024,Bridgewater College (VA),400,245,0.6125
2024,Saginaw Valley State,200,109,0.545
2024,CSU Pueblo,200,21,0.105
2024,Saint Vincent,200,114,0.57
2024,Montevallo,200,14,0.07
2024,Penn State-Alleghany,200,118,0.59
2024,Central Christian College,200,0,0.0
2024,Adams State,400,49,0.1225
2024,Wiley,200,45,0.225
2024,CS Dominguez Hills,200,22,0.11
2024,Milwaukee School Of Engineering,200,189,0.945
2024,University of Wisconsin River Falls,196,0,0.0
2024,Penn State-New Kensington,200,155,0.775
2024,Greensboro College,200,176,0.88
2024,Delaware Valley,200,0,0.0
2024,Florida Memorial,225,0,0.0
2024,Truman State,200,0,0.0
2024,Talladega,200,0,0.0
2024,Southwestern Oklahoma State,171,0,0.0
2024,E. New Mexico,200,0,0.0
2024,Northwood (MI),200,0,0.0
2024,LSU Shreveport,200,0,0.0
2024,Anderson (SC),200,81,0.405
2024,Arcadia,184,129,0.7010869565217391
2024,Coker,200,0,0.0
2024,Antelope Valley,200,107,0.535
2024,Trevecca Nazarene,200,112,0.56
2024,Mount Saint Vincent,200,111,0.555
2024,St. Xavier  (IL),200,85,0.425
2024,Queens College NY,200,0,0.0
2024,Wells College,200,99,0.495
2024,Indiana University Northwest,200,0,0.0
2025,Abilene Christian,6450,2932,0.4545736434108527
2025,Air Force,6449,4862,0.7539153357109629
2025,Akron,7025,3661,0.5211387900355872
2025,Alabama A&M,6502,4200,0.6459550907413104
2025,Alabama,7450,3639,0.48845637583892615
2025,Alabama State,7225,5482,0.7587543252595156
2025,Alcorn State,6426,2637,0.4103641456582633
2025,American University,7100,6132,0.8636619718309859
2025,App State,6225,2473,0.3972690763052209
2025,Arizona State,6675,1502,0.2250187265917603
2025,Arizona,7450,4553,0.6111409395973154
2025,Arkansas,7250,711,0.09806896551724138
2025,Arkansas State,7250,4426,0.6104827586206897
2025,Arkansas-Pine Bluff,6001,750,0.12497917013831028
2025,Army,6750,6163,0.9130370370370371
2025,Auburn,7625,5191,0.6807868852459016
2025,Austin Peay,6675,2820,0.42247191011235957
2025,BYU,7325,4002,0.5463481228668942
2025,Ball State,6251,2526,0.4040953447448408
2025,Baylor,7125,2071,0.2906666666666667
2025,Bellarmine,6250,4312,0.68992
2025,Belmont,6625,2834,0.42777358490566036
2025,Bethune-Cookman,6601,1534,0.2323890319648538
2025,Binghamton,6475,4667,0.7207722007722007
2025,Boise State,7423,4285,0.5772598679779065
2025,Boston College,6374,3261,0.5116096642610606
2025,Boston University,6499,5536,0.8518233574396061
2025,Bowling Green,6200,2044,0.3296774193548387
2025,Bradley,7499,4995,0.6660888118415789
2025,Brown,5475,4838,0.8836529680365297
2025,Bryant,7025,4926,0.7012099644128114
2025,Bucknell,6900,5406,0.7834782608695652
2025,Buffalo,6200,2485,0.40080645161290324
2025,Butler,7025,5126,0.7296797153024911
2025,Cal Poly,7099,1617,0.22777856036061417
2025,Cal State Bakersfield,6650,3929,0.5908270676691729
2025,Cal State Fullerton,6400,3836,0.599375
2025,Cal State Northridge,6625,2246,0.3390188679245283
2025,California Baptist,6475,2634,0.4067953667953668
2025,California,6800,44,0.006470588235294118
2025,Campbell,6425,3728,0.5802334630350194
2025,Canisius,6200,899,0.145
2025,Central Arkansas,6750,1875,0.2777777777777778
2025,Central Connecticut,6425,4818,0.7498832684824903
2025,Central Michigan,6251,2308,0.3692209246520557
2025,Charleston,6700,2265,0.33805970149253733
2025,Charleston Southern,6475,2527,0.3902702702702703
2025,Charlotte,6725,3374,0.5017100371747212
2025,Chattanooga,7775,3716,0.4779421221864952
2025,Chicago State,6450,1216,0.18852713178294572
2025,Cincinnati,7000,5063,0.7232857142857143
2025,Clemson,6950,4250,0.6115107913669064
2025,Cleveland State,7225,3293,0.45577854671280277
2025,Coastal Carolina,6425,449,0.06988326848249027
2025,Colgate,6450,5950,0.9224806201550387
2025,Colorado,7050,3882,0.5506382978723404
2025,Colorado State,7274,4038,0.5551278526257905
2025,Columbia,5400,4193,0.7764814814814814
2025,Coppin State,6025,1818,0.30174273858921163
2025,Cornell,5800,5458,0.9410344827586207
2025,Creighton,7250,4517,0.6230344827586207
2025,Dartmouth,5625,4395,0.7813333333333333
2025,Davidson,6600,4850,0.7348484848484849
2025,Dayton,6900,4669,0.6766666666666666
2025,DePaul,6951,0,0.0
2025,Delaware,7200,2376,0.33
2025,Delaware State,6050,2849,0.4709090909090909
2025,Denver,6501,3341,0.5139209352407322
2025,Detroit Mercy,6500,886,0.1363076923076923
2025,Drake,7105,347,0.04883884588318086
2025,Drexel,6725,4141,0.6157620817843866
2025,Duke,7800,1730,0.22179487179487178
2025,Duquesne,6450,3052,0.4731782945736434
2025,East Carolina,6726,2320,0.34493012191495687
2025,East Tennessee State,6401,5026,0.7851898140915482
2025,East Texas A&M,6225,2016,0.32385542168674697
2025,Eastern Illinois,6250,3307,0.52912
2025,Eastern Kentucky,6500,3357,0.5164615384615384
2025,Eastern Michigan,6251,1894,0.30299152135658297
2025,Eastern Washington,6400,3807,0.59484375
2025,Elon,6625,3523,0.5317735849056604
2025,Evansville,6400,3246,0.5071875
2025,Fairfield,6425,1916,0.2982101167315175
2025,Fairleigh Dickinson,6700,3942,0.5883582089552238
2025,Florida A&M,6200,2381,0.38403225806451613
2025,Florida Atlantic,6875,1004,0.14603636363636363
2025,Florida,8000,5461,0.682625
2025,Florida Gulf Coast,6800,2645,0.3889705882352941
2025,Florida International,6700,3997,0.5965671641791045
2025,Florida State,6426,2461,0.3829754123871771
2025,Fordham,6675,4831,0.7237453183520599
2025,Fresno State,6575,1031,0.1568060836501901
2025,Furman,7075,4795,0.67773851590106
2025,Gardner-Webb,6200,3095,0.4991935483870968
2025,George Mason,7349,3768,0.5127228194312151
2025,George Washington,6875,3414,0.4965818181818182
2025,Georgetown,6800,1746,0.25676470588235295
2025,Georgia,6600,2384,0.3612121212121212
2025,Georgia Southern,6699,2602,0.3884161815196298
2025,Georgia State,6626,1476,0.22275882885602175
2025,Georgia Tech,6900,3978,0.5765217391304348
2025,Gonzaga,7075,5040,0.7123674911660778
2025,Grambling,6850,3482,0.5083211678832117
2025,Grand Canyon,6825,4712,0.6904029304029304
2025,Green Bay,6425,3719,0.5788326848249027
2025,Hampton,6625,798,0.12045283018867925
2025,Harvard,5425,3376,0.6223041474654378
2025,Hawai'i,6264,3293,0.5257024265644955
2025,High Point,7025,3694,0.5258362989323844
2025,Hofstra,6701,2417,0.36069243396507983
2025,Holy Cross,6449,0,0.0
2025,Houston Christian,6401,736,0.11498203405717856
2025,Houston,8125,6676,0.8216615384615384
2025,Howard,6450,2615,0.4054263565891473
2025,IU Indianapolis,6425,0,0.0
2025,Idaho State,6025,2191,0.3636514522821577
2025,Idaho,6625,3737,0.5640754716981132
2025,Illinois,7049,567,0.0804369414101291
2025,Illinois State,7425,5409,0.7284848484848485
2025,Incarnate Word,7251,2830,0.3902909943456075
2025,Indiana,6425,2890,0.44980544747081713
2025,Indiana State,6474,1440,0.22242817423540315
2025,Iona,6850,0,0.0
2025,Iowa,6625,5229,0.7892830188679245
2025,Iowa State,7100,4059,0.5716901408450704
2025,Jackson State,6900,3552,0.5147826086956522
2025,Jacksonville,6626,2995,0.4520072441895563
2025,Jacksonville State,7250,1856,0.256
2025,James Madison,6452,965,0.1495660260384377
2025,Kansas City,6602,4783,0.7244774310814904
2025,Kansas,6875,3114,0.45294545454545454
2025,Kansas State,6625,1160,0.1750943396226415
2025,Kennesaw State,6646,2845,0.42807703882034304
2025,Kent State,7025,4202,0.5981494661921708
2025,Kentucky,7226,5,0.0006919457514530861
2025,LSU,6475,1961,0.3028571428571429
2025,La Salle,6625,2329,0.3515471698113208
2025,Lafayette,6675,4583,0.6865917602996254
2025,Lamar,6626,3848,0.5807425294295201
2025,Le Moyne,6575,3540,0.538403041825095
2025,Lehigh,5850,4424,0.7562393162393163
2025,Liberty,7025,3972,0.5654092526690392
2025,Lipscomb,7023,4515,0.6428876548483554
2025,Little Rock,6651,1960,0.29469252743948277
2025,Long Beach State,6475,580,0.08957528957528957
2025,Long Island University,6725,1270,0.18884758364312268
2025,Longwood,6400,3317,0.51828125
2025,Louisiana,6650,3583,0.538796992481203
2025,Louisiana Tech,6500,2930,0.45076923076923076
2025,Louisville,7025,10,0.0014234875444839859
2025,Loyola Chicago,7475,4958,0.6632775919732441
2025,Loyola Maryland,6225,4243,0.6816064257028113
2025,Loyola Marymount,6400,3098,0.4840625
2025,Maine,6826,5315,0.7786404922355699
2025,Manhattan,6325,2946,0.4657707509881423
2025,Marist,6075,2966,0.4882304526748971
2025,Marquette,6650,5879,0.8840601503759399
2025,Marshall,6625,2523,0.3808301886792453
2025,Maryland Eastern Shore,6200,0,0.0
2025,Maryland,7225,1975,0.27335640138408307
2025,Massachusetts,6500,4192,0.6449230769230769
2025,McNeese,7000,3256,0.46514285714285714
2025,Memphis,6875,896,0.13032727272727274
2025,Mercer,6675,1506,0.22561797752808987
2025,Mercyhurst,6275,1257,0.20031872509960158
2025,Merrimack,6649,3477,0.5229357798165137
2025,Miami (OH),6825,3042,0.44571428571428573
2025,Miami,6251,1617,0.25867861142217247
2025,Michigan State,7424,5346,0.7200969827586207
2025,Michigan,7450,1602,0.21503355704697988
2025,Middle Tennessee,6975,4709,0.6751254480286738
2025,Milwaukee,6450,2711,0.4203100775193798
2025,Minnesota,6525,2570,0.3938697318007663
2025,Mississippi State,6865,3748,0.5459577567370721
2025,Mississippi Valley State,6200,2910,0.4693548387096774
2025,Missouri State,6574,7,0.0010648007301490721
2025,Missouri,6794,3225,0.47468354430379744
2025,Monmouth,6675,4132,0.6190262172284644
2025,Montana,7026,2925,0.41631084543125535
2025,Montana State,6625,4091,0.6175094339622641
2025,Morehead State,6425,2322,0.36140077821011674
2025,Morgan State,6475,5666,0.8750579150579151
2025,Mount St. Mary's,7299,4889,0.6698177832579806
2025,Murray State,6750,2981,0.44162962962962965
2025,NC State,6225,3221,0.517429718875502
2025,NJIT,6225,2784,0.4472289156626506
2025,Navy,6825,6777,0.9929670329670329
2025,Nebraska,7100,3619,0.5097183098591549
2025,Nevada,6650,3359,0.5051127819548872
2025,New Hampshire,6400,1333,0.20828125
2025,New Mexico,7050,4558,0.6465248226950354
2025,New Mexico State,6225,2203,0.3538955823293173
2025,New Orleans,6250,1198,0.19168
2025,Niagara,6275,0,0.0
2025,Nicholls,6651,3856,0.5797624417380844
2025,Norfolk State,7049,4272,0.6060434104128245
2025,North Alabama,7050,2883,0.40893617021276596
2025,North Carolina A&T,6400,3410,0.5328125
2025,North Carolina Central,6699,3726,0.5562024182713838
2025,North Carolina,7450,4492,0.6029530201342281
2025,North Dakota,6600,4519,0.6846969696969697
2025,North Dakota State,6501,2855,0.4391632056606676
2025,North Florida,6475,4111,0.6349034749034749
2025,North Texas,7200,1833,0.25458333333333333
2025,Northeastern,6400,4663,0.72859375
2025,Northern Arizona,6800,5276,0.7758823529411765
2025,Northern Colorado,7076,4985,0.7044940644431883
2025,Northern Illinois,6275,1880,0.299601593625498
2025,Northern Iowa,6625,3339,0.504
2025,Northern Kentucky,6701,4899,0.7310849126995971
2025,Northwestern State,6450,880,0.13643410852713178
2025,Northwestern,6700,4947,0.7383582089552239
2025,Notre Dame,6775,4846,0.7152767527675277
2025,Oakland,6950,3260,0.46906474820143884
2025,Ohio,6450,4239,0.6572093023255814
2025,Ohio State,6550,2786,0.4253435114503817
2025,Oklahoma,6800,1957,0.2877941176470588
2025,Oklahoma State,7000,1881,0.26871428571428574
2025,Old Dominion,7051,1328,0.18834207913771095
2025,Ole Miss,7250,2961,0.4084137931034483
2025,Omaha,7001,4001,0.5714897871732609
2025,Oral Roberts,6025,2764,0.4587551867219917
2025,Oregon,7075,4527,0.6398586572438163
2025,Oregon State,6675,1950,0.29213483146067415
2025,Pacific,6650,236,0.03548872180451128
2025,Penn State,6200,3856,0.6219354838709678
2025,Pennsylvania,5425,3147,0.5800921658986176
2025,Pepperdine,7000,1020,0.1457142857142857
2025,Pittsburgh,6451,4342,0.6730739420244923
2025,Portland,6500,3374,0.5190769230769231
2025,Portland State,6426,3029,0.4713663243075008
2025,Prairie View A&M,6400,485,0.07578125
2025,Presbyterian,6474,5577,0.8614457831325302
2025,Princeton,6000,4946,0.8243333333333334
2025,Providence,6425,2912,0.4532295719844358
2025,Purdue,7200,5757,0.7995833333333333
2025,Purdue Fort Wayne,6475,5510,0.850965250965251
2025,Quinnipiac,6625,4998,0.7544150943396226
2025,Radford,6650,2610,0.3924812030075188
2025,Rhode Island,6275,2723,0.43394422310756975
2025,Rice,6451,1470,0.22787164780654162
2025,Richmond,6549,3728,0.5692472133150099
2025,Rider,6600,3231,0.48954545454545456
2025,Robert Morris,7125,1309,0.18371929824561403
2025,Rutgers,6525,1631,0.24996168582375478
2025,SE Louisiana,6450,2139,0.3316279069767442
2025,SIU Edwardsville,6845,4080,0.5960555149744339
2025,SMU,7000,2418,0.3454285714285714
2025,Sacramento State,6400,4280,0.66875
2025,Sacred Heart,6625,2747,0.4146415094339623
2025,Saint Joseph's,7050,5129,0.7275177304964539
2025,Saint Louis,6851,1665,0.24303021456721646
2025,Saint Mary's,7050,5145,0.7297872340425532
2025,Saint Peter's,5649,3296,0.5834661001947248
2025,Sam Houston,6475,3002,0.4636293436293436
2025,Samford,6650,3005,0.4518796992481203
2025,San Diego State,6248,2896,0.46350832266325226
2025,San Diego,6600,3932,0.5957575757575757
2025,San Francisco,7025,4173,0.5940213523131672
2025,San José State,7075,1901,0.26869257950530034
2025,Santa Clara,6875,5131,0.7463272727272727
2025,Seattle U,6400,3172,0.495625
2025,Seton Hall,6475,2001,0.30903474903474903
2025,Siena,6500,1180,0.18153846153846154
2025,South Alabama,6550,2122,0.323969465648855
2025,South Carolina,6450,4358,0.6756589147286822
2025,South Carolina State,6650,4888,0.7350375939849624
2025,South Carolina Upstate,6401,574,0.08967348851741916
2025,South Dakota,6600,4190,0.6348484848484849
2025,South Dakota State,6401,3269,0.5107014528979847
2025,South Florida,6450,3374,0.5231007751937985
2025,Southeast Missouri State,6650,3567,0.536390977443609
2025,Southern Illinois,6650,2383,0.35834586466165413
2025,Southern,6450,2024,0.3137984496124031
2025,Southern Miss,6650,2460,0.3699248120300752
2025,Southern Utah,6200,3557,0.5737096774193549
2025,St. Bonaventure,6825,1343,0.19677655677655678
2025,St. Francis (PA),6925,2208,0.3188447653429603
2025,St. John's,7100,3492,0.49183098591549296
2025,St. Thomas-Minnesota,6825,4250,0.6227106227106227
2025,Stanford,7000,3541,0.5058571428571429
2025,Stephen F. Austin,6275,4029,0.6420717131474104
2025,Stetson,6451,1562,0.24213300263525034
2025,Stonehill,6400,3888,0.6075
2025,Stony Brook,6401,2106,0.32901109201687234
2025,Syracuse,6749,2108,0.3123425692695214
2025,TCU,6425,1373,0.21369649805447472
2025,Tarleton State,6400,2347,0.36671875
2025,Temple,6550,3712,0.5667175572519084
2025,Tennessee State,6749,573,0.08490146688398281
2025,Tennessee Tech,6450,3161,0.49007751937984495
2025,Tennessee,7600,4045,0.5322368421052631
2025,Texas A&M,6850,4844,0.7071532846715328
2025,Texas A&M-Corpus Christi,6801,4181,0.6147625349213351
2025,Texas,7100,2013,0.2835211267605634
2025,Texas Southern,6250,3612,0.57792
2025,Texas State,6550,4734,0.7227480916030534
2025,Texas Tech,7525,2942,0.39096345514950165
2025,The Citadel,6075,1595,0.2625514403292181
2025,Toledo,6624,4503,0.6798007246376812
2025,Towson,6675,5849,0.8762546816479401
2025,Troy,6798,6200,0.9120329508679024
2025,Tulane,6826,2378,0.3483738646352183
2025,Tulsa,6700,3536,0.5277611940298508
2025,UAB,7451,5150,0.6911823916252852
2025,UAlbany,6676,2158,0.323247453565009
2025,UC Davis,6424,5034,0.7836239103362391
2025,UC Irvine,7925,5477,0.6911041009463722
2025,UC Riverside,6900,4886,0.7081159420289855
2025,UC San Diego,7000,3894,0.5562857142857143
2025,UC Santa Barbara,6800,3027,0.4451470588235294
2025,UCF,7525,2022,0.2687043189368771
2025,UCLA,6800,2510,0.36911764705882355
2025,UConn,7100,4962,0.6988732394366197
2025,UIC,6298,1439,0.22848523340743093
2025,UL Monroe,6450,5066,0.7854263565891473
2025,UMBC,6500,4585,0.7053846153846154
2025,UMass Lowell,6450,4824,0.747906976744186
2025,UNC Asheville,6676,3850,0.5766926303175555
2025,UNC Greensboro,6400,3557,0.55578125
2025,UNC Wilmington,7076,3355,0.47413793103448276
2025,UNLV,6600,2821,0.42742424242424243
2025,USC,7050,29,0.004113475177304964
2025,UT Arlington,6275,1007,0.16047808764940238
2025,UT Martin,6750,0,0.0
2025,UT Rio Grande Valley,6200,1247,0.20112903225806453
2025,UTEP,6625,4952,0.7474716981132076
2025,UTSA,6249,134,0.021443430948951833
2025,Utah State,6800,2977,0.43779411764705883
2025,Utah Tech,6625,3010,0.45433962264150946
2025,Utah,6625,3042,0.45916981132075474
2025,Utah Valley,6850,3427,0.5002919708029198
2025,VCU,7024,4047,0.5761674259681093
2025,VMI,6826,1163,0.17037796659830062
2025,Valparaiso,6874,2674,0.3890020366598778
2025,Vanderbilt,6625,178,0.026867924528301886
2025,Vermont,6600,5927,0.8980303030303031
2025,Villanova,7225,2653,0.36719723183391
2025,Virginia,6400,3565,0.55703125
2025,Virginia Tech,6475,2431,0.37544401544401546
2025,Wagner,6075,4348,0.7157201646090535
2025,Wake Forest,6400,3568,0.5575
2025,Washington,6249,963,0.1541046567450792
2025,Washington State,6825,958,0.14036630036630038
2025,Weber State,6850,3565,0.5204379562043796
2025,West Georgia,6200,0,0.0
2025,West Virginia,6500,2,0.0003076923076923077
2025,Western Carolina,6075,1714,0.28213991769547325
2025,Western Illinois,6251,1731,0.27691569348904177
2025,Western Kentucky,6425,4537,0.706147859922179
2025,Western Michigan,6400,4037,0.63078125
2025,Wichita State,6650,4059,0.610375939849624
2025,William & Mary,6400,3154,0.4928125
2025,Winthrop,6875,4382,0.6373818181818182
2025,Wisconsin,7425,5823,0.7842424242424243
2025,Wofford,7051,4945,0.701318961849383
2025,Wright State,6676,5143,0.7703714799281006
2025,Wyoming,6423,955,0.14868441538222016
2025,Xavier,6850,3776,0.5512408759124088
2025,Yale,6000,4975,0.8291666666666667
2025,Youngstown State,6850,1902,0.2776642335766423
2025,Queens University,7075,4095,0.5787985865724382
2025,Southern Indiana,6075,1856,0.30551440329218105
2025,Lindenwood,6700,1568,0.23402985074626867
2025,IU Columbus,200,0,0.0
2025,Oglethorpe,400,261,0.6525
2025,UNT Dallas,400,235,0.5875
2025,LaGrange,400,224,0.56
2025,Penn State-York,200,159,0.795
2025,Erskine,400,269,0.6725
2025,Old Westbury,200,0,0.0
2025,Framingham State,200,114,0.57
2025,Washington College (MD),400,186,0.465
2025,Georgian Court,400,110,0.275
2025,Rivier,200,78,0.39
2025,Piedmont,390,333,0.8538461538461538
2025,Houghton,400,237,0.5925
2025,Cheyney (PA),800,400,0.5
2025,Alice Lloyd College,400,340,0.85
2025,Morris College,388,0,0.0
2025,Bluffton,200,113,0.565
2025,Defiance,800,166,0.2075
2025,Notre Dame (Md),400,207,0.5175
2025,Cleary University,600,473,0.7883333333333333
2025,Hannibal-LaGrange,200,89,0.445
2025,Davis & Elkins,200,48,0.24
2025,Dickinson (PA),200,0,0.0
2025,Mount Olive,600,258,0.43
2025,Mid-Atlantic Christian,800,110,0.1375
2025,Columbia International,791,729,0.9216182048040455
2025,Frostburg State,195,0,0.0
2025,NC Wesleyan,400,112,0.28
2025,College Of Biblical Studies,1000,439,0.439
2025,Trinity Baptist,600,399,0.665
2025,William Peace,400,196,0.49
2025,Marywood,200,145,0.725
2025,Vermont State - Lyndon,200,70,0.35
2025,Newberry,400,0,0.0
2025,Lakeland,200,0,0.0
2025,New College (FL),400,223,0.5575
2025,Lynchburg,200,138,0.69
2025,York College Nebraska,200,76,0.38
2025,LSU Alexandria,200,32,0.16
2025,Mississippi College,600,87,0.145
2025,Bob Jones,400,212,0.53
2025,Dallas Christian,800,451,0.56375
2025,Pfeiffer,400,330,0.825
2025,Maryville College (TN),200,78,0.39
2025,Louisiana Christian,200,80,0.4
2025,Randolph College,200,87,0.435
2025,Arkansas Baptist,600,311,0.5183333333333333
2025,Bethel (TN),200,143,0.715
2025,Mid-America Christian,200,69,0.345
2025,Jamestown,200,0,0.0
2025,Northeastern State,200,0,0.0
2025,Western Colorado,400,296,0.74
2025,St. Francis (IL),398,243,0.6105527638190955
2025,Penn State - Wilkes-Barre,600,234,0.39
2025,Dean College,200,0,0.0
2025,Union (TN),200,0,0.0
2025,Park University Gilbert,400,169,0.4225
2025,Paul Quinn,177,41,0.23163841807909605
2025,Trinity (TX),400,173,0.4325
2025,Avila,400,233,0.5825
2025,Dubuque,200,51,0.255
2025,Dallas,400,286,0.715
2025,Fisk,399,153,0.38345864661654133
2025,Westminster (MO),400,0,0.0
2025,Champion Christian,1000,491,0.491
2025,Western New Mexico,400,122,0.305
2025,Howard Payne,400,248,0.62
2025,William Carey,400,187,0.4675
2025,Southern-New Orleans,600,271,0.45166666666666666
2025,North Central (MN),200,149,0.745
2025,Sul Ross State,200,72,0.36
2025,New Mexico Highlands,200,41,0.205
2025,Hawai'i Hilo,200,54,0.27
2025,Northwest University,400,178,0.445
2025,Northwest Indian,800,259,0.32375
2025,Concordia-St. Paul,200,171,0.855
2025,Jessup University,200,164,0.82
2025,Life Pacific,1200,928,0.7733333333333333
2025,San Francisco State,200,158,0.79
2025,Colorado College,200,200,1.0
2025,La Verne,400,267,0.6675
2025,Chapman,200,74,0.37
2025,SUNY-Canton,200,159,0.795
2025,Toccoa Falls,600,239,0.3983333333333333
2025,Cal Maritime,400,219,0.5475
2025,Maine-Fort Kent,200,38,0.19
2025,Ohio Christian,200,57,0.285
2025,Boyce,200,86,0.43
2025,Baldwin Wallace,200,37,0.185
2025,Texas A&M-San Antonio,400,0,0.0
2025,Virginia-Lynchburg,2600,187,0.07192307692307692
2025,Massachusetts-Boston,400,143,0.3575
2025,Carolina Christian College,200,27,0.135
2025,St. Andrews,1000,399,0.399
2025,Earlham College,200,3,0.015
2025,Lewis & Clark,200,137,0.685
2025,Kentucky Christian,600,504,0.84
2025,Point University,200,0,0.0
2025,Bethesda University,1000,224,0.224
2025,SUNY-Oneonta,400,243,0.6075
2025,Oakwood,400,193,0.4825
2025,University of Health Sciences & Pharmacy,400,210,0.525
2025,WPI,200,80,0.4
2025,Eureka,599,400,0.667779632721202
2025,Mississippi University For Women,400,201,0.5025
2025,Purchase,200,87,0.435
2025,Davenport,200,91,0.455
2025,Holy Cross College (IN),200,0,0.0
2025,Bryan (TN),400,284,0.71
2025,UT Dallas,200,0,0.0
2025,Wayland Baptist,190,0,0.0
2025,Evergreen State,400,37,0.0925
2025,Siena Heights,200,86,0.43
2025,Southwestern (TX),200,56,0.28
2025,Franklin,182,87,0.47802197802197804
2025,Coastal Georgia,200,110,0.55
2025,Miami (OH)-Hamilton,200,146,0.73
2025,Ohio Wesleyan,200,84,0.42
2025,Missouri S&T,200,0,0.0
2025,Ozark Christian,200,141,0.705
2025,Kansas Christian,201,145,0.7213930348258707
2025,McMurry,400,142,0.355
2025,Concordia-Ann Arbor,200,35,0.175
2025,Fredonia State,200,117,0.585
2025,Nelson,200,80,0.4
2025,Pratt,200,0,0.0
2025,Manor College,200,0,0.0
2025,Brescia,800,509,0.63625
2025,Xavier (LA),200,86,0.43
2025,Penn State-Schuylkill,600,394,0.6566666666666666
2025,SUNY Poly,200,25,0.125
2025,Lancaster Bible College,400,28,0.07
2025,Bluefield University,400,109,0.2725
2025,Chatham University,200,0,0.0
2025,Mount Marty College,600,401,0.6683333333333333
2025,Menlo,400,240,0.6
2025,Dillard,399,156,0.39097744360902253
2025,Valley Forge,348,63,0.1810344827586207
2025,Voorhees,200,152,0.76
2025,Augusta,200,0,0.0
2025,Vermont State - Johnson,400,120,0.3
2025,Taylor,178,0,0.0
2025,Missouri Southern State,200,0,0.0
2025,Southern Oregon,200,0,0.0
2025,Mount Saint Mary (NY),200,160,0.8
2025,Dickinson State (ND),200,54,0.27
2025,District Of Columbia,200,28,0.14
2025,Goshen,188,58,0.30851063829787234
2025,Christendom,200,126,0.63
2025,Mercy,200,73,0.365
2025,Mary Baldwin,400,203,0.5075
2025,Gwynedd-Mercy,200,128,0.64
2025,Carolina University,800,235,0.29375
2025,Franklin Pierce,200,0,0.0
2025,LeTourneau,400,259,0.6475
2025,Rhodes,400,163,0.4075
2025,Loyola New Orleans,400,301,0.7525
2025,Campbellsville,200,124,0.62
2025,Colorado Christian,400,309,0.7725
2025,UT Permian Basin,182,0,0.0
2025,Corban College,200,0,0.0
2025,Occidental,400,204,0.51
2025,Western Oregon,200,87,0.435
2025,Truett-McConnell,400,237,0.5925
2025,Emerson,400,228,0.57
2025,Tusculum,387,205,0.5297157622739018
2025,Crowley's Ridge,200,75,0.375
2025,Randall University,355,0,0.0
2025,Westminster (UT),189,9,0.047619047619047616
2025,Seattle Pacific,200,0,0.0
2025,Nobel,400,0,0.0
2025,North Greenville,200,159,0.795
2025,Florida National,200,8,0.04
2025,Dakota Wesleyan,400,0,0.0
2025,Ecclesia,600,0,0.0
2025,Tabor,200,107,0.535
2025,La Sierra,1000,230,0.23
2025,John Jay College,200,135,0.675
2025,St. Norbert,200,0,0.0
2025,Texas College,182,0,0.0
2025,Saint Mary's (MN),200,0,0.0
2025,Misericordia,396,159,0.4015151515151515
2025,Rockford,201,163,0.8109452736318408
2025,Saint Joseph's Long Island,400,272,0.68
2025,Central State (OH),400,0,0.0
2025,Capital,200,0,0.0
2025,Haskell,200,30,0.15
2025,Trinity Christian (IL),400,73,0.1825
2025,Gallaudet,200,117,0.585
2025,Southern Virginia,400,175,0.4375
2025,Auburn-Montgomery,200,0,0.0
2025,Calvary,200,51,0.255
2025,Spring Hill,200,180,0.9
2025,Embry-Riddle (AZ),396,63,0.1590909090909091
2025,East-West University,1000,573,0.573
2025,Randolph-Macon,200,0,0.0
2025,Mount Aloysius,200,0,0.0
2025,Southern Wesleyan,193,110,0.5699481865284974
2025,Fisher College,200,54,0.27
2025,Mitchell College,200,0,0.0
2025,Saint Elizabeth,199,144,0.7236180904522613
2025,Endicott College,200,0,0.0
2025,Mansfield,193,0,0.0
2025,Stanislaus State,600,453,0.755
2025,Johnson University (TN),400,129,0.3225
2025,Edward Waters,200,77,0.385
2025,Texas Wesleyan,400,0,0.0
2025,Monmouth (IL),200,142,0.71
2025,Minnesota Crookston,200,0,0.0
2025,Vermont State - Randolph,200,0,0.0
2025,Puerto Rico-Mayaguez,200,0,0.0
2025,Lane College,200,0,0.0
2025,Kentucky State,200,121,0.605
2025,Ferrum,200,140,0.7
2025,Springfield,200,112,0.56
2025,Puerto Rico-Bayamon,200,0,0.0
2025,St. Ambrose,600,368,0.6133333333333333
2025,Rosemont,200,175,0.875
2025,Puerto Rico-Rio Piedras,200,0,0.0
2025,Florida Tech,1000,213,0.213
2025,Rogers State,200,75,0.375
2025,Justice College,200,0,0.0
2025,Midway University,600,327,0.545
2025,SUNY-Maritime,200,148,0.74
2025,Texas Lutheran,400,294,0.735
2025,Northern New Mexico,800,574,0.7175
2025,Hawai'i Pacific,200,59,0.295
2025,Texas A&M-Kingsville,195,0,0.0
2025,Dalton State,200,124,0.62
2025,Nazareth College,200,0,0.0
2025,Averett,200,54,0.27
2025,Plattsburgh St,200,110,0.55
2025,MARIAN,200,0,0.0
2025,Judson University,183,0,0.0
2025,Central Penn,400,171,0.4275
2025,Elizabeth City State,200,133,0.665
2025,Bethany (WV),400,240,0.6
2025,Our Lady Of The Lake,400,230,0.575
2025,Regent,600,226,0.37666666666666665
2025,Purdue Northwest,200,11,0.055
2025,Maine-Augusta,187,51,0.2727272727272727
2025,Benedictine University (IL),200,0,0.0
2025,Pittsburgh-Bradford,200,0,0.0
2025,York (NY),192,0,0.0
2025,Livingstone,200,0,0.0
2025,Penn State-Shenango,400,0,0.0
2025,Brevard,200,139,0.695
2025,Arlington Baptist,400,276,0.69
2025,Aquinas,400,244,0.61
2025,Warner University,400,0,0.0
2025,Calumet College,400,254,0.635
2025,Campbellsville-Harrodsburg,200,69,0.345
2025,Trinity (FL),200,109,0.545
2025,Lehman College,191,0,0.0
2025,Merchant Marine Academy,200,102,0.51
2025,SUNY-Brockport,200,0,0.0
2025,Montreat,400,219,0.5475
2025,Thomas (ME),200,98,0.49
2025,Sarah Lawrence,183,156,0.8524590163934426
2025,Lincoln University (CA),600,0,0.0
2025,Lindsey Wilson College,200,133,0.665
2025,Cairn University,400,76,0.19
2025,Chestnut Hill College,191,0,0.0
2025,Harris-Stowe State,200,37,0.185
2025,Apprentice School,200,172,0.86
2025,Holy Family University,200,0,0.0
2025,Penn State-Altoona,200,0,0.0
2025,Ouachita Baptist,200,25,0.125
2025,Colorado-Colorado Springs,200,0,0.0
2025,Montana Tech,200,174,0.87
2025,Columbia College (SC),200,0,0.0
2025,Cumberland (KY),197,168,0.8527918781725888
2025,Lesley University,200,0,0.0
2025,Wisconsin-Stout,200,127,0.635
2025,SUNY Delhi,200,115,0.575
2025,Bryn Athyn,200,170,0.85
2025,Middle Georgia State,200,100,0.5
2025,Hardin-Simmons,185,0,0.0
2025,Pacific (OR),200,16,0.08
2025,Walla Walla,400,281,0.7025
2025,Shawnee State,200,97,0.485
2025,Saint Mary of the Woods College,200,131,0.655
2025,Crown College,200,116,0.58
2025,West Virginia Wesleyan,200,33,0.165
2025,St. Thomas (TX),200,0,0.0
2025,Whittier,200,118,0.59
2025,Willamette,200,118,0.59
2025,Michigan Tech,200,0,0.0
2025,Southwestern Adventist,400,262,0.655
2025,Tennessee Wesleyan,200,127,0.635
2025,Lincoln (MO),200,53,0.265
2025,Milligan,400,238,0.595
2025,Schreiner,400,256,0.64
2025,Franciscan University,200,153,0.765
2025,Chadron State,200,0,0.0
2025,South Dakota Mines,200,95,0.475
2025,Brewton-Parker,400,246,0.615
2025,Immaculata,200,157,0.785
2025,Penn State-Fayette,200,0,0.0
2025,Kentucky Wesleyan,197,133,0.6751269035532995
2025,Rust,200,89,0.445
2025,UVA Wise,200,0,0.0
2025,Fort Lauderdale,200,110,0.55
2025,North Central College,186,0,0.0
2025,Penn State Scranton,175,0,0.0
2025,Spartanburg Methodist,200,0,0.0
2025,Blackburn,200,152,0.76
2025,Webber International,200,39,0.195
2025,Virginia Wesleyan,200,127,0.635
2025,Southwestern Christian,400,221,0.5525
2025,University of The Southwest,186,91,0.489247311827957
2025,Westcliff,200,79,0.395
2025,William Woods,200,122,0.61
2025,Johnson & Wales (RI),400,247,0.6175
2025,Manhattanville,200,27,0.135
2025,Regis,188,64,0.3404255319148936
2025,Waldorf College,200,116,0.58
2025,Neumann,200,28,0.14
2025,Heidelberg,200,109,0.545
2025,Asbury,200,198,0.99
2025,Friends University,200,57,0.285
2025,Elms College,200,143,0.715
2025,Muskingum,200,165,0.825
2025,Texas A&M-Texarkana,200,0,0.0
2025,Mobile,200,114,0.57
2025,Fort Valley State,200,102,0.51
2025,Benedictine (AZ),200,155,0.775
2025,Eastern Oregon,200,117,0.585
2025,Anderson (IN),200,64,0.32
2025,Colby-Sawyer,191,119,0.6230366492146597
2025,Kean,200,118,0.59
2025,Medgar Evers,200,73,0.365
2025,Bowdoin,200,0,0.0
2025,Bowie State,200,81,0.405
2025,Morehouse,200,119,0.595
2025,Washington Adventist,200,0,0.0
