play_type,field_goal_result,kick_distance,player_id,player_display_name,team,opponent_team,season,week,roof,temp,wind,surface,made
field_goal,made,34.0,00-0023853,M.Prater,ARI,TEN,2021,1,outdoors,82.0,8.0,grass ,1
field_goal,missed,46.0,00-0034084,M.Badgley,TEN,ARI,2021,1,outdoors,82.0,8.0,grass ,0
field_goal,missed,43.0,00-0023853,M.Prater,ARI,TEN,2021,1,outdoors,82.0,8.0,grass ,0
field_goal,made,34.0,00-0034161,D.Carlson,LV,BAL,2021,1,dome,,,grass,1
field_goal,made,40.0,00-0029597,J.Tucker,BAL,LV,2021,1,dome,,,grass,1
field_goal,made,47.0,00-0029597,J.Tucker,BAL,LV,2021,1,dome,,,grass,1
field_goal,made,55.0,00-0034161,D.Carlson,LV,BAL,2021,1,dome,,,grass,1
field_goal,made,53.0,00-0035269,M.Gay,LA,CHI,2021,1,dome,,,matrixturf,1
field_goal,made,22.0,00-0035269,M.Gay,LA,CHI,2021,1,dome,,,matrixturf,1
field_goal,made,28.0,00-0033303,H.Butker,KC,CLE,2021,1,outdoors,88.0,8.0,grass ,1
field_goal,made,43.0,00-0033303,H.Butker,KC,CLE,2021,1,outdoors,88.0,8.0,grass ,1
field_goal,missed,31.0,00-0029621,G.Zuerlein,DAL,TB,2021,1,outdoors,82.0,9.0,grass ,0
field_goal,made,35.0,00-0029621,G.Zuerlein,DAL,TB,2021,1,outdoors,82.0,9.0,grass ,1
field_goal,missed,60.0,00-0029621,G.Zuerlein,DAL,TB,2021,1,outdoors,82.0,9.0,grass ,0
field_goal,made,21.0,00-0029621,G.Zuerlein,DAL,TB,2021,1,outdoors,82.0,9.0,grass ,1
field_goal,made,48.0,00-0029621,G.Zuerlein,DAL,TB,2021,1,outdoors,82.0,9.0,grass ,1
field_goal,made,36.0,00-0026968,R.Succop,TB,DAL,2021,1,outdoors,82.0,9.0,grass ,1
field_goal,made,23.0,00-0029822,B.McManus,DEN,NYG,2021,1,outdoors,82.0,19.0,fieldturf,1
field_goal,made,36.0,00-0029822,B.McManus,DEN,NYG,2021,1,outdoors,82.0,19.0,fieldturf,1
field_goal,made,44.0,00-0032870,A.Rosas,NO,GB,2021,1,outdoors,86.0,9.0,grass ,1
field_goal,made,39.0,00-0025580,M.Crosby,GB,NO,2021,1,outdoors,86.0,9.0,grass ,1
field_goal,missed,55.0,00-0032087,J.Lambo,JAX,HOU,2021,1,closed,,,astroturf,0
field_goal,made,40.0,00-0035192,J.Slye,HOU,JAX,2021,1,closed,,,astroturf,1
field_goal,made,26.0,00-0035192,J.Slye,HOU,JAX,2021,1,closed,,,astroturf,1
field_goal,made,25.0,00-0035192,J.Slye,HOU,JAX,2021,1,closed,,,astroturf,1
field_goal,made,30.0,00-0030098,D.Hopkins,WAS,LAC,2021,1,outdoors,81.0,4.0,grass ,1
field_goal,made,43.0,00-0030098,D.Hopkins,WAS,LAC,2021,1,outdoors,81.0,4.0,grass ,1
field_goal,made,33.0,00-0034909,T.Vizcaino,LAC,WAS,2021,1,outdoors,81.0,4.0,grass ,1
field_goal,made,27.0,00-0034909,T.Vizcaino,LAC,WAS,2021,1,outdoors,81.0,4.0,grass ,1
field_goal,made,48.0,00-0030098,D.Hopkins,WAS,LAC,2021,1,outdoors,81.0,4.0,grass ,1
field_goal,missed,51.0,00-0030098,D.Hopkins,WAS,LAC,2021,1,outdoors,81.0,4.0,grass ,0
field_goal,made,27.0,00-0025565,N.Folk,NE,MIA,2021,1,outdoors,81.0,15.0,fieldturf,1
field_goal,made,48.0,00-0034794,J.Sanders,MIA,NE,2021,1,outdoors,81.0,15.0,fieldturf,1
field_goal,made,42.0,00-0025565,N.Folk,NE,MIA,2021,1,outdoors,81.0,15.0,fieldturf,1
field_goal,made,33.0,00-0025565,N.Folk,NE,MIA,2021,1,outdoors,81.0,15.0,fieldturf,1
field_goal,made,53.0,00-0036854,E.McPherson,CIN,MIN,2021,1,outdoors,81.0,15.0,fieldturf,1
field_goal,made,53.0,00-0034450,G.Joseph,MIN,CIN,2021,1,outdoors,81.0,15.0,fieldturf,1
field_goal,made,33.0,00-0036854,E.McPherson,CIN,MIN,2021,1,outdoors,81.0,15.0,fieldturf,1
field_goal,made,22.0,00-0034648,R.Santoso,CAR,NYJ,2021,1,outdoors,81.0,0.0,grass ,1
field_goal,made,29.0,00-0034648,R.Santoso,CAR,NYJ,2021,1,outdoors,81.0,0.0,grass ,1
field_goal,made,21.0,00-0033702,Y.Koo,ATL,PHI,2021,1,open,,,fieldturf,1
field_goal,made,27.0,00-0033702,Y.Koo,ATL,PHI,2021,1,open,,,fieldturf,1
field_goal,made,43.0,00-0033787,J.Elliott,PHI,ATL,2021,1,open,,,fieldturf,1
field_goal,made,37.0,00-0036162,T.Bass,BUF,PIT,2021,1,outdoors,73.0,17.0,a_turf,1
field_goal,made,24.0,00-0031136,C.Boswell,PIT,BUF,2021,1,outdoors,73.0,17.0,a_turf,1
field_goal,made,20.0,00-0031136,C.Boswell,PIT,BUF,2021,1,outdoors,73.0,17.0,a_turf,1
field_goal,made,25.0,00-0036162,T.Bass,BUF,PIT,2021,1,outdoors,73.0,17.0,a_turf,1
field_goal,made,45.0,00-0031136,C.Boswell,PIT,BUF,2021,1,outdoors,73.0,17.0,a_turf,1
field_goal,made,42.0,00-0036162,T.Bass,BUF,PIT,2021,1,outdoors,73.0,17.0,a_turf,1
field_goal,made,21.0,00-0035849,R.Blankenship,IND,SEA,2021,1,closed,,,fieldturf,1
field_goal,missed,51.0,00-0035145,A.Seibert,DET,SF,2021,1,dome,,,fieldturf,0
field_goal,made,49.0,00-0035145,A.Seibert,DET,SF,2021,1,dome,,,fieldturf,1
field_goal,made,40.0,00-0023252,R.Gould,SF,DET,2021,1,dome,,,fieldturf,1
field_goal,missed,52.0,00-0023252,R.Gould,SF,DET,2021,1,dome,,,fieldturf,0
field_goal,made,52.0,00-0023252,R.Gould,SF,DET,2021,1,dome,,,fieldturf,1
field_goal,made,36.0,00-0033702,Y.Koo,ATL,TB,2021,2,outdoors,85.0,0.0,grass ,1
field_goal,missed,53.0,00-0036162,T.Bass,BUF,MIA,2021,2,outdoors,89.0,7.0,grass ,0
field_goal,made,53.0,00-0036854,E.McPherson,CIN,CHI,2021,2,outdoors,80.0,0.0,grass ,1
field_goal,made,28.0,00-0031203,C.Santos,CHI,CIN,2021,2,outdoors,80.0,0.0,grass ,1
field_goal,made,22.0,00-0031203,C.Santos,CHI,CIN,2021,2,outdoors,80.0,0.0,grass ,1
field_goal,made,46.0,00-0034909,T.Vizcaino,LAC,DAL,2021,2,dome,,,matrixturf,1
field_goal,missed,44.0,00-0034909,T.Vizcaino,LAC,DAL,2021,2,dome,,,matrixturf,0
field_goal,made,32.0,00-0034909,T.Vizcaino,LAC,DAL,2021,2,dome,,,matrixturf,1
field_goal,made,34.0,00-0029621,G.Zuerlein,DAL,LAC,2021,2,dome,,,matrixturf,1
field_goal,made,29.0,00-0034909,T.Vizcaino,LAC,DAL,2021,2,dome,,,matrixturf,1
field_goal,made,56.0,00-0029621,G.Zuerlein,DAL,LAC,2021,2,dome,,,matrixturf,1
field_goal,made,32.0,00-0029822,B.McManus,DEN,JAX,2021,2,outdoors,80.0,7.0,grass ,1
field_goal,missed,52.0,00-0032087,J.Lambo,JAX,DEN,2021,2,outdoors,80.0,7.0,grass ,0
field_goal,missed,48.0,00-0032087,J.Lambo,JAX,DEN,2021,2,outdoors,80.0,7.0,grass ,0
field_goal,made,46.0,00-0029822,B.McManus,DEN,JAX,2021,2,outdoors,80.0,7.0,grass ,1
field_goal,made,40.0,00-0029822,B.McManus,DEN,JAX,2021,2,outdoors,80.0,7.0,grass ,1
field_goal,made,43.0,00-0035145,A.Seibert,DET,GB,2021,2,outdoors,73.0,12.0,grass ,1
field_goal,made,30.0,00-0035358,C.McLaughlin,CLE,HOU,2021,2,outdoors,75.0,12.0,grass ,1
field_goal,blocked,41.0,00-0035192,J.Slye,HOU,CLE,2021,2,outdoors,75.0,12.0,grass ,0
field_goal,made,43.0,00-0029597,J.Tucker,BAL,KC,2021,2,outdoors,82.0,8.0,grass,1
field_goal,made,48.0,00-0035849,R.Blankenship,IND,LA,2021,2,closed,,,fieldturf,1
field_goal,made,34.0,00-0035269,M.Gay,LA,IND,2021,2,closed,,,fieldturf,1
field_goal,made,46.0,00-0035849,R.Blankenship,IND,LA,2021,2,closed,,,fieldturf,1
field_goal,made,35.0,00-0035849,R.Blankenship,IND,LA,2021,2,closed,,,fieldturf,1
field_goal,made,38.0,00-0035269,M.Gay,LA,IND,2021,2,closed,,,fieldturf,1
field_goal,made,46.0,00-0034161,D.Carlson,LV,PIT,2021,2,outdoors,77.0,4.0,grass ,1
field_goal,made,33.0,00-0034161,D.Carlson,LV,PIT,2021,2,outdoors,77.0,4.0,grass ,1
field_goal,made,41.0,00-0034161,D.Carlson,LV,PIT,2021,2,outdoors,77.0,4.0,grass ,1
field_goal,made,56.0,00-0031136,C.Boswell,PIT,LV,2021,2,outdoors,77.0,4.0,grass ,1
field_goal,made,45.0,00-0034161,D.Carlson,LV,PIT,2021,2,outdoors,77.0,4.0,grass ,1
field_goal,made,52.0,00-0034450,G.Joseph,MIN,ARI,2021,2,closed,,,grass ,1
field_goal,made,62.0,00-0023853,M.Prater,ARI,MIN,2021,2,closed,,,grass ,1
field_goal,made,52.0,00-0034450,G.Joseph,MIN,ARI,2021,2,closed,,,grass ,1
field_goal,made,27.0,00-0023853,M.Prater,ARI,MIN,2021,2,closed,,,grass ,1
field_goal,missed,37.0,00-0034450,G.Joseph,MIN,ARI,2021,2,closed,,,grass ,0
field_goal,made,46.0,00-0025565,N.Folk,NE,NYJ,2021,2,outdoors,72.0,13.0,fieldturf,1
field_goal,made,21.0,00-0036469,M.Ammendola,NYJ,NE,2021,2,outdoors,72.0,13.0,fieldturf,1
field_goal,made,49.0,00-0025565,N.Folk,NE,NYJ,2021,2,outdoors,72.0,13.0,fieldturf,1
field_goal,missed,53.0,00-0036469,M.Ammendola,NYJ,NE,2021,2,outdoors,72.0,13.0,fieldturf,0
field_goal,made,32.0,00-0025565,N.Folk,NE,NYJ,2021,2,outdoors,72.0,13.0,fieldturf,1
field_goal,made,35.0,00-0036469,M.Ammendola,NYJ,NE,2021,2,outdoors,72.0,13.0,fieldturf,1
field_goal,made,26.0,00-0025565,N.Folk,NE,NYJ,2021,2,outdoors,72.0,13.0,fieldturf,1
field_goal,made,20.0,00-0033862,Z.Gonzalez,CAR,NO,2021,2,outdoors,83.0,4.0,grass ,1
field_goal,blocked,50.0,00-0033862,Z.Gonzalez,CAR,NO,2021,2,outdoors,83.0,4.0,grass ,0
field_goal,made,42.0,00-0033862,Z.Gonzalez,CAR,NO,2021,2,outdoors,83.0,4.0,grass ,1
field_goal,made,23.0,00-0026858,G.Gano,NYG,WAS,2021,2,outdoors,71.0,0.0,grass ,1
field_goal,made,47.0,00-0026858,G.Gano,NYG,WAS,2021,2,outdoors,71.0,0.0,grass ,1
field_goal,made,49.0,00-0030098,D.Hopkins,WAS,NYG,2021,2,outdoors,71.0,0.0,grass ,1
field_goal,made,52.0,00-0026858,G.Gano,NYG,WAS,2021,2,outdoors,71.0,0.0,grass ,1
field_goal,made,37.0,00-0030098,D.Hopkins,WAS,NYG,2021,2,outdoors,71.0,0.0,grass ,1
field_goal,made,55.0,00-0026858,G.Gano,NYG,WAS,2021,2,outdoors,71.0,0.0,grass ,1
field_goal,made,35.0,00-0026858,G.Gano,NYG,WAS,2021,2,outdoors,71.0,0.0,grass ,1
field_goal,made,43.0,00-0030098,D.Hopkins,WAS,NYG,2021,2,outdoors,71.0,0.0,grass ,1
field_goal,made,45.0,00-0033787,J.Elliott,PHI,SF,2021,2,outdoors,76.0,13.0,grass ,1
field_goal,blocked,47.0,00-0033787,J.Elliott,PHI,SF,2021,2,outdoors,76.0,13.0,grass ,0
field_goal,made,46.0,00-0023252,R.Gould,SF,PHI,2021,2,outdoors,76.0,13.0,grass ,1
field_goal,made,31.0,00-0031492,J.Myers,SEA,TEN,2021,2,outdoors,62.0,14.0,fieldturf,1
field_goal,made,33.0,00-0029421,R.Bullock,TEN,SEA,2021,2,outdoors,62.0,14.0,fieldturf,1
field_goal,made,30.0,00-0029421,R.Bullock,TEN,SEA,2021,2,outdoors,62.0,14.0,fieldturf,1
field_goal,made,24.0,00-0029421,R.Bullock,TEN,SEA,2021,2,outdoors,62.0,14.0,fieldturf,1
field_goal,missed,44.0,00-0029421,R.Bullock,TEN,SEA,2021,2,outdoors,62.0,14.0,fieldturf,0
field_goal,made,36.0,00-0029421,R.Bullock,TEN,SEA,2021,2,outdoors,62.0,14.0,fieldturf,1
field_goal,missed,68.0,00-0023853,M.Prater,ARI,JAX,2021,3,outdoors,81.0,4.0,grass ,0
field_goal,made,34.0,00-0023853,M.Prater,ARI,JAX,2021,3,outdoors,81.0,4.0,grass ,1
field_goal,made,25.0,00-0026858,G.Gano,NYG,ATL,2021,3,outdoors,69.0,13.0,fieldturf,1
field_goal,made,31.0,00-0026858,G.Gano,NYG,ATL,2021,3,outdoors,69.0,13.0,fieldturf,1
field_goal,made,40.0,00-0033702,Y.Koo,ATL,NYG,2021,3,outdoors,69.0,13.0,fieldturf,1
field_goal,missed,49.0,00-0029597,J.Tucker,BAL,DET,2021,3,dome,,,fieldturf,0
field_goal,made,39.0,00-0029597,J.Tucker,BAL,DET,2021,3,dome,,,fieldturf,1
field_goal,made,50.0,00-0029597,J.Tucker,BAL,DET,2021,3,dome,,,fieldturf,1
field_goal,made,32.0,00-0029597,J.Tucker,BAL,DET,2021,3,dome,,,fieldturf,1
field_goal,made,35.0,00-0034648,R.Santoso,DET,BAL,2021,3,dome,,,fieldturf,1
field_goal,made,66.0,00-0029597,J.Tucker,BAL,DET,2021,3,dome,,,fieldturf,1
field_goal,made,21.0,00-0033862,Z.Gonzalez,CAR,HOU,2021,3,closed,,,astroturf,1
field_goal,made,53.0,00-0035192,J.Slye,HOU,CAR,2021,3,closed,,,astroturf,1
field_goal,made,47.0,00-0031203,C.Santos,CHI,CLE,2021,3,outdoors,70.0,22.0,grass ,1
field_goal,made,57.0,00-0035358,C.McLaughlin,CLE,CHI,2021,3,outdoors,70.0,22.0,grass ,1
field_goal,made,41.0,00-0035358,C.McLaughlin,CLE,CHI,2021,3,outdoors,70.0,22.0,grass ,1
field_goal,made,22.0,00-0031203,C.Santos,CHI,CLE,2021,3,outdoors,70.0,22.0,grass ,1
field_goal,made,52.0,00-0035358,C.McLaughlin,CLE,CHI,2021,3,outdoors,70.0,22.0,grass ,1
field_goal,made,28.0,00-0035358,C.McLaughlin,CLE,CHI,2021,3,outdoors,70.0,22.0,grass ,1
field_goal,made,43.0,00-0036854,E.McPherson,CIN,PIT,2021,3,outdoors,67.0,9.0,grass ,1
field_goal,missed,42.0,00-0031136,C.Boswell,PIT,CIN,2021,3,outdoors,67.0,9.0,grass ,0
field_goal,made,26.0,00-0031136,C.Boswell,PIT,CIN,2021,3,outdoors,67.0,9.0,grass ,1
field_goal,made,54.0,00-0025580,M.Crosby,GB,SF,2021,3,outdoors,69.0,15.0,grass,1
field_goal,made,38.0,00-0025580,M.Crosby,GB,SF,2021,3,outdoors,69.0,15.0,grass,1
field_goal,made,51.0,00-0025580,M.Crosby,GB,SF,2021,3,outdoors,69.0,15.0,grass,1
field_goal,made,43.0,00-0035849,R.Blankenship,IND,TEN,2021,3,outdoors,72.0,4.0,grass ,1
field_goal,made,28.0,00-0035849,R.Blankenship,IND,TEN,2021,3,outdoors,72.0,4.0,grass ,1
field_goal,made,24.0,00-0035849,R.Blankenship,IND,TEN,2021,3,outdoors,72.0,4.0,grass ,1
field_goal,made,32.0,00-0029421,R.Bullock,TEN,IND,2021,3,outdoors,72.0,4.0,grass ,1
field_goal,missed,51.0,00-0035849,R.Blankenship,IND,TEN,2021,3,outdoors,72.0,4.0,grass ,0
field_goal,made,34.0,00-0033303,H.Butker,KC,LAC,2021,3,outdoors,81.0,19.0,grass ,1
field_goal,made,24.0,00-0034909,T.Vizcaino,LAC,KC,2021,3,outdoors,81.0,19.0,grass ,1
field_goal,made,50.0,00-0034161,D.Carlson,LV,MIA,2021,3,dome,,,grass,1
field_goal,missed,48.0,00-0034794,J.Sanders,MIA,LV,2021,3,dome,,,grass,0
field_goal,made,46.0,00-0034794,J.Sanders,MIA,LV,2021,3,dome,,,grass,1
field_goal,made,38.0,00-0034161,D.Carlson,LV,MIA,2021,3,dome,,,grass,1
field_goal,made,50.0,00-0034794,J.Sanders,MIA,LV,2021,3,dome,,,grass,1
field_goal,made,22.0,00-0034161,D.Carlson,LV,MIA,2021,3,dome,,,grass,1
field_goal,missed,52.0,00-0032870,A.Rosas,NO,NE,2021,3,outdoors,73.0,11.0,fieldturf,0
field_goal,missed,36.0,00-0032870,A.Rosas,NO,NE,2021,3,outdoors,73.0,11.0,fieldturf,0
field_goal,made,45.0,00-0025565,N.Folk,NE,NO,2021,3,outdoors,73.0,11.0,fieldturf,1
field_goal,made,26.0,00-0025565,N.Folk,NE,NO,2021,3,outdoors,73.0,11.0,fieldturf,1
field_goal,made,45.0,00-0029822,B.McManus,DEN,NYJ,2021,3,outdoors,82.0,6.0,grass ,1
field_goal,made,47.0,00-0029822,B.McManus,DEN,NYJ,2021,3,outdoors,82.0,6.0,grass ,1
field_goal,made,21.0,00-0029822,B.McManus,DEN,NYJ,2021,3,outdoors,82.0,6.0,grass ,1
field_goal,made,36.0,00-0029822,B.McManus,DEN,NYJ,2021,3,outdoors,82.0,6.0,grass ,1
field_goal,made,53.0,00-0031492,J.Myers,SEA,MIN,2021,3,dome,,,sportturf,1
field_goal,missed,44.0,00-0031492,J.Myers,SEA,MIN,2021,3,dome,,,sportturf,0
field_goal,made,43.0,00-0034450,G.Joseph,MIN,SEA,2021,3,dome,,,sportturf,1
field_goal,made,34.0,00-0034450,G.Joseph,MIN,SEA,2021,3,dome,,,sportturf,1
field_goal,made,20.0,00-0034450,G.Joseph,MIN,SEA,2021,3,dome,,,sportturf,1
field_goal,missed,55.0,00-0026968,R.Succop,TB,LA,2021,3,dome,,,matrixturf,0
field_goal,made,48.0,00-0035269,M.Gay,LA,TB,2021,3,dome,,,matrixturf,1
field_goal,made,26.0,00-0026968,R.Succop,TB,LA,2021,3,dome,,,matrixturf,1
field_goal,made,26.0,00-0035269,M.Gay,LA,TB,2021,3,dome,,,matrixturf,1
field_goal,made,21.0,00-0036162,T.Bass,BUF,WAS,2021,3,outdoors,67.0,21.0,a_turf,1
field_goal,made,48.0,00-0036162,T.Bass,BUF,WAS,2021,3,outdoors,67.0,21.0,a_turf,1
field_goal,made,29.0,00-0036162,T.Bass,BUF,WAS,2021,3,outdoors,67.0,21.0,a_turf,1
field_goal,made,42.0,00-0035269,M.Gay,LA,ARI,2021,4,dome,,,matrixturf,1
field_goal,made,22.0,00-0035269,M.Gay,LA,ARI,2021,4,dome,,,matrixturf,1
field_goal,made,23.0,00-0023853,M.Prater,ARI,LA,2021,4,dome,,,matrixturf,1
field_goal,made,55.0,00-0023853,M.Prater,ARI,LA,2021,4,dome,,,matrixturf,1
field_goal,missed,46.0,00-0035269,M.Gay,LA,ARI,2021,4,dome,,,matrixturf,0
field_goal,made,23.0,00-0023853,M.Prater,ARI,LA,2021,4,dome,,,matrixturf,1
field_goal,made,40.0,00-0029597,J.Tucker,BAL,DEN,2021,4,outdoors,77.0,11.0,grass ,1
field_goal,made,46.0,00-0029597,J.Tucker,BAL,DEN,2021,4,outdoors,77.0,11.0,grass ,1
field_goal,made,20.0,00-0029597,J.Tucker,BAL,DEN,2021,4,outdoors,77.0,11.0,grass ,1
field_goal,missed,54.0,00-0033862,Z.Gonzalez,CAR,DAL,2021,4,closed,,,matrixturf,0
field_goal,made,37.0,00-0029621,G.Zuerlein,DAL,CAR,2021,4,closed,,,matrixturf,1
field_goal,made,48.0,00-0035358,C.McLaughlin,CLE,MIN,2021,4,dome,,,sportturf,1
field_goal,made,53.0,00-0035358,C.McLaughlin,CLE,MIN,2021,4,dome,,,sportturf,1
field_goal,made,33.0,00-0031203,C.Santos,CHI,DET,2021,4,outdoors,72.0,4.0,grass ,1
field_goal,made,33.0,00-0036162,T.Bass,BUF,HOU,2021,4,outdoors,67.0,12.0,a_turf,1
field_goal,made,26.0,00-0036162,T.Bass,BUF,HOU,2021,4,outdoors,67.0,12.0,a_turf,1
field_goal,made,21.0,00-0036162,T.Bass,BUF,HOU,2021,4,outdoors,67.0,12.0,a_turf,1
field_goal,made,28.0,00-0036162,T.Bass,BUF,HOU,2021,4,outdoors,67.0,12.0,a_turf,1
field_goal,made,38.0,00-0034794,J.Sanders,MIA,IND,2021,4,outdoors,85.0,16.0,grass ,1
field_goal,made,34.0,00-0035849,R.Blankenship,IND,MIA,2021,4,outdoors,85.0,16.0,grass ,1
field_goal,made,43.0,00-0035849,R.Blankenship,IND,MIA,2021,4,outdoors,85.0,16.0,grass ,1
field_goal,missed,43.0,00-0036854,E.McPherson,CIN,JAX,2021,4,outdoors,65.0,0.0,fieldturf,0
field_goal,made,35.0,00-0036854,E.McPherson,CIN,JAX,2021,4,outdoors,65.0,0.0,fieldturf,1
field_goal,made,29.0,00-0033787,J.Elliott,PHI,KC,2021,4,outdoors,73.0,8.0,grass ,1
field_goal,made,25.0,00-0033787,J.Elliott,PHI,KC,2021,4,outdoors,73.0,8.0,grass ,1
field_goal,made,31.0,00-0033787,J.Elliott,PHI,KC,2021,4,outdoors,73.0,8.0,grass ,1
field_goal,missed,52.0,00-0034161,D.Carlson,LV,LAC,2021,4,dome,,,matrixturf,0
field_goal,missed,35.0,00-0026858,G.Gano,NYG,NO,2021,4,dome,,,sportturf,0
field_goal,missed,58.0,00-0032870,A.Rosas,NO,NYG,2021,4,dome,,,sportturf,0
field_goal,made,23.0,00-0026858,G.Gano,NYG,NO,2021,4,dome,,,sportturf,1
field_goal,made,48.0,00-0026858,G.Gano,NYG,NO,2021,4,dome,,,sportturf,1
field_goal,made,52.0,00-0031136,C.Boswell,PIT,GB,2021,4,outdoors,67.0,4.0,grass ,1
field_goal,made,26.0,00-0025580,M.Crosby,GB,PIT,2021,4,outdoors,67.0,4.0,grass ,1
field_goal,made,29.0,00-0025580,M.Crosby,GB,PIT,2021,4,outdoors,67.0,4.0,grass ,1
field_goal,missed,41.0,00-0034941,M.Wishnowsky,SF,SEA,2021,4,outdoors,80.0,0.0,grass,0
field_goal,made,29.0,00-0026968,R.Succop,TB,NE,2021,4,outdoors,62.0,4.0,fieldturf,1
field_goal,missed,36.0,00-0026968,R.Succop,TB,NE,2021,4,outdoors,62.0,4.0,fieldturf,0
field_goal,made,44.0,00-0026968,R.Succop,TB,NE,2021,4,outdoors,62.0,4.0,fieldturf,1
field_goal,made,27.0,00-0026968,R.Succop,TB,NE,2021,4,outdoors,62.0,4.0,fieldturf,1
field_goal,made,27.0,00-0025565,N.Folk,NE,TB,2021,4,outdoors,62.0,4.0,fieldturf,1
field_goal,made,48.0,00-0026968,R.Succop,TB,NE,2021,4,outdoors,62.0,4.0,fieldturf,1
field_goal,missed,56.0,00-0025565,N.Folk,NE,TB,2021,4,outdoors,62.0,4.0,fieldturf,0
field_goal,made,44.0,00-0029421,R.Bullock,TEN,NYJ,2021,4,outdoors,78.0,9.0,fieldturf,1
field_goal,made,46.0,00-0029421,R.Bullock,TEN,NYJ,2021,4,outdoors,78.0,9.0,fieldturf,1
field_goal,made,36.0,00-0029421,R.Bullock,TEN,NYJ,2021,4,outdoors,78.0,9.0,fieldturf,1
field_goal,made,27.0,00-0036469,M.Ammendola,NYJ,TEN,2021,4,outdoors,78.0,9.0,fieldturf,1
field_goal,made,22.0,00-0036469,M.Ammendola,NYJ,TEN,2021,4,outdoors,78.0,9.0,fieldturf,1
field_goal,missed,49.0,00-0029421,R.Bullock,TEN,NYJ,2021,4,outdoors,78.0,9.0,fieldturf,0
field_goal,made,25.0,00-0033702,Y.Koo,ATL,WAS,2021,4,open,,,fieldturf,1
field_goal,made,21.0,00-0030098,D.Hopkins,WAS,ATL,2021,4,open,,,fieldturf,1
field_goal,made,38.0,00-0033303,H.Butker,KC,BUF,2021,5,outdoors,76.0,0.0,grass ,1
field_goal,made,30.0,00-0036162,T.Bass,BUF,KC,2021,5,outdoors,76.0,0.0,grass ,1
field_goal,made,54.0,00-0033303,H.Butker,KC,BUF,2021,5,outdoors,76.0,0.0,grass ,1
field_goal,made,31.0,00-0034161,D.Carlson,LV,CHI,2021,5,dome,,,grass,1
field_goal,made,46.0,00-0031203,C.Santos,CHI,LV,2021,5,dome,,,grass,1
field_goal,made,46.0,00-0031203,C.Santos,CHI,LV,2021,5,dome,,,grass,1
field_goal,made,35.0,00-0035358,C.McLaughlin,CLE,LAC,2021,5,dome,,,matrixturf,1
field_goal,made,31.0,00-0035358,C.McLaughlin,CLE,LAC,2021,5,dome,,,matrixturf,1
field_goal,made,39.0,00-0029822,B.McManus,DEN,PIT,2021,5,outdoors,71.0,9.0,grass ,1
field_goal,made,48.0,00-0031136,C.Boswell,PIT,DEN,2021,5,outdoors,71.0,9.0,grass ,1
field_goal,made,29.0,00-0029822,B.McManus,DEN,PIT,2021,5,outdoors,71.0,9.0,grass ,1
field_goal,made,43.0,00-0031136,C.Boswell,PIT,DEN,2021,5,outdoors,71.0,9.0,grass ,1
field_goal,made,39.0,00-0035145,A.Seibert,DET,MIN,2021,5,dome,,,sportturf,1
field_goal,made,38.0,00-0034450,G.Joseph,MIN,DET,2021,5,dome,,,sportturf,1
field_goal,made,38.0,00-0034450,G.Joseph,MIN,DET,2021,5,dome,,,sportturf,1
field_goal,made,52.0,00-0035145,A.Seibert,DET,MIN,2021,5,dome,,,sportturf,1
field_goal,made,55.0,00-0034450,G.Joseph,MIN,DET,2021,5,dome,,,sportturf,1
field_goal,missed,49.0,00-0034450,G.Joseph,MIN,DET,2021,5,dome,,,sportturf,0
field_goal,made,40.0,00-0035145,A.Seibert,DET,MIN,2021,5,dome,,,sportturf,1
field_goal,made,54.0,00-0034450,G.Joseph,MIN,DET,2021,5,dome,,,sportturf,1
field_goal,made,44.0,00-0025580,M.Crosby,GB,CIN,2021,5,outdoors,76.0,12.0,fieldturf,1
field_goal,made,44.0,00-0025580,M.Crosby,GB,CIN,2021,5,outdoors,76.0,12.0,fieldturf,1
field_goal,made,22.0,00-0025580,M.Crosby,GB,CIN,2021,5,outdoors,76.0,12.0,fieldturf,1
field_goal,missed,36.0,00-0025580,M.Crosby,GB,CIN,2021,5,outdoors,76.0,12.0,fieldturf,0
field_goal,missed,57.0,00-0036854,E.McPherson,CIN,GB,2021,5,outdoors,76.0,12.0,fieldturf,0
field_goal,missed,51.0,00-0025580,M.Crosby,GB,CIN,2021,5,outdoors,76.0,12.0,fieldturf,0
field_goal,missed,40.0,00-0025580,M.Crosby,GB,CIN,2021,5,outdoors,76.0,12.0,fieldturf,0
field_goal,missed,49.0,00-0036854,E.McPherson,CIN,GB,2021,5,outdoors,76.0,12.0,fieldturf,0
field_goal,made,49.0,00-0025580,M.Crosby,GB,CIN,2021,5,outdoors,76.0,12.0,fieldturf,1
field_goal,made,23.0,00-0029597,J.Tucker,BAL,IND,2021,5,outdoors,69.0,6.0,grass,1
field_goal,made,37.0,00-0035849,R.Blankenship,IND,BAL,2021,5,outdoors,69.0,6.0,grass,1
field_goal,made,43.0,00-0035849,R.Blankenship,IND,BAL,2021,5,outdoors,69.0,6.0,grass,1
field_goal,blocked,37.0,00-0035849,R.Blankenship,IND,BAL,2021,5,outdoors,69.0,6.0,grass,0
field_goal,missed,47.0,00-0035849,R.Blankenship,IND,BAL,2021,5,outdoors,69.0,6.0,grass,0
field_goal,made,31.0,00-0035269,M.Gay,LA,SEA,2021,5,outdoors,56.0,8.0,fieldturf,1
field_goal,missed,35.0,00-0031492,J.Myers,SEA,LA,2021,5,outdoors,56.0,8.0,fieldturf,0
field_goal,made,32.0,00-0031492,J.Myers,SEA,LA,2021,5,outdoors,56.0,8.0,fieldturf,1
field_goal,made,47.0,00-0035269,M.Gay,LA,SEA,2021,5,outdoors,56.0,8.0,fieldturf,1
field_goal,made,23.0,00-0034794,J.Sanders,MIA,TB,2021,5,outdoors,84.0,7.0,grass ,1
field_goal,made,42.0,00-0026968,R.Succop,TB,MIA,2021,5,outdoors,84.0,7.0,grass ,1
field_goal,missed,60.0,00-0032065,B.Pinion,TB,MIA,2021,5,outdoors,84.0,7.0,grass ,0
field_goal,made,33.0,00-0032726,K.Fairbairn,HOU,NE,2021,5,closed,,,astroturf,1
field_goal,made,52.0,00-0025565,N.Folk,NE,HOU,2021,5,closed,,,astroturf,1
field_goal,made,52.0,00-0025565,N.Folk,NE,HOU,2021,5,closed,,,astroturf,1
field_goal,made,32.0,00-0025565,N.Folk,NE,HOU,2021,5,closed,,,astroturf,1
field_goal,missed,56.0,00-0032726,K.Fairbairn,HOU,NE,2021,5,closed,,,astroturf,0
field_goal,made,21.0,00-0025565,N.Folk,NE,HOU,2021,5,closed,,,astroturf,1
field_goal,made,45.0,00-0030098,D.Hopkins,WAS,NO,2021,5,outdoors,70.0,12.0,grass ,1
field_goal,made,23.0,00-0030098,D.Hopkins,WAS,NO,2021,5,outdoors,70.0,12.0,grass ,1
field_goal,made,24.0,00-0030098,D.Hopkins,WAS,NO,2021,5,outdoors,70.0,12.0,grass ,1
field_goal,missed,54.0,00-0026858,G.Gano,NYG,DAL,2021,5,closed,,,matrixturf,0
field_goal,made,31.0,00-0029621,G.Zuerlein,DAL,NYG,2021,5,closed,,,matrixturf,1
field_goal,made,51.0,00-0026858,G.Gano,NYG,DAL,2021,5,closed,,,matrixturf,1
field_goal,made,51.0,00-0026858,G.Gano,NYG,DAL,2021,5,closed,,,matrixturf,1
field_goal,made,38.0,00-0029621,G.Zuerlein,DAL,NYG,2021,5,closed,,,matrixturf,1
field_goal,made,31.0,00-0029621,G.Zuerlein,DAL,NYG,2021,5,closed,,,matrixturf,1
field_goal,made,31.0,00-0033702,Y.Koo,ATL,NYJ,2021,5,outdoors,63.0,8.0,grass,1
field_goal,made,31.0,00-0036469,M.Ammendola,NYJ,ATL,2021,5,outdoors,63.0,8.0,grass,1
field_goal,made,52.0,00-0033702,Y.Koo,ATL,NYJ,2021,5,outdoors,63.0,8.0,grass,1
field_goal,made,49.0,00-0036469,M.Ammendola,NYJ,ATL,2021,5,outdoors,63.0,8.0,grass,1
field_goal,made,48.0,00-0033862,Z.Gonzalez,CAR,PHI,2021,5,outdoors,76.0,13.0,grass ,1
field_goal,made,30.0,00-0033787,J.Elliott,PHI,CAR,2021,5,outdoors,76.0,13.0,grass ,1
field_goal,made,43.0,00-0033862,Z.Gonzalez,CAR,PHI,2021,5,outdoors,76.0,13.0,grass ,1
field_goal,made,58.0,00-0033787,J.Elliott,PHI,CAR,2021,5,outdoors,76.0,13.0,grass ,1
field_goal,made,50.0,00-0033862,Z.Gonzalez,CAR,PHI,2021,5,outdoors,76.0,13.0,grass ,1
field_goal,made,21.0,00-0023853,M.Prater,ARI,SF,2021,5,closed,,,grass ,1
field_goal,missed,61.0,00-0023853,M.Prater,ARI,SF,2021,5,closed,,,grass ,0
field_goal,made,47.0,00-0035192,J.Slye,SF,ARI,2021,5,closed,,,grass ,1
field_goal,missed,53.0,00-0035189,M.Wright,JAX,TEN,2021,5,outdoors,78.0,11.0,grass ,0
field_goal,made,34.0,00-0029421,R.Bullock,TEN,JAX,2021,5,outdoors,78.0,11.0,grass ,1
field_goal,made,36.0,00-0023853,M.Prater,ARI,CLE,2021,6,outdoors,58.0,23.0,grass ,1
field_goal,made,51.0,00-0023853,M.Prater,ARI,CLE,2021,6,outdoors,58.0,23.0,grass ,1
field_goal,made,33.0,00-0023853,M.Prater,ARI,CLE,2021,6,outdoors,58.0,23.0,grass ,1
field_goal,made,24.0,00-0036162,T.Bass,BUF,TEN,2021,6,outdoors,66.0,6.0,grass ,1
field_goal,made,28.0,00-0036162,T.Bass,BUF,TEN,2021,6,outdoors,66.0,6.0,grass ,1
field_goal,made,43.0,00-0029421,R.Bullock,TEN,BUF,2021,6,outdoors,66.0,6.0,grass ,1
field_goal,made,52.0,00-0036162,T.Bass,BUF,TEN,2021,6,outdoors,66.0,6.0,grass ,1
field_goal,made,38.0,00-0029421,R.Bullock,TEN,BUF,2021,6,outdoors,66.0,6.0,grass ,1
field_goal,made,38.0,00-0036854,E.McPherson,CIN,DET,2021,6,dome,,,fieldturf,1
field_goal,made,40.0,00-0036854,E.McPherson,CIN,DET,2021,6,dome,,,fieldturf,1
field_goal,made,35.0,00-0035145,A.Seibert,DET,CIN,2021,6,dome,,,fieldturf,1
field_goal,made,30.0,00-0029621,G.Zuerlein,DAL,NE,2021,6,outdoors,62.0,11.0,fieldturf,1
field_goal,made,45.0,00-0029621,G.Zuerlein,DAL,NE,2021,6,outdoors,62.0,11.0,fieldturf,1
field_goal,missed,51.0,00-0029621,G.Zuerlein,DAL,NE,2021,6,outdoors,62.0,11.0,fieldturf,0
field_goal,made,49.0,00-0029621,G.Zuerlein,DAL,NE,2021,6,outdoors,62.0,11.0,fieldturf,1
field_goal,made,39.0,00-0025580,M.Crosby,GB,CHI,2021,6,outdoors,59.0,6.0,grass ,1
field_goal,made,41.0,00-0034084,M.Badgley,IND,HOU,2021,6,open,,,fieldturf,1
field_goal,made,31.0,00-0032726,K.Fairbairn,HOU,IND,2021,6,open,,,fieldturf,1
field_goal,made,50.0,00-0030098,D.Hopkins,WAS,KC,2021,6,outdoors,62.0,13.0,grass ,1
field_goal,made,52.0,00-0033303,H.Butker,KC,WAS,2021,6,outdoors,62.0,13.0,grass ,1
field_goal,made,43.0,00-0030098,D.Hopkins,WAS,KC,2021,6,outdoors,62.0,13.0,grass ,1
field_goal,missed,42.0,00-0030098,D.Hopkins,WAS,KC,2021,6,outdoors,62.0,13.0,grass ,0
field_goal,made,52.0,00-0029597,J.Tucker,BAL,LAC,2021,6,outdoors,63.0,15.0,grass,1
field_goal,made,39.0,00-0029597,J.Tucker,BAL,LAC,2021,6,outdoors,63.0,15.0,grass,1
field_goal,made,27.0,00-0026858,G.Gano,NYG,LA,2021,6,outdoors,61.0,13.0,fieldturf,1
field_goal,made,32.0,00-0035269,M.Gay,LA,NYG,2021,6,outdoors,61.0,13.0,fieldturf,1
field_goal,made,50.0,00-0034161,D.Carlson,LV,DEN,2021,6,outdoors,76.0,8.0,grass ,1
field_goal,missed,43.0,00-0034161,D.Carlson,LV,DEN,2021,6,outdoors,76.0,8.0,grass ,0
field_goal,made,32.0,00-0029822,B.McManus,DEN,LV,2021,6,outdoors,76.0,8.0,grass ,1
field_goal,made,30.0,00-0034161,D.Carlson,LV,DEN,2021,6,outdoors,76.0,8.0,grass ,1
field_goal,made,40.0,00-0035189,M.Wright,JAX,MIA,2021,6,outdoors,63.0,11.0,grass,1
field_goal,made,33.0,00-0034794,J.Sanders,MIA,JAX,2021,6,outdoors,63.0,11.0,grass,1
field_goal,made,24.0,00-0034794,J.Sanders,MIA,JAX,2021,6,outdoors,63.0,11.0,grass,1
field_goal,missed,58.0,00-0034794,J.Sanders,MIA,JAX,2021,6,outdoors,63.0,11.0,grass,0
field_goal,made,54.0,00-0035189,M.Wright,JAX,MIA,2021,6,outdoors,63.0,11.0,grass,1
field_goal,made,53.0,00-0035189,M.Wright,JAX,MIA,2021,6,outdoors,63.0,11.0,grass,1
field_goal,made,25.0,00-0034450,G.Joseph,MIN,CAR,2021,6,outdoors,62.0,7.0,grass ,1
field_goal,made,25.0,00-0034450,G.Joseph,MIN,CAR,2021,6,outdoors,62.0,7.0,grass ,1
field_goal,made,47.0,00-0033862,Z.Gonzalez,CAR,MIN,2021,6,outdoors,62.0,7.0,grass ,1
field_goal,made,38.0,00-0034450,G.Joseph,MIN,CAR,2021,6,outdoors,62.0,7.0,grass ,1
field_goal,missed,50.0,00-0034450,G.Joseph,MIN,CAR,2021,6,outdoors,62.0,7.0,grass ,0
field_goal,made,23.0,00-0033862,Z.Gonzalez,CAR,MIN,2021,6,outdoors,62.0,7.0,grass ,1
field_goal,missed,47.0,00-0034450,G.Joseph,MIN,CAR,2021,6,outdoors,62.0,7.0,grass ,0
field_goal,made,27.0,00-0031136,C.Boswell,PIT,SEA,2021,6,outdoors,49.0,6.0,grass ,1
field_goal,made,40.0,00-0031492,J.Myers,SEA,PIT,2021,6,outdoors,49.0,6.0,grass ,1
field_goal,made,52.0,00-0031136,C.Boswell,PIT,SEA,2021,6,outdoors,49.0,6.0,grass ,1
field_goal,made,43.0,00-0031492,J.Myers,SEA,PIT,2021,6,outdoors,49.0,6.0,grass ,1
field_goal,made,37.0,00-0031136,C.Boswell,PIT,SEA,2021,6,outdoors,49.0,6.0,grass ,1
field_goal,missed,46.0,00-0033787,J.Elliott,PHI,TB,2021,6,outdoors,74.0,8.0,grass ,0
field_goal,made,33.0,00-0033702,Y.Koo,ATL,MIA,2021,7,outdoors,85.0,9.0,grass ,1
field_goal,blocked,49.0,00-0034794,J.Sanders,MIA,ATL,2021,7,outdoors,85.0,9.0,grass ,0
field_goal,made,36.0,00-0033702,Y.Koo,ATL,MIA,2021,7,outdoors,85.0,9.0,grass ,1
field_goal,made,36.0,00-0033702,Y.Koo,ATL,MIA,2021,7,outdoors,85.0,9.0,grass ,1
field_goal,made,45.0,00-0033862,Z.Gonzalez,CAR,NYG,2021,7,outdoors,57.0,0.0,fieldturf,1
field_goal,made,49.0,00-0026858,G.Gano,NYG,CAR,2021,7,outdoors,57.0,0.0,fieldturf,1
field_goal,made,53.0,00-0026858,G.Gano,NYG,CAR,2021,7,outdoors,57.0,0.0,fieldturf,1
field_goal,made,44.0,00-0026858,G.Gano,NYG,CAR,2021,7,outdoors,57.0,0.0,fieldturf,1
field_goal,missed,43.0,00-0026968,R.Succop,TB,CHI,2021,7,outdoors,83.0,7.0,grass ,0
field_goal,made,28.0,00-0031203,C.Santos,CHI,TB,2021,7,outdoors,83.0,7.0,grass ,1
field_goal,made,22.0,00-0026968,R.Succop,TB,CHI,2021,7,outdoors,83.0,7.0,grass ,1
field_goal,made,52.0,00-0036854,E.McPherson,CIN,BAL,2021,7,outdoors,61.0,6.0,grass,1
field_goal,made,45.0,00-0029597,J.Tucker,BAL,CIN,2021,7,outdoors,61.0,6.0,grass,1
field_goal,made,30.0,00-0036854,E.McPherson,CIN,BAL,2021,7,outdoors,61.0,6.0,grass,1
field_goal,made,52.0,00-0035358,C.McLaughlin,CLE,DEN,2021,7,outdoors,59.0,27.0,grass ,1
field_goal,blocked,41.0,00-0035358,C.McLaughlin,CLE,DEN,2021,7,outdoors,59.0,27.0,grass ,0
field_goal,made,37.0,00-0035145,A.Seibert,DET,LA,2021,7,dome,,,matrixturf,1
field_goal,made,33.0,00-0035269,M.Gay,LA,DET,2021,7,dome,,,matrixturf,1
field_goal,made,47.0,00-0035145,A.Seibert,DET,LA,2021,7,dome,,,matrixturf,1
field_goal,made,41.0,00-0035145,A.Seibert,DET,LA,2021,7,dome,,,matrixturf,1
field_goal,made,31.0,00-0035145,A.Seibert,DET,LA,2021,7,dome,,,matrixturf,1
field_goal,made,47.0,00-0035269,M.Gay,LA,DET,2021,7,dome,,,matrixturf,1
field_goal,made,53.0,00-0032726,K.Fairbairn,HOU,ARI,2021,7,closed,,,grass ,1
field_goal,made,31.0,00-0023853,M.Prater,ARI,HOU,2021,7,closed,,,grass ,1
field_goal,made,34.0,00-0035192,J.Slye,SF,IND,2021,7,outdoors,64.0,16.0,grass,1
field_goal,made,56.0,00-0035192,J.Slye,SF,IND,2021,7,outdoors,64.0,16.0,grass,1
field_goal,made,42.0,00-0034084,M.Badgley,IND,SF,2021,7,outdoors,64.0,16.0,grass,1
field_goal,made,34.0,00-0029421,R.Bullock,TEN,KC,2021,7,outdoors,74.0,14.0,grass ,1
field_goal,made,51.0,00-0029421,R.Bullock,TEN,KC,2021,7,outdoors,74.0,14.0,grass ,1
field_goal,made,42.0,00-0033303,H.Butker,KC,TEN,2021,7,outdoors,74.0,14.0,grass ,1
field_goal,missed,57.0,00-0033303,H.Butker,KC,TEN,2021,7,outdoors,74.0,14.0,grass ,0
field_goal,made,21.0,00-0036703,B.Johnson,NO,SEA,2021,7,outdoors,54.0,16.0,fieldturf,1
field_goal,missed,44.0,00-0031492,J.Myers,SEA,NO,2021,7,outdoors,54.0,16.0,fieldturf,0
field_goal,made,50.0,00-0031492,J.Myers,SEA,NO,2021,7,outdoors,54.0,16.0,fieldturf,1
field_goal,missed,53.0,00-0031492,J.Myers,SEA,NO,2021,7,outdoors,54.0,16.0,fieldturf,0
field_goal,made,33.0,00-0036703,B.Johnson,NO,SEA,2021,7,outdoors,54.0,16.0,fieldturf,1
field_goal,missed,48.0,00-0036469,M.Ammendola,NYJ,NE,2021,7,outdoors,52.0,0.0,fieldturf,0
field_goal,made,39.0,00-0025565,N.Folk,NE,NYJ,2021,7,outdoors,52.0,0.0,fieldturf,1
field_goal,made,50.0,00-0025565,N.Folk,NE,NYJ,2021,7,outdoors,52.0,0.0,fieldturf,1
field_goal,made,28.0,00-0034161,D.Carlson,LV,PHI,2021,7,dome,,,grass,1
field_goal,made,39.0,00-0034161,D.Carlson,LV,PHI,2021,7,dome,,,grass,1
field_goal,blocked,42.0,00-0034913,C.Blewitt,WAS,GB,2021,7,outdoors,49.0,11.0,grass ,0
field_goal,blocked,34.0,00-0025580,M.Crosby,GB,WAS,2021,7,outdoors,49.0,11.0,grass ,0
field_goal,made,39.0,00-0025580,M.Crosby,GB,WAS,2021,7,outdoors,49.0,11.0,grass ,1
field_goal,made,45.0,00-0034913,C.Blewitt,WAS,GB,2021,7,outdoors,49.0,11.0,grass ,1
field_goal,made,46.0,00-0033702,Y.Koo,ATL,CAR,2021,8,open,,,fieldturf,1
field_goal,made,29.0,00-0033862,Z.Gonzalez,CAR,ATL,2021,8,open,,,fieldturf,1
field_goal,made,51.0,00-0033862,Z.Gonzalez,CAR,ATL,2021,8,open,,,fieldturf,1
field_goal,made,57.0,00-0033862,Z.Gonzalez,CAR,ATL,2021,8,open,,,fieldturf,1
field_goal,made,23.0,00-0033862,Z.Gonzalez,CAR,ATL,2021,8,open,,,fieldturf,1
field_goal,missed,45.0,00-0033702,Y.Koo,ATL,CAR,2021,8,open,,,fieldturf,0
field_goal,made,53.0,00-0033702,Y.Koo,ATL,CAR,2021,8,open,,,fieldturf,1
field_goal,missed,54.0,00-0036469,M.Ammendola,NYJ,CIN,2021,8,outdoors,63.0,11.0,fieldturf,0
field_goal,made,21.0,00-0036854,E.McPherson,CIN,NYJ,2021,8,outdoors,63.0,11.0,fieldturf,1
field_goal,made,24.0,00-0036469,M.Ammendola,NYJ,CIN,2021,8,outdoors,63.0,11.0,fieldturf,1
field_goal,made,24.0,00-0036469,M.Ammendola,NYJ,CIN,2021,8,outdoors,63.0,11.0,fieldturf,1
field_goal,missed,43.0,00-0029621,G.Zuerlein,DAL,MIN,2021,8,dome,,,sportturf,0
field_goal,made,38.0,00-0029621,G.Zuerlein,DAL,MIN,2021,8,dome,,,sportturf,1
field_goal,made,45.0,00-0034450,G.Joseph,MIN,DAL,2021,8,dome,,,sportturf,1
field_goal,made,40.0,00-0034450,G.Joseph,MIN,DAL,2021,8,dome,,,sportturf,1
field_goal,made,39.0,00-0029621,G.Zuerlein,DAL,MIN,2021,8,dome,,,sportturf,1
field_goal,made,24.0,00-0034450,G.Joseph,MIN,DAL,2021,8,dome,,,sportturf,1
field_goal,made,21.0,00-0025580,M.Crosby,GB,ARI,2021,8,open,,,grass ,1
field_goal,made,31.0,00-0031492,J.Myers,SEA,JAX,2021,8,outdoors,54.0,8.0,fieldturf,1
field_goal,made,27.0,00-0035269,M.Gay,LA,HOU,2021,8,closed,,,astroturf,1
field_goal,missed,45.0,00-0032726,K.Fairbairn,HOU,LA,2021,8,closed,,,astroturf,0
field_goal,blocked,36.0,00-0034794,J.Sanders,MIA,BUF,2021,8,outdoors,54.0,9.0,a_turf,0
field_goal,made,57.0,00-0036162,T.Bass,BUF,MIA,2021,8,outdoors,54.0,9.0,a_turf,1
field_goal,made,51.0,00-0034794,J.Sanders,MIA,BUF,2021,8,outdoors,54.0,9.0,a_turf,1
field_goal,made,39.0,00-0036162,T.Bass,BUF,MIA,2021,8,outdoors,54.0,9.0,a_turf,1
field_goal,made,24.0,00-0025565,N.Folk,NE,LAC,2021,8,dome,,,matrixturf,1
field_goal,made,48.0,00-0025565,N.Folk,NE,LAC,2021,8,dome,,,matrixturf,1
field_goal,made,48.0,00-0025565,N.Folk,NE,LAC,2021,8,dome,,,matrixturf,1
field_goal,made,48.0,00-0030098,D.Hopkins,LAC,NE,2021,8,dome,,,matrixturf,1
field_goal,made,30.0,00-0025565,N.Folk,NE,LAC,2021,8,dome,,,matrixturf,1
field_goal,made,23.0,00-0026858,G.Gano,NYG,KC,2021,8,outdoors,39.0,4.0,grass ,1
field_goal,made,36.0,00-0033303,H.Butker,KC,NYG,2021,8,outdoors,39.0,4.0,grass ,1
field_goal,made,34.0,00-0033303,H.Butker,KC,NYG,2021,8,outdoors,39.0,4.0,grass ,1
field_goal,missed,47.0,00-0035145,A.Seibert,DET,PHI,2021,8,dome,,,fieldturf,0
field_goal,made,43.0,00-0033787,J.Elliott,PHI,DET,2021,8,dome,,,fieldturf,1
field_goal,made,26.0,00-0033787,J.Elliott,PHI,DET,2021,8,dome,,,fieldturf,1
field_goal,made,41.0,00-0033787,J.Elliott,PHI,DET,2021,8,dome,,,fieldturf,1
field_goal,made,30.0,00-0035358,C.McLaughlin,CLE,PIT,2021,8,outdoors,57.0,13.0,grass ,1
field_goal,made,31.0,00-0031136,C.Boswell,PIT,CLE,2021,8,outdoors,57.0,13.0,grass ,1
field_goal,missed,48.0,00-0035192,J.Slye,SF,CHI,2021,8,outdoors,53.0,12.0,grass ,0
field_goal,made,39.0,00-0031203,C.Santos,CHI,SF,2021,8,outdoors,53.0,12.0,grass ,1
field_goal,made,48.0,00-0035192,J.Slye,SF,CHI,2021,8,outdoors,53.0,12.0,grass ,1
field_goal,made,52.0,00-0035192,J.Slye,SF,CHI,2021,8,outdoors,53.0,12.0,grass ,1
field_goal,made,40.0,00-0031203,C.Santos,CHI,SF,2021,8,outdoors,53.0,12.0,grass ,1
field_goal,made,22.0,00-0035192,J.Slye,SF,CHI,2021,8,outdoors,53.0,12.0,grass ,1
field_goal,made,25.0,00-0031203,C.Santos,CHI,SF,2021,8,outdoors,53.0,12.0,grass ,1
field_goal,made,32.0,00-0035192,J.Slye,SF,CHI,2021,8,outdoors,53.0,12.0,grass ,1
field_goal,made,23.0,00-0036703,B.Johnson,NO,TB,2021,8,dome,,,sportturf,1
field_goal,made,35.0,00-0036703,B.Johnson,NO,TB,2021,8,dome,,,sportturf,1
field_goal,made,23.0,00-0036703,B.Johnson,NO,TB,2021,8,dome,,,sportturf,1
field_goal,made,34.0,00-0034084,M.Badgley,IND,TEN,2021,8,open,,,fieldturf,1
field_goal,made,46.0,00-0029421,R.Bullock,TEN,IND,2021,8,open,,,fieldturf,1
field_goal,made,44.0,00-0029421,R.Bullock,TEN,IND,2021,8,open,,,fieldturf,1
field_goal,blocked,45.0,00-0034913,C.Blewitt,WAS,DEN,2021,8,outdoors,41.0,4.0,grass ,0
field_goal,made,45.0,00-0029822,B.McManus,DEN,WAS,2021,8,outdoors,41.0,4.0,grass ,1
field_goal,made,52.0,00-0034913,C.Blewitt,WAS,DEN,2021,8,outdoors,41.0,4.0,grass ,1
field_goal,missed,53.0,00-0029822,B.McManus,DEN,WAS,2021,8,outdoors,41.0,4.0,grass ,0
field_goal,blocked,47.0,00-0034913,C.Blewitt,WAS,DEN,2021,8,outdoors,41.0,4.0,grass ,0
field_goal,made,26.0,00-0023853,M.Prater,ARI,SF,2021,9,outdoors,57.0,8.0,grass,1
field_goal,made,26.0,00-0023252,R.Gould,SF,ARI,2021,9,outdoors,57.0,8.0,grass,1
field_goal,made,32.0,00-0033702,Y.Koo,ATL,NO,2021,9,dome,,,sportturf,1
field_goal,made,35.0,00-0036703,B.Johnson,NO,ATL,2021,9,dome,,,sportturf,1
field_goal,made,52.0,00-0036703,B.Johnson,NO,ATL,2021,9,dome,,,sportturf,1
field_goal,made,29.0,00-0033702,Y.Koo,ATL,NO,2021,9,dome,,,sportturf,1
field_goal,made,39.0,00-0035189,M.Wright,JAX,BUF,2021,9,outdoors,59.0,16.0,grass ,1
field_goal,made,24.0,00-0036162,T.Bass,BUF,JAX,2021,9,outdoors,59.0,16.0,grass ,1
field_goal,made,41.0,00-0036162,T.Bass,BUF,JAX,2021,9,outdoors,59.0,16.0,grass ,1
field_goal,made,55.0,00-0035189,M.Wright,JAX,BUF,2021,9,outdoors,59.0,16.0,grass ,1
field_goal,missed,42.0,00-0035189,M.Wright,JAX,BUF,2021,9,outdoors,59.0,16.0,grass ,0
field_goal,made,21.0,00-0035189,M.Wright,JAX,BUF,2021,9,outdoors,59.0,16.0,grass ,1
field_goal,made,30.0,00-0031203,C.Santos,CHI,PIT,2021,9,outdoors,55.0,7.0,grass ,1
field_goal,made,22.0,00-0031203,C.Santos,CHI,PIT,2021,9,outdoors,55.0,7.0,grass ,1
field_goal,made,54.0,00-0031136,C.Boswell,PIT,CHI,2021,9,outdoors,55.0,7.0,grass ,1
field_goal,made,52.0,00-0031136,C.Boswell,PIT,CHI,2021,9,outdoors,55.0,7.0,grass ,1
field_goal,made,40.0,00-0031136,C.Boswell,PIT,CHI,2021,9,outdoors,55.0,7.0,grass ,1
field_goal,missed,65.0,00-0031203,C.Santos,CHI,PIT,2021,9,outdoors,55.0,7.0,grass ,0
field_goal,made,28.0,00-0035358,C.McLaughlin,CLE,CIN,2021,9,outdoors,56.0,0.0,fieldturf,1
field_goal,made,27.0,00-0036854,E.McPherson,CIN,CLE,2021,9,outdoors,56.0,0.0,fieldturf,1
field_goal,made,24.0,00-0035358,C.McLaughlin,CLE,CIN,2021,9,outdoors,56.0,0.0,fieldturf,1
field_goal,missed,45.0,00-0035358,C.McLaughlin,CLE,CIN,2021,9,outdoors,56.0,0.0,fieldturf,0
field_goal,made,53.0,00-0029822,B.McManus,DEN,DAL,2021,9,closed,,,matrixturf,1
field_goal,made,27.0,00-0029822,B.McManus,DEN,DAL,2021,9,closed,,,matrixturf,1
field_goal,missed,53.0,00-0029822,B.McManus,DEN,DAL,2021,9,closed,,,matrixturf,0
field_goal,made,42.0,00-0029822,B.McManus,DEN,DAL,2021,9,closed,,,matrixturf,1
field_goal,missed,40.0,00-0025580,M.Crosby,GB,KC,2021,9,outdoors,51.0,12.0,grass ,0
field_goal,blocked,37.0,00-0025580,M.Crosby,GB,KC,2021,9,outdoors,51.0,12.0,grass ,0
field_goal,made,24.0,00-0033303,H.Butker,KC,GB,2021,9,outdoors,51.0,12.0,grass ,1
field_goal,made,55.0,00-0033303,H.Butker,KC,GB,2021,9,outdoors,51.0,12.0,grass ,1
field_goal,made,31.0,00-0032726,K.Fairbairn,HOU,MIA,2021,9,outdoors,72.0,19.0,grass ,1
field_goal,made,40.0,00-0032726,K.Fairbairn,HOU,MIA,2021,9,outdoors,72.0,19.0,grass ,1
field_goal,made,42.0,00-0034794,J.Sanders,MIA,HOU,2021,9,outdoors,72.0,19.0,grass ,1
field_goal,made,20.0,00-0032726,K.Fairbairn,HOU,MIA,2021,9,outdoors,72.0,19.0,grass ,1
field_goal,made,24.0,00-0033787,J.Elliott,PHI,LAC,2021,9,outdoors,54.0,11.0,grass ,1
field_goal,made,30.0,00-0030098,D.Hopkins,LAC,PHI,2021,9,outdoors,54.0,11.0,grass ,1
field_goal,made,29.0,00-0030098,D.Hopkins,LAC,PHI,2021,9,outdoors,54.0,11.0,grass ,1
field_goal,made,25.0,00-0034161,D.Carlson,LV,NYG,2021,9,outdoors,54.0,4.0,fieldturf,1
field_goal,made,35.0,00-0026858,G.Gano,NYG,LV,2021,9,outdoors,54.0,4.0,fieldturf,1
field_goal,made,32.0,00-0034161,D.Carlson,LV,NYG,2021,9,outdoors,54.0,4.0,fieldturf,1
field_goal,made,25.0,00-0034161,D.Carlson,LV,NYG,2021,9,outdoors,54.0,4.0,fieldturf,1
field_goal,made,32.0,00-0026858,G.Gano,NYG,LV,2021,9,outdoors,54.0,4.0,fieldturf,1
field_goal,missed,25.0,00-0034161,D.Carlson,LV,NYG,2021,9,outdoors,54.0,4.0,fieldturf,0
field_goal,made,38.0,00-0026858,G.Gano,NYG,LV,2021,9,outdoors,54.0,4.0,fieldturf,1
field_goal,made,37.0,00-0029597,J.Tucker,BAL,MIN,2021,9,outdoors,56.0,8.0,grass,1
field_goal,made,36.0,00-0034450,G.Joseph,MIN,BAL,2021,9,outdoors,56.0,8.0,grass,1
field_goal,made,36.0,00-0029597,J.Tucker,BAL,MIN,2021,9,outdoors,56.0,8.0,grass,1
field_goal,made,39.0,00-0033862,Z.Gonzalez,CAR,NE,2021,9,outdoors,61.0,16.0,grass ,1
field_goal,made,49.0,00-0033862,Z.Gonzalez,CAR,NE,2021,9,outdoors,61.0,16.0,grass ,1
field_goal,made,37.0,00-0025565,N.Folk,NE,CAR,2021,9,outdoors,61.0,16.0,grass ,1
field_goal,missed,54.0,00-0025565,N.Folk,NE,CAR,2021,9,outdoors,61.0,16.0,grass ,0
field_goal,made,33.0,00-0036469,M.Ammendola,NYJ,IND,2021,9,closed,,,fieldturf,1
field_goal,made,39.0,00-0034084,M.Badgley,IND,NYJ,2021,9,closed,,,fieldturf,1
field_goal,made,34.0,00-0035269,M.Gay,LA,TEN,2021,9,dome,,,matrixturf,1
field_goal,made,22.0,00-0035269,M.Gay,LA,TEN,2021,9,dome,,,matrixturf,1
field_goal,made,54.0,00-0035269,M.Gay,LA,TEN,2021,9,dome,,,matrixturf,1
field_goal,made,35.0,00-0033702,Y.Koo,ATL,DAL,2021,10,closed,,,matrixturf,1
field_goal,made,46.0,00-0029597,J.Tucker,BAL,MIA,2021,10,outdoors,77.0,4.0,grass ,1
field_goal,missed,48.0,00-0029597,J.Tucker,BAL,MIA,2021,10,outdoors,77.0,4.0,grass ,0
field_goal,made,31.0,00-0034794,J.Sanders,MIA,BAL,2021,10,outdoors,77.0,4.0,grass ,1
field_goal,made,22.0,00-0034794,J.Sanders,MIA,BAL,2021,10,outdoors,77.0,4.0,grass ,1
field_goal,made,29.0,00-0034794,J.Sanders,MIA,BAL,2021,10,outdoors,77.0,4.0,grass ,1
field_goal,made,29.0,00-0036162,T.Bass,BUF,NYJ,2021,10,outdoors,47.0,4.0,fieldturf,1
field_goal,made,48.0,00-0036469,M.Ammendola,NYJ,BUF,2021,10,outdoors,47.0,4.0,fieldturf,1
field_goal,made,44.0,00-0033862,Z.Gonzalez,CAR,ARI,2021,10,closed,,,grass ,1
field_goal,made,48.0,00-0033862,Z.Gonzalez,CAR,ARI,2021,10,closed,,,grass ,1
field_goal,made,49.0,00-0033862,Z.Gonzalez,CAR,ARI,2021,10,closed,,,grass ,1
field_goal,made,47.0,00-0023853,M.Prater,ARI,CAR,2021,10,closed,,,grass ,1
field_goal,made,27.0,00-0033862,Z.Gonzalez,CAR,ARI,2021,10,closed,,,grass ,1
field_goal,made,38.0,00-0025565,N.Folk,NE,CLE,2021,10,outdoors,48.0,6.0,fieldturf,1
field_goal,made,20.0,00-0031136,C.Boswell,PIT,DET,2021,10,outdoors,37.0,12.0,grass ,1
field_goal,made,20.0,00-0034648,R.Santoso,DET,PIT,2021,10,outdoors,37.0,12.0,grass ,1
field_goal,made,23.0,00-0031136,C.Boswell,PIT,DET,2021,10,outdoors,37.0,12.0,grass ,1
field_goal,made,51.0,00-0031136,C.Boswell,PIT,DET,2021,10,outdoors,37.0,12.0,grass ,1
field_goal,missed,48.0,00-0034648,R.Santoso,DET,PIT,2021,10,outdoors,37.0,12.0,grass ,0
field_goal,made,24.0,00-0034084,M.Badgley,IND,JAX,2021,10,closed,,,fieldturf,1
field_goal,made,29.0,00-0034084,M.Badgley,IND,JAX,2021,10,closed,,,fieldturf,1
field_goal,made,56.0,00-0035189,M.Wright,JAX,IND,2021,10,closed,,,fieldturf,1
field_goal,missed,51.0,00-0035189,M.Wright,JAX,IND,2021,10,closed,,,fieldturf,0
field_goal,made,37.0,00-0034084,M.Badgley,IND,JAX,2021,10,closed,,,fieldturf,1
field_goal,made,40.0,00-0033303,H.Butker,KC,LV,2021,10,dome,,,grass,1
field_goal,missed,46.0,00-0033303,H.Butker,KC,LV,2021,10,dome,,,grass,0
field_goal,made,35.0,00-0033303,H.Butker,KC,LV,2021,10,dome,,,grass,1
field_goal,made,50.0,00-0023252,R.Gould,SF,LA,2021,10,outdoors,59.0,0.0,grass,1
field_goal,made,37.0,00-0035269,M.Gay,LA,SF,2021,10,outdoors,59.0,0.0,grass,1
field_goal,made,46.0,00-0034450,G.Joseph,MIN,LAC,2021,10,dome,,,matrixturf,1
field_goal,made,46.0,00-0030098,D.Hopkins,LAC,MIN,2021,10,dome,,,matrixturf,1
field_goal,made,30.0,00-0034450,G.Joseph,MIN,LAC,2021,10,dome,,,matrixturf,1
field_goal,made,24.0,00-0030098,D.Hopkins,LAC,MIN,2021,10,dome,,,matrixturf,1
field_goal,made,28.0,00-0029421,R.Bullock,TEN,NO,2021,10,outdoors,53.0,12.0,grass ,1
field_goal,made,36.0,00-0029421,R.Bullock,TEN,NO,2021,10,outdoors,53.0,12.0,grass ,1
field_goal,made,36.0,00-0029421,R.Bullock,TEN,NO,2021,10,outdoors,53.0,12.0,grass ,1
field_goal,made,20.0,00-0036703,B.Johnson,NO,TEN,2021,10,outdoors,53.0,12.0,grass ,1
field_goal,made,30.0,00-0033787,J.Elliott,PHI,DEN,2021,10,outdoors,57.0,19.0,grass ,1
field_goal,made,21.0,00-0029822,B.McManus,DEN,PHI,2021,10,outdoors,57.0,19.0,grass ,1
field_goal,made,52.0,00-0033787,J.Elliott,PHI,DEN,2021,10,outdoors,57.0,19.0,grass ,1
field_goal,blocked,22.0,00-0029822,B.McManus,DEN,PHI,2021,10,outdoors,57.0,19.0,grass ,0
field_goal,made,28.0,00-0029822,B.McManus,DEN,PHI,2021,10,outdoors,57.0,19.0,grass ,1
field_goal,made,23.0,00-0033787,J.Elliott,PHI,DEN,2021,10,outdoors,57.0,19.0,grass ,1
field_goal,missed,42.0,00-0025580,M.Crosby,GB,SEA,2021,10,outdoors,35.0,11.0,grass ,0
field_goal,made,27.0,00-0025580,M.Crosby,GB,SEA,2021,10,outdoors,35.0,11.0,grass ,1
field_goal,made,46.0,00-0035192,J.Slye,WAS,TB,2021,10,outdoors,47.0,8.0,grass ,1
field_goal,made,28.0,00-0035192,J.Slye,WAS,TB,2021,10,outdoors,47.0,8.0,grass ,1
field_goal,made,25.0,00-0026968,R.Succop,TB,WAS,2021,10,outdoors,47.0,8.0,grass ,1
field_goal,made,29.0,00-0035192,J.Slye,WAS,TB,2021,10,outdoors,47.0,8.0,grass ,1
field_goal,made,31.0,00-0026968,R.Succop,TB,WAS,2021,10,outdoors,47.0,8.0,grass ,1
field_goal,made,27.0,00-0031492,J.Myers,SEA,ARI,2021,11,outdoors,46.0,0.0,fieldturf,1
field_goal,made,27.0,00-0031492,J.Myers,SEA,ARI,2021,11,outdoors,46.0,0.0,fieldturf,1
field_goal,missed,39.0,00-0023853,M.Prater,ARI,SEA,2021,11,outdoors,46.0,0.0,fieldturf,0
field_goal,made,53.0,00-0023853,M.Prater,ARI,SEA,2021,11,outdoors,46.0,0.0,fieldturf,1
field_goal,missed,36.0,00-0023853,M.Prater,ARI,SEA,2021,11,outdoors,46.0,0.0,fieldturf,0
field_goal,missed,40.0,00-0031203,C.Santos,CHI,BAL,2021,11,outdoors,46.0,9.0,grass ,0
field_goal,made,35.0,00-0029597,J.Tucker,BAL,CHI,2021,11,outdoors,46.0,9.0,grass ,1
field_goal,made,27.0,00-0029597,J.Tucker,BAL,CHI,2021,11,outdoors,46.0,9.0,grass ,1
field_goal,made,46.0,00-0029597,J.Tucker,BAL,CHI,2021,11,outdoors,46.0,9.0,grass ,1
field_goal,made,26.0,00-0034161,D.Carlson,LV,CIN,2021,11,dome,,,grass,1
field_goal,made,54.0,00-0036854,E.McPherson,CIN,LV,2021,11,dome,,,grass,1
field_goal,made,47.0,00-0034161,D.Carlson,LV,CIN,2021,11,dome,,,grass,1
field_goal,made,53.0,00-0036854,E.McPherson,CIN,LV,2021,11,dome,,,grass,1
field_goal,made,51.0,00-0036854,E.McPherson,CIN,LV,2021,11,dome,,,grass,1
field_goal,made,47.0,00-0036854,E.McPherson,CIN,LV,2021,11,dome,,,grass,1
field_goal,made,37.0,00-0033303,H.Butker,KC,DAL,2021,11,outdoors,57.0,17.0,grass ,1
field_goal,made,33.0,00-0029621,G.Zuerlein,DAL,KC,2021,11,outdoors,57.0,17.0,grass ,1
field_goal,made,30.0,00-0029621,G.Zuerlein,DAL,KC,2021,11,outdoors,57.0,17.0,grass ,1
field_goal,made,53.0,00-0033303,H.Butker,KC,DAL,2021,11,outdoors,57.0,17.0,grass ,1
field_goal,made,48.0,00-0029621,G.Zuerlein,DAL,KC,2021,11,outdoors,57.0,17.0,grass ,1
field_goal,missed,51.0,00-0033303,H.Butker,KC,DAL,2021,11,outdoors,57.0,17.0,grass ,0
field_goal,missed,46.0,00-0035358,C.McLaughlin,CLE,DET,2021,11,outdoors,42.0,7.0,grass ,0
field_goal,made,43.0,00-0032870,A.Rosas,DET,CLE,2021,11,outdoors,42.0,7.0,grass ,1
field_goal,made,54.0,00-0025580,M.Crosby,GB,MIN,2021,11,dome,,,sportturf,1
field_goal,made,51.0,00-0034450,G.Joseph,MIN,GB,2021,11,dome,,,sportturf,1
field_goal,missed,32.0,00-0025580,M.Crosby,GB,MIN,2021,11,dome,,,sportturf,0
field_goal,made,29.0,00-0034450,G.Joseph,MIN,GB,2021,11,dome,,,sportturf,1
field_goal,made,43.0,00-0032726,K.Fairbairn,HOU,TEN,2021,11,outdoors,59.0,8.0,grass ,1
field_goal,made,24.0,00-0032726,K.Fairbairn,HOU,TEN,2021,11,outdoors,59.0,8.0,grass ,1
field_goal,made,37.0,00-0032726,K.Fairbairn,HOU,TEN,2021,11,outdoors,59.0,8.0,grass ,1
field_goal,made,36.0,00-0034084,M.Badgley,IND,BUF,2021,11,outdoors,49.0,12.0,a_turf,1
field_goal,missed,57.0,00-0036162,T.Bass,BUF,IND,2021,11,outdoors,49.0,12.0,a_turf,0
field_goal,missed,49.0,00-0036162,T.Bass,BUF,IND,2021,11,outdoors,49.0,12.0,a_turf,0
field_goal,made,35.0,00-0034084,M.Badgley,IND,BUF,2021,11,outdoors,49.0,12.0,a_turf,1
field_goal,missed,55.0,00-0036469,M.Ammendola,NYJ,MIA,2021,11,outdoors,52.0,4.0,fieldturf,0
field_goal,missed,32.0,00-0034794,J.Sanders,MIA,NYJ,2021,11,outdoors,52.0,4.0,fieldturf,0
field_goal,missed,40.0,00-0036469,M.Ammendola,NYJ,MIA,2021,11,outdoors,52.0,4.0,fieldturf,0
field_goal,made,24.0,00-0034794,J.Sanders,MIA,NYJ,2021,11,outdoors,52.0,4.0,fieldturf,1
field_goal,made,35.0,00-0036469,M.Ammendola,NYJ,MIA,2021,11,outdoors,52.0,4.0,fieldturf,1
field_goal,made,32.0,00-0025565,N.Folk,NE,ATL,2021,11,closed,,,fieldturf,1
field_goal,missed,50.0,00-0033702,Y.Koo,ATL,NE,2021,11,closed,,,fieldturf,0
field_goal,made,44.0,00-0025565,N.Folk,NE,ATL,2021,11,closed,,,fieldturf,1
field_goal,made,53.0,00-0025565,N.Folk,NE,ATL,2021,11,closed,,,fieldturf,1
field_goal,made,33.0,00-0025565,N.Folk,NE,ATL,2021,11,closed,,,fieldturf,1
field_goal,made,50.0,00-0033787,J.Elliott,PHI,NO,2021,11,outdoors,51.0,4.0,grass ,1
field_goal,made,37.0,00-0033787,J.Elliott,PHI,NO,2021,11,outdoors,51.0,4.0,grass ,1
field_goal,made,33.0,00-0033787,J.Elliott,PHI,NO,2021,11,outdoors,51.0,4.0,grass ,1
field_goal,made,47.0,00-0033787,J.Elliott,PHI,NO,2021,11,outdoors,51.0,4.0,grass ,1
field_goal,made,28.0,00-0030332,B.Maher,NO,PHI,2021,11,outdoors,51.0,4.0,grass ,1
field_goal,made,37.0,00-0026858,G.Gano,NYG,TB,2021,11,outdoors,68.0,6.0,grass ,1
field_goal,made,25.0,00-0026968,R.Succop,TB,NYG,2021,11,outdoors,68.0,6.0,grass ,1
field_goal,made,40.0,00-0026968,R.Succop,TB,NYG,2021,11,outdoors,68.0,6.0,grass ,1
field_goal,made,30.0,00-0026968,R.Succop,TB,NYG,2021,11,outdoors,68.0,6.0,grass ,1
field_goal,made,36.0,00-0031136,C.Boswell,PIT,LAC,2021,11,dome,,,matrixturf,1
field_goal,made,30.0,00-0030098,D.Hopkins,LAC,PIT,2021,11,dome,,,matrixturf,1
field_goal,made,41.0,00-0030098,D.Hopkins,LAC,PIT,2021,11,dome,,,matrixturf,1
field_goal,made,36.0,00-0031136,C.Boswell,PIT,LAC,2021,11,dome,,,matrixturf,1
field_goal,made,45.0,00-0031136,C.Boswell,PIT,LAC,2021,11,dome,,,matrixturf,1
field_goal,made,20.0,00-0023252,R.Gould,SF,JAX,2021,11,outdoors,68.0,17.0,grass ,1
field_goal,made,30.0,00-0035189,M.Wright,JAX,SF,2021,11,outdoors,68.0,17.0,grass ,1
field_goal,made,48.0,00-0023252,R.Gould,SF,JAX,2021,11,outdoors,68.0,17.0,grass ,1
field_goal,made,45.0,00-0023252,R.Gould,SF,JAX,2021,11,outdoors,68.0,17.0,grass ,1
field_goal,made,36.0,00-0035192,J.Slye,WAS,CAR,2021,11,outdoors,54.0,0.0,grass ,1
field_goal,made,29.0,00-0035192,J.Slye,WAS,CAR,2021,11,outdoors,54.0,0.0,grass ,1
field_goal,made,22.0,00-0035189,M.Wright,JAX,ATL,2021,12,outdoors,61.0,4.0,grass ,1
field_goal,made,34.0,00-0035189,M.Wright,JAX,ATL,2021,12,outdoors,61.0,4.0,grass ,1
field_goal,made,34.0,00-0036162,T.Bass,BUF,NO,2021,12,dome,,,sportturf,1
field_goal,made,41.0,00-0033862,Z.Gonzalez,CAR,MIA,2021,12,outdoors,74.0,4.0,grass ,1
field_goal,made,46.0,00-0034794,J.Sanders,MIA,CAR,2021,12,outdoors,74.0,4.0,grass ,1
field_goal,made,33.0,00-0034794,J.Sanders,MIA,CAR,2021,12,outdoors,74.0,4.0,grass ,1
field_goal,made,28.0,00-0031203,C.Santos,CHI,DET,2021,12,dome,,,fieldturf,1
field_goal,made,43.0,00-0031203,C.Santos,CHI,DET,2021,12,dome,,,fieldturf,1
field_goal,missed,53.0,00-0031203,C.Santos,CHI,DET,2021,12,dome,,,fieldturf,0
field_goal,made,28.0,00-0031203,C.Santos,CHI,DET,2021,12,dome,,,fieldturf,1
field_goal,missed,46.0,00-0035358,C.McLaughlin,CLE,BAL,2021,12,outdoors,43.0,0.0,grass,0
field_goal,made,52.0,00-0029597,J.Tucker,BAL,CLE,2021,12,outdoors,43.0,0.0,grass,1
field_goal,made,25.0,00-0029597,J.Tucker,BAL,CLE,2021,12,outdoors,43.0,0.0,grass,1
field_goal,made,46.0,00-0035358,C.McLaughlin,CLE,BAL,2021,12,outdoors,43.0,0.0,grass,1
field_goal,made,49.0,00-0029597,J.Tucker,BAL,CLE,2021,12,outdoors,43.0,0.0,grass,1
field_goal,missed,52.0,00-0030098,D.Hopkins,LAC,DEN,2021,12,outdoors,62.0,0.0,grass ,0
field_goal,made,45.0,00-0025580,M.Crosby,GB,LA,2021,12,outdoors,37.0,14.0,grass ,1
field_goal,made,28.0,00-0025580,M.Crosby,GB,LA,2021,12,outdoors,37.0,14.0,grass ,1
field_goal,made,36.0,00-0035269,M.Gay,LA,GB,2021,12,outdoors,37.0,14.0,grass ,1
field_goal,made,29.0,00-0025580,M.Crosby,GB,LA,2021,12,outdoors,37.0,14.0,grass ,1
field_goal,missed,42.0,00-0025580,M.Crosby,GB,LA,2021,12,outdoors,37.0,14.0,grass ,0
field_goal,made,39.0,00-0035269,M.Gay,LA,GB,2021,12,outdoors,37.0,14.0,grass ,1
field_goal,made,22.0,00-0034161,D.Carlson,LV,DAL,2021,12,closed,,,matrixturf,1
field_goal,missed,59.0,00-0029621,G.Zuerlein,DAL,LV,2021,12,closed,,,matrixturf,0
field_goal,made,46.0,00-0034161,D.Carlson,LV,DAL,2021,12,closed,,,matrixturf,1
field_goal,made,29.0,00-0029621,G.Zuerlein,DAL,LV,2021,12,closed,,,matrixturf,1
field_goal,made,30.0,00-0034161,D.Carlson,LV,DAL,2021,12,closed,,,matrixturf,1
field_goal,made,56.0,00-0034161,D.Carlson,LV,DAL,2021,12,closed,,,matrixturf,1
field_goal,made,45.0,00-0029621,G.Zuerlein,DAL,LV,2021,12,closed,,,matrixturf,1
field_goal,made,29.0,00-0034161,D.Carlson,LV,DAL,2021,12,closed,,,matrixturf,1
field_goal,made,46.0,00-0023252,R.Gould,SF,MIN,2021,12,outdoors,68.0,7.0,grass,1
field_goal,made,22.0,00-0023252,R.Gould,SF,MIN,2021,12,outdoors,68.0,7.0,grass,1
field_goal,missed,42.0,00-0023252,R.Gould,SF,MIN,2021,12,outdoors,68.0,7.0,grass,0
field_goal,made,31.0,00-0036469,M.Ammendola,NYJ,HOU,2021,12,closed,,,astroturf,1
field_goal,missed,42.0,00-0036469,M.Ammendola,NYJ,HOU,2021,12,closed,,,astroturf,0
field_goal,missed,55.0,00-0032726,K.Fairbairn,HOU,NYJ,2021,12,closed,,,astroturf,0
field_goal,made,37.0,00-0036469,M.Ammendola,NYJ,HOU,2021,12,closed,,,astroturf,1
field_goal,made,35.0,00-0026858,G.Gano,NYG,PHI,2021,12,outdoors,39.0,4.0,fieldturf,1
field_goal,missed,51.0,00-0026858,G.Gano,NYG,PHI,2021,12,outdoors,39.0,4.0,fieldturf,0
field_goal,made,39.0,00-0026858,G.Gano,NYG,PHI,2021,12,outdoors,39.0,4.0,fieldturf,1
field_goal,made,31.0,00-0036854,E.McPherson,CIN,PIT,2021,12,outdoors,43.0,12.0,fieldturf,1
field_goal,made,40.0,00-0031136,C.Boswell,PIT,CIN,2021,12,outdoors,43.0,12.0,fieldturf,1
field_goal,made,51.0,00-0036854,E.McPherson,CIN,PIT,2021,12,outdoors,43.0,12.0,fieldturf,1
field_goal,made,23.0,00-0035192,J.Slye,WAS,SEA,2021,12,outdoors,41.0,9.0,grass ,1
field_goal,made,45.0,00-0034084,M.Badgley,IND,TB,2021,12,closed,,,fieldturf,1
field_goal,made,25.0,00-0026968,R.Succop,TB,IND,2021,12,closed,,,fieldturf,1
field_goal,made,22.0,00-0025565,N.Folk,NE,TEN,2021,12,outdoors,33.0,6.0,fieldturf,1
field_goal,missed,44.0,00-0029421,R.Bullock,TEN,NE,2021,12,outdoors,33.0,6.0,fieldturf,0
field_goal,made,37.0,00-0025565,N.Folk,NE,TEN,2021,12,outdoors,33.0,6.0,fieldturf,1
field_goal,made,44.0,00-0025565,N.Folk,NE,TEN,2021,12,outdoors,33.0,6.0,fieldturf,1
field_goal,missed,53.0,00-0025565,N.Folk,NE,TEN,2021,12,outdoors,33.0,6.0,fieldturf,0
field_goal,made,28.0,00-0025565,N.Folk,NE,TEN,2021,12,outdoors,33.0,6.0,fieldturf,1
field_goal,made,52.0,00-0025565,N.Folk,NE,TEN,2021,12,outdoors,33.0,6.0,fieldturf,1
field_goal,made,33.0,00-0023853,M.Prater,ARI,CHI,2021,13,outdoors,34.0,8.0,grass ,1
field_goal,made,25.0,00-0023853,M.Prater,ARI,CHI,2021,13,outdoors,34.0,8.0,grass ,1
field_goal,made,53.0,00-0031136,C.Boswell,PIT,BAL,2021,13,outdoors,50.0,7.0,grass ,1
field_goal,made,35.0,00-0029597,J.Tucker,BAL,PIT,2021,13,outdoors,50.0,7.0,grass ,1
field_goal,made,28.0,00-0029597,J.Tucker,BAL,PIT,2021,13,outdoors,50.0,7.0,grass ,1
field_goal,made,43.0,00-0031136,C.Boswell,PIT,BAL,2021,13,outdoors,50.0,7.0,grass ,1
field_goal,missed,56.0,00-0030332,B.Maher,NO,DAL,2021,13,dome,,,sportturf,0
field_goal,made,55.0,00-0029621,G.Zuerlein,DAL,NO,2021,13,dome,,,sportturf,1
field_goal,made,34.0,00-0029621,G.Zuerlein,DAL,NO,2021,13,dome,,,sportturf,1
field_goal,made,42.0,00-0030332,B.Maher,NO,DAL,2021,13,dome,,,sportturf,1
field_goal,made,56.0,00-0033303,H.Butker,KC,DEN,2021,13,outdoors,58.0,22.0,grass ,1
field_goal,made,42.0,00-0029822,B.McManus,DEN,KC,2021,13,outdoors,58.0,22.0,grass ,1
field_goal,made,45.0,00-0033303,H.Butker,KC,DEN,2021,13,outdoors,58.0,22.0,grass ,1
field_goal,made,26.0,00-0033303,H.Butker,KC,DEN,2021,13,outdoors,58.0,22.0,grass ,1
field_goal,missed,35.0,00-0034084,M.Badgley,IND,HOU,2021,13,closed,,,astroturf,0
field_goal,made,23.0,00-0034084,M.Badgley,IND,HOU,2021,13,closed,,,astroturf,1
field_goal,made,40.0,00-0035269,M.Gay,LA,JAX,2021,13,dome,,,matrixturf,1
field_goal,made,44.0,00-0035269,M.Gay,LA,JAX,2021,13,dome,,,matrixturf,1
field_goal,made,37.0,00-0035269,M.Gay,LA,JAX,2021,13,dome,,,matrixturf,1
field_goal,made,43.0,00-0030098,D.Hopkins,LAC,CIN,2021,13,outdoors,48.0,11.0,fieldturf,1
field_goal,made,48.0,00-0036854,E.McPherson,CIN,LAC,2021,13,outdoors,48.0,11.0,fieldturf,1
field_goal,made,43.0,00-0030098,D.Hopkins,LAC,CIN,2021,13,outdoors,48.0,11.0,fieldturf,1
field_goal,made,41.0,00-0034450,G.Joseph,MIN,DET,2021,13,dome,,,fieldturf,1
field_goal,made,31.0,00-0034450,G.Joseph,MIN,DET,2021,13,dome,,,fieldturf,1
field_goal,made,31.0,00-0036816,R.Patterson,DET,MIN,2021,13,dome,,,fieldturf,1
field_goal,made,41.0,00-0036816,R.Patterson,DET,MIN,2021,13,dome,,,fieldturf,1
field_goal,made,31.0,00-0034450,G.Joseph,MIN,DET,2021,13,dome,,,fieldturf,1
field_goal,made,49.0,00-0036816,R.Patterson,DET,MIN,2021,13,dome,,,fieldturf,1
field_goal,made,41.0,00-0025565,N.Folk,NE,BUF,2021,13,outdoors,36.0,27.0,a_turf,1
field_goal,made,35.0,00-0036162,T.Bass,BUF,NE,2021,13,outdoors,36.0,27.0,a_turf,1
field_goal,made,34.0,00-0025565,N.Folk,NE,BUF,2021,13,outdoors,36.0,27.0,a_turf,1
field_goal,missed,33.0,00-0036162,T.Bass,BUF,NE,2021,13,outdoors,36.0,27.0,a_turf,0
field_goal,made,39.0,00-0026858,G.Gano,NYG,MIA,2021,13,outdoors,80.0,11.0,grass ,1
field_goal,made,48.0,00-0034794,J.Sanders,MIA,NYG,2021,13,outdoors,80.0,11.0,grass ,1
field_goal,made,34.0,00-0026858,G.Gano,NYG,MIA,2021,13,outdoors,80.0,11.0,grass ,1
field_goal,missed,52.0,00-0034794,J.Sanders,MIA,NYG,2021,13,outdoors,80.0,11.0,grass ,0
field_goal,made,51.0,00-0026858,G.Gano,NYG,MIA,2021,13,outdoors,80.0,11.0,grass ,1
field_goal,made,48.0,00-0034794,J.Sanders,MIA,NYG,2021,13,outdoors,80.0,11.0,grass ,1
field_goal,missed,56.0,00-0026858,G.Gano,NYG,MIA,2021,13,outdoors,80.0,11.0,grass ,0
field_goal,made,31.0,00-0033787,J.Elliott,PHI,NYJ,2021,13,outdoors,45.0,0.0,fieldturf,1
field_goal,made,32.0,00-0033787,J.Elliott,PHI,NYJ,2021,13,outdoors,45.0,0.0,fieldturf,1
field_goal,made,43.0,00-0033787,J.Elliott,PHI,NYJ,2021,13,outdoors,45.0,0.0,fieldturf,1
field_goal,made,46.0,00-0033787,J.Elliott,PHI,NYJ,2021,13,outdoors,45.0,0.0,fieldturf,1
field_goal,missed,56.0,00-0031492,J.Myers,SEA,SF,2021,13,outdoors,41.0,4.0,fieldturf,0
field_goal,made,50.0,00-0023252,R.Gould,SF,SEA,2021,13,outdoors,41.0,4.0,fieldturf,1
field_goal,made,21.0,00-0033702,Y.Koo,ATL,TB,2021,13,closed,,,fieldturf,1
field_goal,made,31.0,00-0026968,R.Succop,TB,ATL,2021,13,closed,,,fieldturf,1
field_goal,made,52.0,00-0034161,D.Carlson,LV,WAS,2021,13,dome,,,grass,1
field_goal,made,38.0,00-0034161,D.Carlson,LV,WAS,2021,13,dome,,,grass,1
field_goal,made,37.0,00-0034161,D.Carlson,LV,WAS,2021,13,dome,,,grass,1
field_goal,made,48.0,00-0036703,B.Johnson,WAS,LV,2021,13,dome,,,grass,1
field_goal,made,32.0,00-0033702,Y.Koo,ATL,CAR,2021,14,outdoors,48.0,9.0,grass ,1
field_goal,made,38.0,00-0033702,Y.Koo,ATL,CAR,2021,14,outdoors,48.0,9.0,grass ,1
field_goal,made,48.0,00-0033702,Y.Koo,ATL,CAR,2021,14,outdoors,48.0,9.0,grass ,1
field_goal,made,43.0,00-0035358,C.McLaughlin,CLE,BAL,2021,14,outdoors,46.0,14.0,grass ,1
field_goal,made,50.0,00-0029597,J.Tucker,BAL,CLE,2021,14,outdoors,46.0,14.0,grass ,1
field_goal,made,42.0,00-0029597,J.Tucker,BAL,CLE,2021,14,outdoors,46.0,14.0,grass ,1
field_goal,made,55.0,00-0029597,J.Tucker,BAL,CLE,2021,14,outdoors,46.0,14.0,grass ,1
field_goal,missed,41.0,00-0035358,C.McLaughlin,CLE,BAL,2021,14,outdoors,46.0,14.0,grass ,0
field_goal,made,23.0,00-0026968,R.Succop,TB,BUF,2021,14,outdoors,82.0,4.0,grass ,1
field_goal,made,21.0,00-0036162,T.Bass,BUF,TB,2021,14,outdoors,82.0,4.0,grass ,1
field_goal,made,24.0,00-0026968,R.Succop,TB,BUF,2021,14,outdoors,82.0,4.0,grass ,1
field_goal,made,25.0,00-0036162,T.Bass,BUF,TB,2021,14,outdoors,82.0,4.0,grass ,1
field_goal,made,23.0,00-0031203,C.Santos,CHI,GB,2021,14,outdoors,36.0,8.0,grass ,1
field_goal,made,44.0,00-0031203,C.Santos,CHI,GB,2021,14,outdoors,36.0,8.0,grass ,1
field_goal,made,20.0,00-0025580,M.Crosby,GB,CHI,2021,14,outdoors,36.0,8.0,grass ,1
field_goal,made,43.0,00-0031203,C.Santos,CHI,GB,2021,14,outdoors,36.0,8.0,grass ,1
field_goal,made,35.0,00-0029621,G.Zuerlein,DAL,WAS,2021,14,outdoors,48.0,17.0,grass ,1
field_goal,made,38.0,00-0029621,G.Zuerlein,DAL,WAS,2021,14,outdoors,48.0,17.0,grass ,1
field_goal,made,37.0,00-0029621,G.Zuerlein,DAL,WAS,2021,14,outdoors,48.0,17.0,grass ,1
field_goal,made,29.0,00-0029621,G.Zuerlein,DAL,WAS,2021,14,outdoors,48.0,17.0,grass ,1
field_goal,made,36.0,00-0036816,R.Patterson,DET,DEN,2021,14,outdoors,63.0,8.0,grass ,1
field_goal,made,52.0,00-0029822,B.McManus,DEN,DET,2021,14,outdoors,63.0,8.0,grass ,1
field_goal,missed,47.0,00-0029421,R.Bullock,TEN,JAX,2021,14,outdoors,45.0,0.0,grass ,0
field_goal,made,44.0,00-0029421,R.Bullock,TEN,JAX,2021,14,outdoors,45.0,0.0,grass ,1
field_goal,made,29.0,00-0029421,R.Bullock,TEN,JAX,2021,14,outdoors,45.0,0.0,grass ,1
field_goal,made,53.0,00-0023853,M.Prater,ARI,LA,2021,14,open,,,grass ,1
field_goal,made,55.0,00-0035269,M.Gay,LA,ARI,2021,14,open,,,grass ,1
field_goal,made,35.0,00-0035269,M.Gay,LA,ARI,2021,14,open,,,grass ,1
field_goal,made,53.0,00-0023853,M.Prater,ARI,LA,2021,14,open,,,grass ,1
field_goal,made,33.0,00-0035269,M.Gay,LA,ARI,2021,14,open,,,grass ,1
field_goal,made,49.0,00-0023853,M.Prater,ARI,LA,2021,14,open,,,grass ,1
field_goal,made,26.0,00-0034161,D.Carlson,LV,KC,2021,14,outdoors,47.0,19.0,grass ,1
field_goal,made,54.0,00-0033303,H.Butker,KC,LV,2021,14,outdoors,47.0,19.0,grass ,1
field_goal,made,37.0,00-0033303,H.Butker,KC,LV,2021,14,outdoors,47.0,19.0,grass ,1
field_goal,made,23.0,00-0030332,B.Maher,NO,NYJ,2021,14,outdoors,46.0,13.0,fieldturf,1
field_goal,made,36.0,00-0034173,E.Pineiro,NYJ,NO,2021,14,outdoors,46.0,13.0,fieldturf,1
field_goal,made,46.0,00-0034173,E.Pineiro,NYJ,NO,2021,14,outdoors,46.0,13.0,fieldturf,1
field_goal,made,31.0,00-0030332,B.Maher,NO,NYJ,2021,14,outdoors,46.0,13.0,fieldturf,1
field_goal,made,37.0,00-0030332,B.Maher,NO,NYJ,2021,14,outdoors,46.0,13.0,fieldturf,1
field_goal,made,36.0,00-0034173,E.Pineiro,NYJ,NO,2021,14,outdoors,46.0,13.0,fieldturf,1
field_goal,made,27.0,00-0030098,D.Hopkins,LAC,NYG,2021,14,dome,,,matrixturf,1
field_goal,made,28.0,00-0030098,D.Hopkins,LAC,NYG,2021,14,dome,,,matrixturf,1
field_goal,made,39.0,00-0030098,D.Hopkins,LAC,NYG,2021,14,dome,,,matrixturf,1
field_goal,missed,53.0,00-0034450,G.Joseph,MIN,PIT,2021,14,dome,,,sportturf,0
field_goal,missed,49.0,00-0031136,C.Boswell,PIT,MIN,2021,14,dome,,,sportturf,0
field_goal,made,38.0,00-0034450,G.Joseph,MIN,PIT,2021,14,dome,,,sportturf,1
field_goal,made,42.0,00-0034450,G.Joseph,MIN,PIT,2021,14,dome,,,sportturf,1
field_goal,made,25.0,00-0034450,G.Joseph,MIN,PIT,2021,14,dome,,,sportturf,1
field_goal,made,38.0,00-0031492,J.Myers,SEA,HOU,2021,14,open,,,astroturf,1
field_goal,made,21.0,00-0032726,K.Fairbairn,HOU,SEA,2021,14,open,,,astroturf,1
field_goal,made,61.0,00-0032726,K.Fairbairn,HOU,SEA,2021,14,open,,,astroturf,1
field_goal,made,38.0,00-0031492,J.Myers,SEA,HOU,2021,14,open,,,astroturf,1
field_goal,made,33.0,00-0023252,R.Gould,SF,CIN,2021,14,outdoors,48.0,9.0,fieldturf,1
field_goal,made,37.0,00-0036854,E.McPherson,CIN,SF,2021,14,outdoors,48.0,9.0,fieldturf,1
field_goal,made,28.0,00-0036854,E.McPherson,CIN,SF,2021,14,outdoors,48.0,9.0,fieldturf,1
field_goal,made,24.0,00-0023252,R.Gould,SF,CIN,2021,14,outdoors,48.0,9.0,fieldturf,1
field_goal,missed,46.0,00-0036854,E.McPherson,CIN,SF,2021,14,outdoors,48.0,9.0,fieldturf,0
field_goal,missed,47.0,00-0023252,R.Gould,SF,CIN,2021,14,outdoors,48.0,9.0,fieldturf,0
field_goal,made,41.0,00-0036854,E.McPherson,CIN,SF,2021,14,outdoors,48.0,9.0,fieldturf,1
field_goal,made,37.0,00-0036816,R.Patterson,DET,ARI,2021,15,dome,,,fieldturf,1
field_goal,made,29.0,00-0023853,M.Prater,ARI,DET,2021,15,dome,,,fieldturf,1
field_goal,made,29.0,00-0023853,M.Prater,ARI,DET,2021,15,dome,,,fieldturf,1
field_goal,made,47.0,00-0036816,R.Patterson,DET,ARI,2021,15,dome,,,fieldturf,1
field_goal,made,45.0,00-0036816,R.Patterson,DET,ARI,2021,15,dome,,,fieldturf,1
field_goal,made,48.0,00-0033702,Y.Koo,ATL,SF,2021,15,outdoors,46.0,0.0,grass,1
field_goal,made,30.0,00-0023252,R.Gould,SF,ATL,2021,15,outdoors,46.0,0.0,grass,1
field_goal,made,22.0,00-0033702,Y.Koo,ATL,SF,2021,15,outdoors,46.0,0.0,grass,1
field_goal,made,26.0,00-0036162,T.Bass,BUF,CAR,2021,15,outdoors,30.0,8.0,a_turf,1
field_goal,made,53.0,00-0036854,E.McPherson,CIN,DEN,2021,15,outdoors,61.0,19.0,grass,1
field_goal,made,54.0,00-0029822,B.McManus,DEN,CIN,2021,15,outdoors,61.0,19.0,grass,1
field_goal,missed,51.0,00-0029822,B.McManus,DEN,CIN,2021,15,outdoors,61.0,19.0,grass,0
field_goal,made,58.0,00-0036854,E.McPherson,CIN,DEN,2021,15,outdoors,61.0,19.0,grass,1
field_goal,made,26.0,00-0036854,E.McPherson,CIN,DEN,2021,15,outdoors,61.0,19.0,grass,1
field_goal,made,35.0,00-0026858,G.Gano,NYG,DAL,2021,15,outdoors,37.0,8.0,fieldturf,1
field_goal,made,26.0,00-0029621,G.Zuerlein,DAL,NYG,2021,15,outdoors,37.0,8.0,fieldturf,1
field_goal,made,42.0,00-0029621,G.Zuerlein,DAL,NYG,2021,15,outdoors,37.0,8.0,fieldturf,1
field_goal,made,27.0,00-0029621,G.Zuerlein,DAL,NYG,2021,15,outdoors,37.0,8.0,fieldturf,1
field_goal,made,42.0,00-0026858,G.Gano,NYG,DAL,2021,15,outdoors,37.0,8.0,fieldturf,1
field_goal,made,38.0,00-0029597,J.Tucker,BAL,GB,2021,15,outdoors,43.0,11.0,grass,1
field_goal,made,29.0,00-0025580,M.Crosby,GB,BAL,2021,15,outdoors,43.0,11.0,grass,1
field_goal,made,22.0,00-0035189,M.Wright,JAX,HOU,2021,15,outdoors,80.0,12.0,grass,1
field_goal,made,52.0,00-0032726,K.Fairbairn,HOU,JAX,2021,15,outdoors,80.0,12.0,grass,1
field_goal,made,51.0,00-0032726,K.Fairbairn,HOU,JAX,2021,15,outdoors,80.0,12.0,grass,1
field_goal,made,25.0,00-0032726,K.Fairbairn,HOU,JAX,2021,15,outdoors,80.0,12.0,grass,1
field_goal,made,38.0,00-0035189,M.Wright,JAX,HOU,2021,15,outdoors,80.0,12.0,grass,1
field_goal,made,35.0,00-0035189,M.Wright,JAX,HOU,2021,15,outdoors,80.0,12.0,grass,1
field_goal,made,30.0,00-0033303,H.Butker,KC,LAC,2021,15,dome,,,matrixturf,1
field_goal,made,33.0,00-0033303,H.Butker,KC,LAC,2021,15,dome,,,matrixturf,1
field_goal,made,24.0,00-0034161,D.Carlson,LV,CLE,2021,15,outdoors,40.0,8.0,grass,1
field_goal,missed,47.0,00-0035358,C.McLaughlin,CLE,LV,2021,15,outdoors,40.0,8.0,grass,0
field_goal,made,40.0,00-0034161,D.Carlson,LV,CLE,2021,15,outdoors,40.0,8.0,grass,1
field_goal,made,48.0,00-0034161,D.Carlson,LV,CLE,2021,15,outdoors,40.0,8.0,grass,1
field_goal,made,37.0,00-0034450,G.Joseph,MIN,CHI,2021,15,outdoors,37.0,8.0,grass,1
field_goal,made,34.0,00-0031203,C.Santos,CHI,MIN,2021,15,outdoors,37.0,8.0,grass,1
field_goal,blocked,49.0,00-0031203,C.Santos,CHI,MIN,2021,15,outdoors,37.0,8.0,grass,0
field_goal,made,25.0,00-0034084,M.Badgley,IND,NE,2021,15,closed,,,fieldturf,1
field_goal,made,41.0,00-0034084,M.Badgley,IND,NE,2021,15,closed,,,fieldturf,1
field_goal,missed,49.0,00-0034084,M.Badgley,IND,NE,2021,15,closed,,,fieldturf,0
field_goal,made,25.0,00-0025565,N.Folk,NE,IND,2021,15,closed,,,fieldturf,1
field_goal,made,39.0,00-0030332,B.Maher,NO,TB,2021,15,outdoors,75.0,0.0,grass,1
field_goal,made,35.0,00-0030332,B.Maher,NO,TB,2021,15,outdoors,75.0,0.0,grass,1
field_goal,missed,45.0,00-0026968,R.Succop,TB,NO,2021,15,outdoors,75.0,0.0,grass,0
field_goal,made,42.0,00-0030332,B.Maher,NO,TB,2021,15,outdoors,75.0,0.0,grass,1
field_goal,made,27.0,00-0034173,E.Pineiro,NYJ,MIA,2021,15,outdoors,82.0,9.0,grass,1
field_goal,made,24.0,00-0034794,J.Sanders,MIA,NYJ,2021,15,outdoors,82.0,9.0,grass,1
field_goal,made,55.0,00-0035269,M.Gay,LA,SEA,2021,15,dome,,,matrixturf,1
field_goal,made,39.0,00-0031492,J.Myers,SEA,LA,2021,15,dome,,,matrixturf,1
field_goal,made,35.0,00-0035269,M.Gay,LA,SEA,2021,15,dome,,,matrixturf,1
field_goal,made,26.0,00-0029421,R.Bullock,TEN,PIT,2021,15,outdoors,32.0,11.0,grass,1
field_goal,made,36.0,00-0031136,C.Boswell,PIT,TEN,2021,15,outdoors,32.0,11.0,grass,1
field_goal,made,32.0,00-0029421,R.Bullock,TEN,PIT,2021,15,outdoors,32.0,11.0,grass,1
field_goal,missed,56.0,00-0031136,C.Boswell,PIT,TEN,2021,15,outdoors,32.0,11.0,grass,0
field_goal,made,28.0,00-0031136,C.Boswell,PIT,TEN,2021,15,outdoors,32.0,11.0,grass,1
field_goal,made,46.0,00-0031136,C.Boswell,PIT,TEN,2021,15,outdoors,32.0,11.0,grass,1
field_goal,made,48.0,00-0031136,C.Boswell,PIT,TEN,2021,15,outdoors,32.0,11.0,grass,1
field_goal,made,22.0,00-0036703,B.Johnson,WAS,PHI,2021,15,outdoors,42.0,7.0,grass,1
field_goal,made,20.0,00-0033787,J.Elliott,PHI,WAS,2021,15,outdoors,42.0,7.0,grass,1
field_goal,made,37.0,00-0033787,J.Elliott,PHI,WAS,2021,15,outdoors,42.0,7.0,grass,1
field_goal,made,30.0,00-0036854,E.McPherson,CIN,BAL,2021,16,outdoors,52.0,0.0,fieldturf,1
field_goal,made,36.0,00-0036854,E.McPherson,CIN,BAL,2021,16,outdoors,52.0,0.0,fieldturf,1
field_goal,missed,50.0,00-0036854,E.McPherson,CIN,BAL,2021,16,outdoors,52.0,0.0,fieldturf,0
field_goal,made,25.0,00-0036162,T.Bass,BUF,NE,2021,16,outdoors,38.0,13.0,fieldturf,1
field_goal,made,34.0,00-0036162,T.Bass,BUF,NE,2021,16,outdoors,38.0,13.0,fieldturf,1
field_goal,made,36.0,00-0031492,J.Myers,SEA,CHI,2021,16,outdoors,25.0,11.0,fieldturf,1
field_goal,made,35.0,00-0031203,C.Santos,CHI,SEA,2021,16,outdoors,25.0,11.0,fieldturf,1
field_goal,missed,39.0,00-0031492,J.Myers,SEA,CHI,2021,16,outdoors,25.0,11.0,fieldturf,0
field_goal,made,32.0,00-0025580,M.Crosby,GB,CLE,2021,16,outdoors,35.0,11.0,grass,1
field_goal,made,37.0,00-0036515,C.Naggar,CLE,GB,2021,16,outdoors,35.0,11.0,grass,1
field_goal,made,49.0,00-0029822,B.McManus,DEN,LV,2021,16,dome,,,grass,1
field_goal,made,55.0,00-0029822,B.McManus,DEN,LV,2021,16,dome,,,grass,1
field_goal,missed,55.0,00-0029822,B.McManus,DEN,LV,2021,16,dome,,,grass,0
field_goal,made,41.0,00-0034161,D.Carlson,LV,DEN,2021,16,dome,,,grass,1
field_goal,made,26.0,00-0036816,R.Patterson,DET,ATL,2021,16,open,,,fieldturf,1
field_goal,made,53.0,00-0033702,Y.Koo,ATL,DET,2021,16,open,,,fieldturf,1
field_goal,made,48.0,00-0033702,Y.Koo,ATL,DET,2021,16,open,,,fieldturf,1
field_goal,made,37.0,00-0036816,R.Patterson,DET,ATL,2021,16,open,,,fieldturf,1
field_goal,made,26.0,00-0036816,R.Patterson,DET,ATL,2021,16,open,,,fieldturf,1
field_goal,missed,51.0,00-0023853,M.Prater,ARI,IND,2021,16,closed,,,grass,0
field_goal,missed,53.0,00-0034084,M.Badgley,IND,ARI,2021,16,closed,,,grass,0
field_goal,made,41.0,00-0034084,M.Badgley,IND,ARI,2021,16,closed,,,grass,1
field_goal,made,37.0,00-0034084,M.Badgley,IND,ARI,2021,16,closed,,,grass,1
field_goal,missed,41.0,00-0023853,M.Prater,ARI,IND,2021,16,closed,,,grass,0
field_goal,made,28.0,00-0023853,M.Prater,ARI,IND,2021,16,closed,,,grass,1
field_goal,made,21.0,00-0035189,M.Wright,JAX,NYJ,2021,16,outdoors,47.0,0.0,fieldturf,1
field_goal,made,45.0,00-0035189,M.Wright,JAX,NYJ,2021,16,outdoors,47.0,0.0,fieldturf,1
field_goal,made,42.0,00-0034173,E.Pineiro,NYJ,JAX,2021,16,outdoors,47.0,0.0,fieldturf,1
field_goal,made,40.0,00-0035189,M.Wright,JAX,NYJ,2021,16,outdoors,47.0,0.0,fieldturf,1
field_goal,made,20.0,00-0034173,E.Pineiro,NYJ,JAX,2021,16,outdoors,47.0,0.0,fieldturf,1
field_goal,made,50.0,00-0030098,D.Hopkins,LAC,HOU,2021,16,closed,,,astroturf,1
field_goal,made,46.0,00-0030098,D.Hopkins,LAC,HOU,2021,16,closed,,,astroturf,1
field_goal,made,51.0,00-0036168,D.Eberle,HOU,LAC,2021,16,closed,,,astroturf,1
field_goal,missed,52.0,00-0036168,D.Eberle,HOU,LAC,2021,16,closed,,,astroturf,0
field_goal,made,35.0,00-0030098,D.Hopkins,LAC,HOU,2021,16,closed,,,astroturf,1
field_goal,made,25.0,00-0036168,D.Eberle,HOU,LAC,2021,16,closed,,,astroturf,1
field_goal,made,32.0,00-0035269,M.Gay,LA,MIN,2021,16,dome,,,sportturf,1
field_goal,made,23.0,00-0034450,G.Joseph,MIN,LA,2021,16,dome,,,sportturf,1
field_goal,made,31.0,00-0035269,M.Gay,LA,MIN,2021,16,dome,,,sportturf,1
field_goal,made,24.0,00-0034450,G.Joseph,MIN,LA,2021,16,dome,,,sportturf,1
field_goal,made,24.0,00-0035269,M.Gay,LA,MIN,2021,16,dome,,,sportturf,1
field_goal,made,44.0,00-0034450,G.Joseph,MIN,LA,2021,16,dome,,,sportturf,1
field_goal,made,48.0,00-0034794,J.Sanders,MIA,NO,2021,16,dome,,,sportturf,1
field_goal,made,38.0,00-0030332,B.Maher,NO,MIA,2021,16,dome,,,sportturf,1
field_goal,missed,59.0,00-0034794,J.Sanders,MIA,NO,2021,16,dome,,,sportturf,0
field_goal,made,34.0,00-0034794,J.Sanders,MIA,NO,2021,16,dome,,,sportturf,1
field_goal,made,54.0,00-0026858,G.Gano,NYG,PHI,2021,16,outdoors,53.0,9.0,grass,1
field_goal,missed,41.0,00-0033787,J.Elliott,PHI,NYG,2021,16,outdoors,53.0,9.0,grass,0
field_goal,made,22.0,00-0033787,J.Elliott,PHI,NYG,2021,16,outdoors,53.0,9.0,grass,1
field_goal,made,37.0,00-0033787,J.Elliott,PHI,NYG,2021,16,outdoors,53.0,9.0,grass,1
field_goal,made,44.0,00-0034921,E.Fry,KC,PIT,2021,16,outdoors,60.0,22.0,grass,1
field_goal,missed,36.0,00-0031136,C.Boswell,PIT,KC,2021,16,outdoors,60.0,22.0,grass,0
field_goal,missed,39.0,00-0034921,E.Fry,KC,PIT,2021,16,outdoors,60.0,22.0,grass,0
field_goal,made,34.0,00-0031136,C.Boswell,PIT,KC,2021,16,outdoors,60.0,22.0,grass,1
field_goal,made,34.0,00-0034921,E.Fry,KC,PIT,2021,16,outdoors,60.0,22.0,grass,1
field_goal,made,30.0,00-0034921,E.Fry,KC,PIT,2021,16,outdoors,60.0,22.0,grass,1
field_goal,made,48.0,00-0023252,R.Gould,SF,TEN,2021,16,outdoors,48.0,7.0,grass,1
field_goal,made,38.0,00-0029421,R.Bullock,TEN,SF,2021,16,outdoors,48.0,7.0,grass,1
field_goal,made,44.0,00-0029421,R.Bullock,TEN,SF,2021,16,outdoors,48.0,7.0,grass,1
field_goal,made,24.0,00-0035758,L.Hajrullahu,CAR,TB,2021,16,outdoors,73.0,8.0,grass,1
field_goal,made,36.0,00-0026968,R.Succop,TB,CAR,2021,16,outdoors,73.0,8.0,grass,1
field_goal,made,29.0,00-0035758,L.Hajrullahu,CAR,TB,2021,16,outdoors,73.0,8.0,grass,1
field_goal,made,43.0,00-0026968,R.Succop,TB,CAR,2021,16,outdoors,73.0,8.0,grass,1
field_goal,made,21.0,00-0026968,R.Succop,TB,CAR,2021,16,outdoors,73.0,8.0,grass,1
field_goal,made,48.0,00-0026968,R.Succop,TB,CAR,2021,16,outdoors,73.0,8.0,grass,1
field_goal,made,24.0,00-0023853,M.Prater,ARI,DAL,2021,17,closed,,,matrixturf,1
field_goal,missed,43.0,00-0029621,G.Zuerlein,DAL,ARI,2021,17,closed,,,matrixturf,0
field_goal,made,53.0,00-0023853,M.Prater,ARI,DAL,2021,17,closed,,,matrixturf,1
field_goal,made,26.0,00-0023853,M.Prater,ARI,DAL,2021,17,closed,,,matrixturf,1
field_goal,made,38.0,00-0023853,M.Prater,ARI,DAL,2021,17,closed,,,matrixturf,1
field_goal,made,28.0,00-0033702,Y.Koo,ATL,BUF,2021,17,outdoors,26.0,11.0,a_turf,1
field_goal,made,24.0,00-0033702,Y.Koo,ATL,BUF,2021,17,outdoors,26.0,11.0,a_turf,1
field_goal,made,32.0,00-0035758,L.Hajrullahu,CAR,NO,2021,17,dome,,,sportturf,1
field_goal,made,41.0,00-0030332,B.Maher,NO,CAR,2021,17,dome,,,sportturf,1
field_goal,made,27.0,00-0030332,B.Maher,NO,CAR,2021,17,dome,,,sportturf,1
field_goal,made,41.0,00-0030332,B.Maher,NO,CAR,2021,17,dome,,,sportturf,1
field_goal,made,33.0,00-0030332,B.Maher,NO,CAR,2021,17,dome,,,sportturf,1
field_goal,missed,47.0,00-0035758,L.Hajrullahu,CAR,NO,2021,17,dome,,,sportturf,0
field_goal,made,22.0,00-0031136,C.Boswell,PIT,CLE,2021,17,outdoors,25.0,12.0,grass,1
field_goal,made,30.0,00-0031136,C.Boswell,PIT,CLE,2021,17,outdoors,25.0,12.0,grass,1
field_goal,made,50.0,00-0031136,C.Boswell,PIT,CLE,2021,17,outdoors,25.0,12.0,grass,1
field_goal,made,48.0,00-0031136,C.Boswell,PIT,CLE,2021,17,outdoors,25.0,12.0,grass,1
field_goal,made,19.0,00-0030098,D.Hopkins,LAC,DEN,2021,17,dome,,,matrixturf,1
field_goal,made,61.0,00-0029822,B.McManus,DEN,LAC,2021,17,dome,,,matrixturf,1
field_goal,made,23.0,00-0030098,D.Hopkins,LAC,DEN,2021,17,dome,,,matrixturf,1
field_goal,made,23.0,00-0029822,B.McManus,DEN,LAC,2021,17,dome,,,matrixturf,1
field_goal,made,51.0,00-0031492,J.Myers,SEA,DET,2021,17,outdoors,37.0,0.0,fieldturf,1
field_goal,missed,55.0,00-0036816,R.Patterson,DET,SEA,2021,17,outdoors,37.0,0.0,fieldturf,0
field_goal,made,36.0,00-0031492,J.Myers,SEA,DET,2021,17,outdoors,37.0,0.0,fieldturf,1
field_goal,made,42.0,00-0031492,J.Myers,SEA,DET,2021,17,outdoors,37.0,0.0,fieldturf,1
field_goal,made,37.0,00-0023252,R.Gould,SF,HOU,2021,17,outdoors,50.0,6.0,grass,1
field_goal,missed,45.0,00-0032726,K.Fairbairn,HOU,SF,2021,17,outdoors,50.0,6.0,grass,0
field_goal,made,27.0,00-0023252,R.Gould,SF,HOU,2021,17,outdoors,50.0,6.0,grass,1
field_goal,made,36.0,00-0023252,R.Gould,SF,HOU,2021,17,outdoors,50.0,6.0,grass,1
field_goal,made,29.0,00-0035189,M.Wright,JAX,NE,2021,17,outdoors,46.0,4.0,fieldturf,1
field_goal,made,43.0,00-0025565,N.Folk,NE,JAX,2021,17,outdoors,46.0,4.0,fieldturf,1
field_goal,made,46.0,00-0036854,E.McPherson,CIN,KC,2021,17,outdoors,33.0,13.0,fieldturf,1
field_goal,made,34.0,00-0033303,H.Butker,KC,CIN,2021,17,outdoors,33.0,13.0,fieldturf,1
field_goal,made,20.0,00-0036854,E.McPherson,CIN,KC,2021,17,outdoors,33.0,13.0,fieldturf,1
field_goal,missed,56.0,00-0035269,M.Gay,LA,BAL,2021,17,outdoors,59.0,6.0,grass,0
field_goal,made,22.0,00-0029597,J.Tucker,BAL,LA,2021,17,outdoors,59.0,6.0,grass,1
field_goal,made,46.0,00-0029597,J.Tucker,BAL,LA,2021,17,outdoors,59.0,6.0,grass,1
field_goal,made,46.0,00-0029597,J.Tucker,BAL,LA,2021,17,outdoors,59.0,6.0,grass,1
field_goal,made,34.0,00-0029597,J.Tucker,BAL,LA,2021,17,outdoors,59.0,6.0,grass,1
field_goal,made,47.0,00-0034161,D.Carlson,LV,IND,2021,17,closed,,,fieldturf,1
field_goal,made,46.0,00-0034084,M.Badgley,IND,LV,2021,17,closed,,,fieldturf,1
field_goal,made,44.0,00-0034161,D.Carlson,LV,IND,2021,17,closed,,,fieldturf,1
field_goal,made,41.0,00-0034084,M.Badgley,IND,LV,2021,17,closed,,,fieldturf,1
field_goal,made,33.0,00-0034161,D.Carlson,LV,IND,2021,17,closed,,,fieldturf,1
field_goal,made,23.0,00-0029421,R.Bullock,TEN,MIA,2021,17,outdoors,43.0,13.0,grass,1
field_goal,made,39.0,00-0034794,J.Sanders,MIA,TEN,2021,17,outdoors,43.0,13.0,grass,1
field_goal,blocked,53.0,00-0034794,J.Sanders,MIA,TEN,2021,17,outdoors,43.0,13.0,grass,0
field_goal,made,44.0,00-0029421,R.Bullock,TEN,MIA,2021,17,outdoors,43.0,13.0,grass,1
field_goal,made,35.0,00-0025580,M.Crosby,GB,MIN,2021,17,outdoors,11.0,9.0,grass,1
field_goal,made,36.0,00-0025580,M.Crosby,GB,MIN,2021,17,outdoors,11.0,9.0,grass,1
field_goal,made,51.0,00-0034450,G.Joseph,MIN,GB,2021,17,outdoors,11.0,9.0,grass,1
field_goal,made,37.0,00-0025580,M.Crosby,GB,MIN,2021,17,outdoors,11.0,9.0,grass,1
field_goal,made,38.0,00-0026858,G.Gano,NYG,CHI,2021,17,outdoors,25.0,13.0,grass,1
field_goal,made,21.0,00-0031203,C.Santos,CHI,NYG,2021,17,outdoors,25.0,13.0,grass,1
field_goal,made,44.0,00-0031203,C.Santos,CHI,NYG,2021,17,outdoors,25.0,13.0,grass,1
field_goal,made,31.0,00-0035192,J.Slye,WAS,PHI,2021,17,outdoors,62.0,4.0,grass,1
field_goal,made,39.0,00-0035192,J.Slye,WAS,PHI,2021,17,outdoors,62.0,4.0,grass,1
field_goal,made,55.0,00-0035192,J.Slye,WAS,PHI,2021,17,outdoors,62.0,4.0,grass,1
field_goal,made,42.0,00-0033787,J.Elliott,PHI,WAS,2021,17,outdoors,62.0,4.0,grass,1
field_goal,made,41.0,00-0033787,J.Elliott,PHI,WAS,2021,17,outdoors,62.0,4.0,grass,1
field_goal,made,39.0,00-0026968,R.Succop,TB,NYJ,2021,17,outdoors,57.0,9.0,fieldturf,1
field_goal,made,51.0,00-0034173,E.Pineiro,NYJ,TB,2021,17,outdoors,57.0,9.0,fieldturf,1
field_goal,made,27.0,00-0026968,R.Succop,TB,NYJ,2021,17,outdoors,57.0,9.0,fieldturf,1
field_goal,made,39.0,00-0026968,R.Succop,TB,CAR,2021,18,outdoors,80.0,4.0,grass,1
field_goal,made,35.0,00-0035758,L.Hajrullahu,CAR,TB,2021,18,outdoors,80.0,4.0,grass,1
field_goal,made,40.0,00-0026968,R.Succop,TB,CAR,2021,18,outdoors,80.0,4.0,grass,1
field_goal,missed,46.0,00-0026968,R.Succop,TB,CAR,2021,18,outdoors,80.0,4.0,grass,0
field_goal,made,43.0,00-0031203,C.Santos,CHI,MIN,2021,18,dome,,,sportturf,1
field_goal,made,46.0,00-0031203,C.Santos,CHI,MIN,2021,18,dome,,,sportturf,1
field_goal,made,39.0,00-0034450,G.Joseph,MIN,CHI,2021,18,dome,,,sportturf,1
field_goal,made,42.0,00-0031203,C.Santos,CHI,MIN,2021,18,dome,,,sportturf,1
field_goal,made,36.0,00-0034921,E.Fry,CIN,CLE,2021,18,outdoors,38.0,22.0,grass,1
field_goal,made,48.0,00-0029621,G.Zuerlein,DAL,PHI,2021,18,outdoors,31.0,8.0,grass,1
field_goal,made,38.0,00-0033787,J.Elliott,PHI,DAL,2021,18,outdoors,31.0,8.0,grass,1
field_goal,made,40.0,00-0033787,J.Elliott,PHI,DAL,2021,18,outdoors,31.0,8.0,grass,1
field_goal,made,34.0,00-0036816,R.Patterson,DET,GB,2021,18,dome,,,fieldturf,1
field_goal,made,36.0,00-0025580,M.Crosby,GB,DET,2021,18,dome,,,fieldturf,1
field_goal,made,36.0,00-0036816,R.Patterson,DET,GB,2021,18,dome,,,fieldturf,1
field_goal,made,27.0,00-0036816,R.Patterson,DET,GB,2021,18,dome,,,fieldturf,1
field_goal,made,41.0,00-0034084,M.Badgley,IND,JAX,2021,18,outdoors,76.0,19.0,grass,1
field_goal,made,22.0,00-0035189,M.Wright,JAX,IND,2021,18,outdoors,76.0,19.0,grass,1
field_goal,made,20.0,00-0035189,M.Wright,JAX,IND,2021,18,outdoors,76.0,19.0,grass,1
field_goal,made,39.0,00-0035189,M.Wright,JAX,IND,2021,18,outdoors,76.0,19.0,grass,1
field_goal,made,31.0,00-0035189,M.Wright,JAX,IND,2021,18,outdoors,76.0,19.0,grass,1
field_goal,made,34.0,00-0033303,H.Butker,KC,DEN,2021,18,outdoors,41.0,4.0,grass,1
field_goal,made,51.0,00-0033303,H.Butker,KC,DEN,2021,18,outdoors,41.0,4.0,grass,1
field_goal,made,31.0,00-0029822,B.McManus,DEN,KC,2021,18,outdoors,41.0,4.0,grass,1
field_goal,made,24.0,00-0034161,D.Carlson,LV,LAC,2021,18,dome,,,grass,1
field_goal,missed,51.0,00-0030098,D.Hopkins,LAC,LV,2021,18,dome,,,grass,0
field_goal,made,31.0,00-0034161,D.Carlson,LV,LAC,2021,18,dome,,,grass,1
field_goal,made,52.0,00-0034161,D.Carlson,LV,LAC,2021,18,dome,,,grass,1
field_goal,made,40.0,00-0034161,D.Carlson,LV,LAC,2021,18,dome,,,grass,1
field_goal,made,41.0,00-0030098,D.Hopkins,LAC,LV,2021,18,dome,,,grass,1
field_goal,made,47.0,00-0034161,D.Carlson,LV,LAC,2021,18,dome,,,grass,1
field_goal,made,30.0,00-0034794,J.Sanders,MIA,NE,2021,18,outdoors,75.0,8.0,grass,1
field_goal,made,43.0,00-0025565,N.Folk,NE,MIA,2021,18,outdoors,75.0,8.0,grass,1
field_goal,made,49.0,00-0034794,J.Sanders,MIA,NE,2021,18,outdoors,75.0,8.0,grass,1
field_goal,made,48.0,00-0033702,Y.Koo,ATL,NO,2021,18,closed,,,fieldturf,1
field_goal,missed,34.0,00-0030332,B.Maher,NO,ATL,2021,18,closed,,,fieldturf,0
field_goal,made,54.0,00-0033702,Y.Koo,ATL,NO,2021,18,closed,,,fieldturf,1
field_goal,made,37.0,00-0030332,B.Maher,NO,ATL,2021,18,closed,,,fieldturf,1
field_goal,made,27.0,00-0030332,B.Maher,NO,ATL,2021,18,closed,,,fieldturf,1
field_goal,made,33.0,00-0030332,B.Maher,NO,ATL,2021,18,closed,,,fieldturf,1
field_goal,made,41.0,00-0036162,T.Bass,BUF,NYJ,2021,18,outdoors,36.0,19.0,a_turf,1
field_goal,made,21.0,00-0036162,T.Bass,BUF,NYJ,2021,18,outdoors,36.0,19.0,a_turf,1
field_goal,made,49.0,00-0034173,E.Pineiro,NYJ,BUF,2021,18,outdoors,36.0,19.0,a_turf,1
field_goal,made,28.0,00-0031136,C.Boswell,PIT,BAL,2021,18,outdoors,36.0,0.0,grass,1
field_goal,made,24.0,00-0029597,J.Tucker,BAL,PIT,2021,18,outdoors,36.0,0.0,grass,1
field_goal,made,40.0,00-0031136,C.Boswell,PIT,BAL,2021,18,outdoors,36.0,0.0,grass,1
field_goal,made,46.0,00-0029597,J.Tucker,BAL,PIT,2021,18,outdoors,36.0,0.0,grass,1
field_goal,made,36.0,00-0031136,C.Boswell,PIT,BAL,2021,18,outdoors,36.0,0.0,grass,1
field_goal,made,41.0,00-0023853,M.Prater,ARI,SEA,2021,18,open,,,grass,1
field_goal,made,38.0,00-0031492,J.Myers,SEA,ARI,2021,18,open,,,grass,1
field_goal,made,30.0,00-0023853,M.Prater,ARI,SEA,2021,18,open,,,grass,1
field_goal,made,36.0,00-0023853,M.Prater,ARI,SEA,2021,18,open,,,grass,1
field_goal,made,43.0,00-0035269,M.Gay,LA,SF,2021,18,dome,,,matrixturf,1
field_goal,made,42.0,00-0023252,R.Gould,SF,LA,2021,18,dome,,,matrixturf,1
field_goal,made,24.0,00-0023252,R.Gould,SF,LA,2021,18,dome,,,matrixturf,1
field_goal,missed,42.0,00-0029421,R.Bullock,TEN,HOU,2021,18,closed,,,astroturf,0
field_goal,made,31.0,00-0032726,K.Fairbairn,HOU,TEN,2021,18,closed,,,astroturf,1
field_goal,made,23.0,00-0035192,J.Slye,WAS,NYG,2021,18,outdoors,38.0,0.0,fieldturf,1
field_goal,made,43.0,00-0035192,J.Slye,WAS,NYG,2021,18,outdoors,38.0,0.0,fieldturf,1
field_goal,made,23.0,00-0035192,J.Slye,WAS,NYG,2021,18,outdoors,38.0,0.0,fieldturf,1
field_goal,made,37.0,00-0035269,M.Gay,LA,ARI,2021,19,dome,,,matrixturf,1
field_goal,made,55.0,00-0023853,M.Prater,ARI,LA,2021,19,dome,,,matrixturf,1
field_goal,made,46.0,00-0035269,M.Gay,LA,ARI,2021,19,dome,,,matrixturf,1
field_goal,made,47.0,00-0034161,D.Carlson,LV,CIN,2021,19,outdoors,31.0,12.0,fieldturf,1
field_goal,made,31.0,00-0036854,E.McPherson,CIN,LV,2021,19,outdoors,31.0,12.0,fieldturf,1
field_goal,made,30.0,00-0036854,E.McPherson,CIN,LV,2021,19,outdoors,31.0,12.0,fieldturf,1
field_goal,made,28.0,00-0034161,D.Carlson,LV,CIN,2021,19,outdoors,31.0,12.0,fieldturf,1
field_goal,made,43.0,00-0036854,E.McPherson,CIN,LV,2021,19,outdoors,31.0,12.0,fieldturf,1
field_goal,made,34.0,00-0034161,D.Carlson,LV,CIN,2021,19,outdoors,31.0,12.0,fieldturf,1
field_goal,made,28.0,00-0036854,E.McPherson,CIN,LV,2021,19,outdoors,31.0,12.0,fieldturf,1
field_goal,made,28.0,00-0034161,D.Carlson,LV,CIN,2021,19,outdoors,31.0,12.0,fieldturf,1
field_goal,made,44.0,00-0025565,N.Folk,NE,BUF,2021,19,outdoors,7.0,8.0,a_turf,1
field_goal,made,34.0,00-0026968,R.Succop,TB,PHI,2021,19,outdoors,66.0,21.0,grass,1
field_goal,made,53.0,00-0023252,R.Gould,SF,DAL,2021,19,closed,,,matrixturf,1
field_goal,made,40.0,00-0023252,R.Gould,SF,DAL,2021,19,closed,,,matrixturf,1
field_goal,made,52.0,00-0023252,R.Gould,SF,DAL,2021,19,closed,,,matrixturf,1
field_goal,made,51.0,00-0029621,G.Zuerlein,DAL,SF,2021,19,closed,,,matrixturf,1
field_goal,missed,50.0,00-0033303,H.Butker,KC,BUF,2021,20,outdoors,35.0,6.0,grass,0
field_goal,made,39.0,00-0033303,H.Butker,KC,BUF,2021,20,outdoors,35.0,6.0,grass,1
field_goal,made,28.0,00-0033303,H.Butker,KC,BUF,2021,20,outdoors,35.0,6.0,grass,1
field_goal,made,49.0,00-0033303,H.Butker,KC,BUF,2021,20,outdoors,35.0,6.0,grass,1
field_goal,made,38.0,00-0036854,E.McPherson,CIN,TEN,2021,20,outdoors,35.0,0.0,grass,1
field_goal,made,45.0,00-0036854,E.McPherson,CIN,TEN,2021,20,outdoors,35.0,0.0,grass,1
field_goal,made,54.0,00-0036854,E.McPherson,CIN,TEN,2021,20,outdoors,35.0,0.0,grass,1
field_goal,made,34.0,00-0029421,R.Bullock,TEN,CIN,2021,20,outdoors,35.0,0.0,grass,1
field_goal,made,52.0,00-0036854,E.McPherson,CIN,TEN,2021,20,outdoors,35.0,0.0,grass,1
field_goal,made,26.0,00-0035269,M.Gay,LA,TB,2021,20,outdoors,50.0,11.0,grass,1
field_goal,made,45.0,00-0026968,R.Succop,TB,LA,2021,20,outdoors,50.0,11.0,grass,1
field_goal,missed,48.0,00-0026968,R.Succop,TB,LA,2021,20,outdoors,50.0,11.0,grass,0
field_goal,made,40.0,00-0035269,M.Gay,LA,TB,2021,20,outdoors,50.0,11.0,grass,1
field_goal,made,31.0,00-0026968,R.Succop,TB,LA,2021,20,outdoors,50.0,11.0,grass,1
field_goal,missed,47.0,00-0035269,M.Gay,LA,TB,2021,20,outdoors,50.0,11.0,grass,0
field_goal,made,30.0,00-0035269,M.Gay,LA,TB,2021,20,outdoors,50.0,11.0,grass,1
field_goal,blocked,39.0,00-0025580,M.Crosby,GB,SF,2021,20,outdoors,15.0,12.0,grass,0
field_goal,made,29.0,00-0023252,R.Gould,SF,GB,2021,20,outdoors,15.0,12.0,grass,1
field_goal,made,33.0,00-0025580,M.Crosby,GB,SF,2021,20,outdoors,15.0,12.0,grass,1
field_goal,made,45.0,00-0023252,R.Gould,SF,GB,2021,20,outdoors,15.0,12.0,grass,1
field_goal,made,32.0,00-0036854,E.McPherson,CIN,KC,2021,21,outdoors,41.0,4.0,grass,1
field_goal,made,31.0,00-0036854,E.McPherson,CIN,KC,2021,21,outdoors,41.0,4.0,grass,1
field_goal,made,52.0,00-0036854,E.McPherson,CIN,KC,2021,21,outdoors,41.0,4.0,grass,1
field_goal,made,44.0,00-0033303,H.Butker,KC,CIN,2021,21,outdoors,41.0,4.0,grass,1
field_goal,made,31.0,00-0036854,E.McPherson,CIN,KC,2021,21,outdoors,41.0,4.0,grass,1
field_goal,missed,54.0,00-0035269,M.Gay,LA,SF,2021,21,dome,,,matrixturf,0
field_goal,made,38.0,00-0023252,R.Gould,SF,LA,2021,21,dome,,,matrixturf,1
field_goal,made,40.0,00-0035269,M.Gay,LA,SF,2021,21,dome,,,matrixturf,1
field_goal,made,30.0,00-0035269,M.Gay,LA,SF,2021,21,dome,,,matrixturf,1
field_goal,made,29.0,00-0036854,E.McPherson,CIN,LA,2021,22,dome,,,matrixturf,1
field_goal,made,38.0,00-0036854,E.McPherson,CIN,LA,2021,22,dome,,,matrixturf,1
field_goal,made,41.0,00-0035269,M.Gay,LA,CIN,2021,22,dome,,,matrixturf,1
field_goal,made,24.0,00-0029597,J.Tucker,BAL,NYJ,2022,1,outdoors,,,fieldturf,1
field_goal,missed,45.0,00-0029621,G.Zuerlein,NYJ,BAL,2022,1,outdoors,,,fieldturf,0
field_goal,made,45.0,00-0029621,G.Zuerlein,NYJ,BAL,2022,1,outdoors,,,fieldturf,1
field_goal,made,41.0,00-0036162,T.Bass,BUF,LA,2022,1,dome,,,matrixturf,1
field_goal,made,57.0,00-0035269,M.Gay,LA,BUF,2022,1,dome,,,matrixturf,1
field_goal,made,26.0,00-0038097,C.York,CLE,CAR,2022,1,outdoors,,,grass,1
field_goal,made,34.0,00-0038097,C.York,CLE,CAR,2022,1,outdoors,,,grass,1
field_goal,made,36.0,00-0038097,C.York,CLE,CAR,2022,1,outdoors,,,grass,1
field_goal,made,34.0,00-0034173,E.Pineiro,CAR,CLE,2022,1,outdoors,,,grass,1
field_goal,made,58.0,00-0038097,C.York,CLE,CAR,2022,1,outdoors,,,grass,1
field_goal,made,30.0,00-0029822,B.McManus,DEN,SEA,2022,1,outdoors,,,fieldturf,1
field_goal,made,49.0,00-0031492,J.Myers,SEA,DEN,2022,1,outdoors,,,fieldturf,1
field_goal,made,40.0,00-0029822,B.McManus,DEN,SEA,2022,1,outdoors,,,fieldturf,1
field_goal,made,26.0,00-0029822,B.McManus,DEN,SEA,2022,1,outdoors,,,fieldturf,1
field_goal,missed,64.0,00-0029822,B.McManus,DEN,SEA,2022,1,outdoors,,,fieldturf,0
field_goal,made,28.0,00-0034450,G.Joseph,MIN,GB,2022,1,dome,,,sportturf,1
field_goal,made,56.0,00-0034450,G.Joseph,MIN,GB,2022,1,dome,,,sportturf,1
field_goal,made,29.0,00-0034450,G.Joseph,MIN,GB,2022,1,dome,,,sportturf,1
field_goal,made,45.0,00-0035849,R.Blankenship,IND,HOU,2022,1,closed,,,astroturf,1
field_goal,made,45.0,00-0032726,K.Fairbairn,HOU,IND,2022,1,closed,,,astroturf,1
field_goal,made,43.0,00-0032726,K.Fairbairn,HOU,IND,2022,1,closed,,,astroturf,1
field_goal,made,27.0,00-0035849,R.Blankenship,IND,HOU,2022,1,closed,,,astroturf,1
field_goal,missed,42.0,00-0035849,R.Blankenship,IND,HOU,2022,1,closed,,,astroturf,0
field_goal,made,33.0,00-0036816,R.Patterson,JAX,WAS,2022,1,outdoors,,,grass,1
field_goal,missed,37.0,00-0036816,R.Patterson,JAX,WAS,2022,1,outdoors,,,grass,0
field_goal,made,43.0,00-0036816,R.Patterson,JAX,WAS,2022,1,outdoors,,,grass,1
field_goal,made,45.0,00-0036816,R.Patterson,JAX,WAS,2022,1,outdoors,,,grass,1
field_goal,made,54.0,00-0033303,H.Butker,KC,ARI,2022,1,closed,,,grass,1
field_goal,made,43.0,00-0030098,D.Hopkins,LAC,LV,2022,1,dome,,,matrixturf,1
field_goal,made,23.0,00-0034161,D.Carlson,LV,LAC,2022,1,dome,,,matrixturf,1
field_goal,made,55.0,00-0034161,D.Carlson,LV,LAC,2022,1,dome,,,matrixturf,1
field_goal,missed,49.0,00-0030098,D.Hopkins,LAC,LV,2022,1,dome,,,matrixturf,0
field_goal,made,43.0,00-0034794,J.Sanders,MIA,NE,2022,1,outdoors,,,grass,1
field_goal,made,49.0,00-0034794,J.Sanders,MIA,NE,2022,1,outdoors,,,grass,1
field_goal,made,54.0,00-0033702,Y.Koo,ATL,NO,2022,1,closed,,,fieldturf,1
field_goal,missed,44.0,00-0032569,W.Lutz,NO,ATL,2022,1,closed,,,fieldturf,0
field_goal,made,50.0,00-0033702,Y.Koo,ATL,NO,2022,1,closed,,,fieldturf,1
field_goal,made,40.0,00-0033702,Y.Koo,ATL,NO,2022,1,closed,,,fieldturf,1
field_goal,made,49.0,00-0032569,W.Lutz,NO,ATL,2022,1,closed,,,fieldturf,1
field_goal,made,27.0,00-0033702,Y.Koo,ATL,NO,2022,1,closed,,,fieldturf,1
field_goal,made,51.0,00-0032569,W.Lutz,NO,ATL,2022,1,closed,,,fieldturf,1
field_goal,blocked,63.0,00-0033702,Y.Koo,ATL,NO,2022,1,closed,,,fieldturf,0
field_goal,made,46.0,00-0029421,R.Bullock,TEN,NYG,2022,1,outdoors,,,grass,1
field_goal,made,23.0,00-0029421,R.Bullock,TEN,NYG,2022,1,outdoors,,,grass,1
field_goal,missed,47.0,00-0029421,R.Bullock,TEN,NYG,2022,1,outdoors,,,grass,0
field_goal,made,23.0,00-0033787,J.Elliott,PHI,DET,2022,1,dome,,,fieldturf,1
field_goal,made,59.0,00-0036854,E.McPherson,CIN,PIT,2022,1,outdoors,,,fieldturf,1
field_goal,made,20.0,00-0031136,C.Boswell,PIT,CIN,2022,1,outdoors,,,fieldturf,1
field_goal,made,26.0,00-0036854,E.McPherson,CIN,PIT,2022,1,outdoors,,,fieldturf,1
field_goal,made,48.0,00-0031136,C.Boswell,PIT,CIN,2022,1,outdoors,,,fieldturf,1
field_goal,missed,29.0,00-0036854,E.McPherson,CIN,PIT,2022,1,outdoors,,,fieldturf,0
field_goal,missed,55.0,00-0031136,C.Boswell,PIT,CIN,2022,1,outdoors,,,fieldturf,0
field_goal,made,53.0,00-0031136,C.Boswell,PIT,CIN,2022,1,outdoors,,,fieldturf,1
field_goal,made,25.0,00-0023252,R.Gould,SF,CHI,2022,1,outdoors,,,grass,1
field_goal,made,51.0,00-0030332,B.Maher,DAL,TB,2022,1,closed,,,matrixturf,1
field_goal,made,44.0,00-0026968,R.Succop,TB,DAL,2022,1,closed,,,matrixturf,1
field_goal,made,38.0,00-0026968,R.Succop,TB,DAL,2022,1,closed,,,matrixturf,1
field_goal,missed,36.0,00-0026968,R.Succop,TB,DAL,2022,1,closed,,,matrixturf,0
field_goal,made,29.0,00-0026968,R.Succop,TB,DAL,2022,1,closed,,,matrixturf,1
field_goal,made,47.0,00-0026968,R.Succop,TB,DAL,2022,1,closed,,,matrixturf,1
field_goal,made,32.0,00-0034161,D.Carlson,LV,ARI,2022,2,dome,,,grass,1
field_goal,made,55.0,00-0034161,D.Carlson,LV,ARI,2022,2,dome,,,grass,1
field_goal,made,25.0,00-0034161,D.Carlson,LV,ARI,2022,2,dome,,,grass,1
field_goal,missed,44.0,00-0033702,Y.Koo,ATL,LA,2022,2,dome,,,matrixturf,0
field_goal,made,26.0,00-0033702,Y.Koo,ATL,LA,2022,2,dome,,,matrixturf,1
field_goal,made,20.0,00-0035269,M.Gay,LA,ATL,2022,2,dome,,,matrixturf,1
field_goal,made,36.0,00-0026858,G.Gano,NYG,CAR,2022,2,outdoors,,,fieldturf,1
field_goal,made,33.0,00-0026858,G.Gano,NYG,CAR,2022,2,outdoors,,,fieldturf,1
field_goal,made,31.0,00-0034173,E.Pineiro,CAR,NYG,2022,2,outdoors,,,fieldturf,1
field_goal,made,32.0,00-0034173,E.Pineiro,CAR,NYG,2022,2,outdoors,,,fieldturf,1
field_goal,made,52.0,00-0026858,G.Gano,NYG,CAR,2022,2,outdoors,,,fieldturf,1
field_goal,made,38.0,00-0034173,E.Pineiro,CAR,NYG,2022,2,outdoors,,,fieldturf,1
field_goal,made,56.0,00-0026858,G.Gano,NYG,CAR,2022,2,outdoors,,,fieldturf,1
field_goal,made,40.0,00-0025580,M.Crosby,GB,CHI,2022,2,outdoors,,,grass,1
field_goal,made,44.0,00-0031203,C.Santos,CHI,GB,2022,2,outdoors,,,grass,1
field_goal,made,28.0,00-0025580,M.Crosby,GB,CHI,2022,2,outdoors,,,grass,1
field_goal,made,43.0,00-0036854,E.McPherson,CIN,DAL,2022,2,closed,,,matrixturf,1
field_goal,made,54.0,00-0030332,B.Maher,DAL,CIN,2022,2,closed,,,matrixturf,1
field_goal,made,50.0,00-0036854,E.McPherson,CIN,DAL,2022,2,closed,,,matrixturf,1
field_goal,made,46.0,00-0036854,E.McPherson,CIN,DAL,2022,2,closed,,,matrixturf,1
field_goal,made,50.0,00-0030332,B.Maher,DAL,CIN,2022,2,closed,,,matrixturf,1
field_goal,made,20.0,00-0029822,B.McManus,DEN,HOU,2022,2,outdoors,,,grass,1
field_goal,made,40.0,00-0032726,K.Fairbairn,HOU,DEN,2022,2,outdoors,,,grass,1
field_goal,made,44.0,00-0032726,K.Fairbairn,HOU,DEN,2022,2,outdoors,,,grass,1
field_goal,made,24.0,00-0029822,B.McManus,DEN,HOU,2022,2,outdoors,,,grass,1
field_goal,made,24.0,00-0032726,K.Fairbairn,HOU,DEN,2022,2,outdoors,,,grass,1
field_goal,made,50.0,00-0029822,B.McManus,DEN,HOU,2022,2,outdoors,,,grass,1
field_goal,made,52.0,00-0036816,R.Patterson,JAX,IND,2022,2,outdoors,,,grass,1
field_goal,made,31.0,00-0030098,D.Hopkins,LAC,KC,2022,2,outdoors,,,grass,1
field_goal,made,19.0,00-0036469,M.Ammendola,KC,LAC,2022,2,outdoors,,,grass,1
field_goal,made,31.0,00-0036469,M.Ammendola,KC,LAC,2022,2,outdoors,,,grass,1
field_goal,made,51.0,00-0029597,J.Tucker,BAL,MIA,2022,2,outdoors,,,grass,1
field_goal,made,38.0,00-0033787,J.Elliott,PHI,MIN,2022,2,outdoors,,,grass,1
field_goal,blocked,41.0,00-0033787,J.Elliott,PHI,MIN,2022,2,outdoors,,,grass,0
field_goal,made,28.0,00-0025565,N.Folk,NE,PIT,2022,2,outdoors,,,grass,1
field_goal,made,36.0,00-0031136,C.Boswell,PIT,NE,2022,2,outdoors,,,grass,1
field_goal,missed,52.0,00-0025565,N.Folk,NE,PIT,2022,2,outdoors,,,grass,0
field_goal,made,52.0,00-0031136,C.Boswell,PIT,NE,2022,2,outdoors,,,grass,1
field_goal,made,22.0,00-0038097,C.York,CLE,NYJ,2022,2,outdoors,,,grass,1
field_goal,made,57.0,00-0029621,G.Zuerlein,NYJ,CLE,2022,2,outdoors,,,grass,1
field_goal,made,20.0,00-0023252,R.Gould,SF,SEA,2022,2,outdoors,,,grass,1
field_goal,made,33.0,00-0023252,R.Gould,SF,SEA,2022,2,outdoors,,,grass,1
field_goal,blocked,20.0,00-0023252,R.Gould,SF,SEA,2022,2,outdoors,,,grass,0
field_goal,made,31.0,00-0032569,W.Lutz,NO,TB,2022,2,dome,,,sportturf,1
field_goal,made,47.0,00-0026968,R.Succop,TB,NO,2022,2,dome,,,sportturf,1
field_goal,made,47.0,00-0026968,R.Succop,TB,NO,2022,2,dome,,,sportturf,1
field_goal,made,49.0,00-0036162,T.Bass,BUF,TEN,2022,2,outdoors,,,a_turf,1
field_goal,made,37.0,00-0036162,T.Bass,BUF,TEN,2022,2,outdoors,,,a_turf,1
field_goal,made,35.0,00-0035145,A.Seibert,DET,WAS,2022,2,dome,,,fieldturf,1
field_goal,made,48.0,00-0035145,A.Seibert,DET,WAS,2022,2,dome,,,fieldturf,1
field_goal,made,32.0,00-0031492,J.Myers,SEA,ATL,2022,3,outdoors,,,fieldturf,1
field_goal,made,41.0,00-0033702,Y.Koo,ATL,SEA,2022,3,outdoors,,,fieldturf,1
field_goal,made,31.0,00-0031492,J.Myers,SEA,ATL,2022,3,outdoors,,,fieldturf,1
field_goal,made,54.0,00-0033702,Y.Koo,ATL,SEA,2022,3,outdoors,,,fieldturf,1
field_goal,made,25.0,00-0031492,J.Myers,SEA,ATL,2022,3,outdoors,,,fieldturf,1
field_goal,made,35.0,00-0025565,N.Folk,NE,BAL,2022,3,outdoors,,,fieldturf,1
field_goal,made,50.0,00-0025565,N.Folk,NE,BAL,2022,3,outdoors,,,fieldturf,1
field_goal,made,56.0,00-0029597,J.Tucker,BAL,NE,2022,3,outdoors,,,fieldturf,1
field_goal,made,30.0,00-0036162,T.Bass,BUF,MIA,2022,3,outdoors,,,grass,1
field_goal,blocked,38.0,00-0036162,T.Bass,BUF,MIA,2022,3,outdoors,,,grass,0
field_goal,made,50.0,00-0029621,G.Zuerlein,NYJ,CIN,2022,3,outdoors,,,fieldturf,1
field_goal,made,40.0,00-0029621,G.Zuerlein,NYJ,CIN,2022,3,outdoors,,,fieldturf,1
field_goal,made,22.0,00-0036854,E.McPherson,CIN,NYJ,2022,3,outdoors,,,fieldturf,1
field_goal,made,43.0,00-0036854,E.McPherson,CIN,NYJ,2022,3,outdoors,,,fieldturf,1
field_goal,made,52.0,00-0029621,G.Zuerlein,NYJ,CIN,2022,3,outdoors,,,fieldturf,1
field_goal,made,43.0,00-0029621,G.Zuerlein,NYJ,CIN,2022,3,outdoors,,,fieldturf,1
field_goal,missed,41.0,00-0036854,E.McPherson,CIN,NYJ,2022,3,outdoors,,,fieldturf,0
field_goal,blocked,47.0,00-0026858,G.Gano,NYG,DAL,2022,3,outdoors,,,fieldturf,0
field_goal,made,26.0,00-0030332,B.Maher,DAL,NYG,2022,3,outdoors,,,fieldturf,1
field_goal,made,42.0,00-0026858,G.Gano,NYG,DAL,2022,3,outdoors,,,fieldturf,1
field_goal,made,28.0,00-0030332,B.Maher,DAL,NYG,2022,3,outdoors,,,fieldturf,1
field_goal,missed,59.0,00-0030332,B.Maher,DAL,NYG,2022,3,outdoors,,,fieldturf,0
field_goal,made,51.0,00-0026858,G.Gano,NYG,DAL,2022,3,outdoors,,,fieldturf,1
field_goal,made,44.0,00-0030332,B.Maher,DAL,NYG,2022,3,outdoors,,,fieldturf,1
field_goal,made,51.0,00-0026858,G.Gano,NYG,DAL,2022,3,outdoors,,,fieldturf,1
field_goal,missed,48.0,00-0035145,A.Seibert,DET,MIN,2022,3,dome,,,sportturf,0
field_goal,missed,56.0,00-0034450,G.Joseph,MIN,DET,2022,3,dome,,,sportturf,0
field_goal,made,40.0,00-0035145,A.Seibert,DET,MIN,2022,3,dome,,,sportturf,1
field_goal,missed,56.0,00-0034450,G.Joseph,MIN,DET,2022,3,dome,,,sportturf,0
field_goal,missed,54.0,00-0035145,A.Seibert,DET,MIN,2022,3,dome,,,sportturf,0
field_goal,made,45.0,00-0026968,R.Succop,TB,GB,2022,3,outdoors,,,grass,1
field_goal,made,45.0,00-0026968,R.Succop,TB,GB,2022,3,outdoors,,,grass,1
field_goal,made,47.0,00-0031203,C.Santos,CHI,HOU,2022,3,outdoors,,,grass,1
field_goal,made,50.0,00-0031203,C.Santos,CHI,HOU,2022,3,outdoors,,,grass,1
field_goal,made,39.0,00-0032726,K.Fairbairn,HOU,CHI,2022,3,outdoors,,,grass,1
field_goal,made,23.0,00-0032726,K.Fairbairn,HOU,CHI,2022,3,outdoors,,,grass,1
field_goal,made,30.0,00-0031203,C.Santos,CHI,HOU,2022,3,outdoors,,,grass,1
field_goal,made,22.0,00-0036816,R.Patterson,JAX,LAC,2022,3,dome,,,matrixturf,1
field_goal,made,23.0,00-0036816,R.Patterson,JAX,LAC,2022,3,dome,,,matrixturf,1
field_goal,made,23.0,00-0036816,R.Patterson,JAX,LAC,2022,3,dome,,,matrixturf,1
field_goal,made,25.0,00-0030098,D.Hopkins,LAC,JAX,2022,3,dome,,,matrixturf,1
field_goal,made,43.0,00-0035358,C.McLaughlin,IND,KC,2022,3,open,,,fieldturf,1
field_goal,made,26.0,00-0036469,M.Ammendola,KC,IND,2022,3,open,,,fieldturf,1
field_goal,made,51.0,00-0035358,C.McLaughlin,IND,KC,2022,3,open,,,fieldturf,1
field_goal,missed,34.0,00-0036469,M.Ammendola,KC,IND,2022,3,open,,,fieldturf,0
field_goal,made,22.0,00-0035269,M.Gay,LA,ARI,2022,3,closed,,,grass,1
field_goal,made,40.0,00-0035269,M.Gay,LA,ARI,2022,3,closed,,,grass,1
field_goal,made,23.0,00-0023853,M.Prater,ARI,LA,2022,3,closed,,,grass,1
field_goal,made,43.0,00-0023853,M.Prater,ARI,LA,2022,3,closed,,,grass,1
field_goal,made,49.0,00-0023853,M.Prater,ARI,LA,2022,3,closed,,,grass,1
field_goal,made,31.0,00-0023853,M.Prater,ARI,LA,2022,3,closed,,,grass,1
field_goal,made,21.0,00-0034161,D.Carlson,LV,TEN,2022,3,outdoors,,,grass,1
field_goal,made,48.0,00-0029421,R.Bullock,TEN,LV,2022,3,outdoors,,,grass,1
field_goal,made,32.0,00-0034161,D.Carlson,LV,TEN,2022,3,outdoors,,,grass,1
field_goal,made,35.0,00-0034161,D.Carlson,LV,TEN,2022,3,outdoors,,,grass,1
field_goal,made,45.0,00-0034173,E.Pineiro,CAR,NO,2022,3,outdoors,,,grass,1
field_goal,made,48.0,00-0034173,E.Pineiro,CAR,NO,2022,3,outdoors,,,grass,1
field_goal,blocked,30.0,00-0032569,W.Lutz,NO,CAR,2022,3,outdoors,,,grass,0
field_goal,missed,48.0,00-0032569,W.Lutz,NO,CAR,2022,3,outdoors,,,grass,0
field_goal,made,34.0,00-0034173,E.Pineiro,CAR,NO,2022,3,outdoors,,,grass,1
field_goal,made,32.0,00-0033787,J.Elliott,PHI,WAS,2022,3,outdoors,,,grass,1
field_goal,missed,49.0,00-0031136,C.Boswell,PIT,CLE,2022,3,outdoors,,,grass,0
field_goal,made,34.0,00-0038097,C.York,CLE,PIT,2022,3,outdoors,,,grass,1
field_goal,made,34.0,00-0031136,C.Boswell,PIT,CLE,2022,3,outdoors,,,grass,1
field_goal,made,55.0,00-0029822,B.McManus,DEN,SF,2022,3,outdoors,,,grass,1
field_goal,missed,53.0,00-0029822,B.McManus,DEN,SF,2022,3,outdoors,,,grass,0
field_goal,made,51.0,00-0023252,R.Gould,SF,DEN,2022,3,outdoors,,,grass,1
field_goal,made,33.0,00-0023853,M.Prater,ARI,CAR,2022,4,outdoors,,,grass,1
field_goal,made,54.0,00-0034173,E.Pineiro,CAR,ARI,2022,4,outdoors,,,grass,1
field_goal,made,39.0,00-0023853,M.Prater,ARI,CAR,2022,4,outdoors,,,grass,1
field_goal,made,38.0,00-0036162,T.Bass,BUF,BAL,2022,4,outdoors,,,grass,1
field_goal,made,42.0,00-0029597,J.Tucker,BAL,BUF,2022,4,outdoors,,,grass,1
field_goal,made,51.0,00-0029597,J.Tucker,BAL,BUF,2022,4,outdoors,,,grass,1
field_goal,made,39.0,00-0036162,T.Bass,BUF,BAL,2022,4,outdoors,,,grass,1
field_goal,made,21.0,00-0036162,T.Bass,BUF,BAL,2022,4,outdoors,,,grass,1
field_goal,made,29.0,00-0034084,M.Badgley,CHI,NYG,2022,4,outdoors,,,fieldturf,1
field_goal,made,22.0,00-0034084,M.Badgley,CHI,NYG,2022,4,outdoors,,,fieldturf,1
field_goal,made,40.0,00-0034084,M.Badgley,CHI,NYG,2022,4,outdoors,,,fieldturf,1
field_goal,made,35.0,00-0034084,M.Badgley,CHI,NYG,2022,4,outdoors,,,fieldturf,1
field_goal,made,44.0,00-0026858,G.Gano,NYG,CHI,2022,4,outdoors,,,fieldturf,1
field_goal,made,43.0,00-0026858,G.Gano,NYG,CHI,2022,4,outdoors,,,fieldturf,1
field_goal,missed,37.0,00-0026858,G.Gano,NYG,CHI,2022,4,outdoors,,,fieldturf,0
field_goal,made,30.0,00-0033702,Y.Koo,ATL,CLE,2022,4,open,,,fieldturf,1
field_goal,made,29.0,00-0038097,C.York,CLE,ATL,2022,4,open,,,fieldturf,1
field_goal,made,45.0,00-0038097,C.York,CLE,ATL,2022,4,open,,,fieldturf,1
field_goal,made,21.0,00-0033702,Y.Koo,ATL,CLE,2022,4,open,,,fieldturf,1
field_goal,made,45.0,00-0033702,Y.Koo,ATL,CLE,2022,4,open,,,fieldturf,1
field_goal,made,26.0,00-0034161,D.Carlson,LV,DEN,2022,4,dome,,,grass,1
field_goal,made,28.0,00-0029822,B.McManus,DEN,LV,2022,4,dome,,,grass,1
field_goal,made,39.0,00-0034161,D.Carlson,LV,DEN,2022,4,dome,,,grass,1
field_goal,made,22.0,00-0034161,D.Carlson,LV,DEN,2022,4,dome,,,grass,1
field_goal,made,30.0,00-0034161,D.Carlson,LV,DEN,2022,4,dome,,,grass,1
field_goal,made,28.0,00-0033787,J.Elliott,PHI,JAX,2022,4,outdoors,,,grass,1
field_goal,made,45.0,00-0026968,R.Succop,TB,KC,2022,4,outdoors,,,grass,1
field_goal,made,44.0,00-0035189,M.Wright,KC,TB,2022,4,outdoors,,,grass,1
field_goal,made,32.0,00-0035189,M.Wright,KC,TB,2022,4,outdoors,,,grass,1
field_goal,missed,46.0,00-0032726,K.Fairbairn,HOU,LAC,2022,4,closed,,,astroturf,0
field_goal,made,23.0,00-0030098,D.Hopkins,LAC,HOU,2022,4,closed,,,astroturf,1
field_goal,made,37.0,00-0030098,D.Hopkins,LAC,HOU,2022,4,closed,,,astroturf,1
field_goal,made,40.0,00-0032726,K.Fairbairn,HOU,LAC,2022,4,closed,,,astroturf,1
field_goal,made,39.0,00-0035269,M.Gay,LA,SF,2022,4,outdoors,,,grass,1
field_goal,made,29.0,00-0035269,M.Gay,LA,SF,2022,4,outdoors,,,grass,1
field_goal,made,26.0,00-0035269,M.Gay,LA,SF,2022,4,outdoors,,,grass,1
field_goal,made,25.0,00-0023252,R.Gould,SF,LA,2022,4,outdoors,,,grass,1
field_goal,missed,42.0,00-0023252,R.Gould,SF,LA,2022,4,outdoors,,,grass,0
field_goal,made,23.0,00-0034794,J.Sanders,MIA,CIN,2022,4,outdoors,,,fieldturf,1
field_goal,made,48.0,00-0034794,J.Sanders,MIA,CIN,2022,4,outdoors,,,fieldturf,1
field_goal,blocked,52.0,00-0034794,J.Sanders,MIA,CIN,2022,4,outdoors,,,fieldturf,0
field_goal,made,20.0,00-0034794,J.Sanders,MIA,CIN,2022,4,outdoors,,,fieldturf,1
field_goal,made,19.0,00-0036854,E.McPherson,CIN,MIA,2022,4,outdoors,,,fieldturf,1
field_goal,made,57.0,00-0036854,E.McPherson,CIN,MIA,2022,4,outdoors,,,fieldturf,1
field_goal,made,28.0,00-0034450,G.Joseph,MIN,NO,2022,4,outdoors,,,,1
field_goal,made,36.0,00-0034450,G.Joseph,MIN,NO,2022,4,outdoors,,,,1
field_goal,made,24.0,00-0034450,G.Joseph,MIN,NO,2022,4,outdoors,,,,1
field_goal,made,46.0,00-0034450,G.Joseph,MIN,NO,2022,4,outdoors,,,,1
field_goal,made,60.0,00-0032569,W.Lutz,NO,MIN,2022,4,outdoors,,,,1
field_goal,made,47.0,00-0034450,G.Joseph,MIN,NO,2022,4,outdoors,,,,1
field_goal,missed,61.0,00-0032569,W.Lutz,NO,MIN,2022,4,outdoors,,,,0
field_goal,made,37.0,00-0025565,N.Folk,NE,GB,2022,4,outdoors,,,grass,1
field_goal,made,38.0,00-0025580,M.Crosby,GB,NE,2022,4,outdoors,,,grass,1
field_goal,made,31.0,00-0025580,M.Crosby,GB,NE,2022,4,outdoors,,,grass,1
field_goal,made,38.0,00-0029621,G.Zuerlein,NYJ,PIT,2022,4,outdoors,,,grass,1
field_goal,made,51.0,00-0031136,C.Boswell,PIT,NYJ,2022,4,outdoors,,,grass,1
field_goal,made,59.0,00-0031136,C.Boswell,PIT,NYJ,2022,4,outdoors,,,grass,1
field_goal,made,49.0,00-0036168,D.Eberle,DET,SEA,2022,4,dome,,,fieldturf,1
field_goal,made,56.0,00-0031492,J.Myers,SEA,DET,2022,4,dome,,,fieldturf,1
field_goal,missed,39.0,00-0031492,J.Myers,SEA,DET,2022,4,dome,,,fieldturf,0
field_goal,made,25.0,00-0031492,J.Myers,SEA,DET,2022,4,dome,,,fieldturf,1
field_goal,made,27.0,00-0035358,C.McLaughlin,IND,TEN,2022,4,open,,,fieldturf,1
field_goal,made,44.0,00-0029421,R.Bullock,TEN,IND,2022,4,open,,,fieldturf,1
field_goal,missed,51.0,00-0035358,C.McLaughlin,IND,TEN,2022,4,open,,,fieldturf,0
field_goal,made,53.0,00-0030332,B.Maher,DAL,WAS,2022,4,closed,,,matrixturf,1
field_goal,made,45.0,00-0030332,B.Maher,DAL,WAS,2022,4,closed,,,matrixturf,1
field_goal,made,28.0,00-0030332,B.Maher,DAL,WAS,2022,4,closed,,,matrixturf,1
field_goal,made,45.0,00-0035192,J.Slye,WAS,DAL,2022,4,closed,,,matrixturf,1
field_goal,made,29.0,00-0030332,B.Maher,DAL,WAS,2022,4,closed,,,matrixturf,1
field_goal,made,21.0,00-0026968,R.Succop,TB,ATL,2022,5,outdoors,,,grass,1
field_goal,missed,52.0,00-0033702,Y.Koo,ATL,TB,2022,5,outdoors,,,grass,0
field_goal,made,44.0,00-0026968,R.Succop,TB,ATL,2022,5,outdoors,,,grass,1
field_goal,made,50.0,00-0031203,C.Santos,CHI,MIN,2022,5,dome,,,sportturf,1
field_goal,missed,53.0,00-0034450,G.Joseph,MIN,CHI,2022,5,dome,,,sportturf,0
field_goal,blocked,51.0,00-0034450,G.Joseph,MIN,CHI,2022,5,dome,,,sportturf,0
field_goal,made,43.0,00-0031203,C.Santos,CHI,MIN,2022,5,dome,,,sportturf,1
field_goal,made,51.0,00-0031203,C.Santos,CHI,MIN,2022,5,dome,,,sportturf,1
field_goal,made,37.0,00-0029597,J.Tucker,BAL,CIN,2022,5,outdoors,,,grass,1
field_goal,made,40.0,00-0036854,E.McPherson,CIN,BAL,2022,5,outdoors,,,grass,1
field_goal,made,58.0,00-0029597,J.Tucker,BAL,CIN,2022,5,outdoors,,,grass,1
field_goal,made,25.0,00-0029597,J.Tucker,BAL,CIN,2022,5,outdoors,,,grass,1
field_goal,made,43.0,00-0029597,J.Tucker,BAL,CIN,2022,5,outdoors,,,grass,1
field_goal,made,33.0,00-0030332,B.Maher,DAL,LA,2022,5,dome,,,matrixturf,1
field_goal,made,29.0,00-0035269,M.Gay,LA,DAL,2022,5,dome,,,matrixturf,1
field_goal,made,40.0,00-0030332,B.Maher,DAL,LA,2022,5,dome,,,matrixturf,1
field_goal,missed,51.0,00-0035269,M.Gay,LA,DAL,2022,5,dome,,,matrixturf,0
field_goal,made,36.0,00-0030332,B.Maher,DAL,LA,2022,5,dome,,,matrixturf,1
field_goal,made,37.0,00-0025565,N.Folk,NE,DET,2022,5,outdoors,,,fieldturf,1
field_goal,made,32.0,00-0025565,N.Folk,NE,DET,2022,5,outdoors,,,fieldturf,1
field_goal,made,44.0,00-0025565,N.Folk,NE,DET,2022,5,outdoors,,,fieldturf,1
field_goal,made,37.0,00-0025565,N.Folk,NE,DET,2022,5,outdoors,,,fieldturf,1
field_goal,made,29.0,00-0025565,N.Folk,NE,DET,2022,5,outdoors,,,fieldturf,1
field_goal,made,26.0,00-0036816,R.Patterson,JAX,HOU,2022,5,outdoors,,,grass,1
field_goal,made,50.0,00-0032726,K.Fairbairn,HOU,JAX,2022,5,outdoors,,,grass,1
field_goal,made,51.0,00-0032726,K.Fairbairn,HOU,JAX,2022,5,outdoors,,,grass,1
field_goal,made,45.0,00-0036816,R.Patterson,JAX,HOU,2022,5,outdoors,,,grass,1
field_goal,made,33.0,00-0029822,B.McManus,DEN,IND,2022,5,outdoors,,,grass,1
field_goal,made,44.0,00-0029822,B.McManus,DEN,IND,2022,5,outdoors,,,grass,1
field_goal,made,52.0,00-0035358,C.McLaughlin,IND,DEN,2022,5,outdoors,,,grass,1
field_goal,made,51.0,00-0035358,C.McLaughlin,IND,DEN,2022,5,outdoors,,,grass,1
field_goal,blocked,34.0,00-0029822,B.McManus,DEN,IND,2022,5,outdoors,,,grass,0
field_goal,made,45.0,00-0029822,B.McManus,DEN,IND,2022,5,outdoors,,,grass,1
field_goal,made,31.0,00-0035358,C.McLaughlin,IND,DEN,2022,5,outdoors,,,grass,1
field_goal,made,48.0,00-0035358,C.McLaughlin,IND,DEN,2022,5,outdoors,,,grass,1
field_goal,made,28.0,00-0032669,T.Bertolet,LAC,CLE,2022,5,outdoors,,,grass,1
field_goal,missed,45.0,00-0038097,C.York,CLE,LAC,2022,5,outdoors,,,grass,0
field_goal,made,25.0,00-0032669,T.Bertolet,LAC,CLE,2022,5,outdoors,,,grass,1
field_goal,made,27.0,00-0032669,T.Bertolet,LAC,CLE,2022,5,outdoors,,,grass,1
field_goal,missed,54.0,00-0038097,C.York,CLE,LAC,2022,5,outdoors,,,grass,0
field_goal,missed,41.0,00-0035189,M.Wright,KC,LV,2022,5,outdoors,,,grass,0
field_goal,made,53.0,00-0034161,D.Carlson,LV,KC,2022,5,outdoors,,,grass,1
field_goal,made,50.0,00-0034161,D.Carlson,LV,KC,2022,5,outdoors,,,grass,1
field_goal,made,59.0,00-0035189,M.Wright,KC,LV,2022,5,outdoors,,,grass,1
field_goal,made,47.0,00-0034161,D.Carlson,LV,KC,2022,5,outdoors,,,grass,1
field_goal,made,34.0,00-0029621,G.Zuerlein,NYJ,MIA,2022,5,outdoors,,,fieldturf,1
field_goal,made,46.0,00-0034794,J.Sanders,MIA,NYJ,2022,5,outdoors,,,fieldturf,1
field_goal,missed,54.0,00-0034794,J.Sanders,MIA,NYJ,2022,5,outdoors,,,fieldturf,0
field_goal,made,46.0,00-0025580,M.Crosby,GB,NYG,2022,5,outdoors,,,,1
field_goal,made,48.0,00-0026858,G.Gano,NYG,GB,2022,5,outdoors,,,,1
field_goal,made,48.0,00-0025580,M.Crosby,GB,NYG,2022,5,outdoors,,,,1
field_goal,made,37.0,00-0026858,G.Gano,NYG,GB,2022,5,outdoors,,,,1
field_goal,made,20.0,00-0036469,M.Ammendola,ARI,PHI,2022,5,closed,,,grass,1
field_goal,made,42.0,00-0037224,C.Dicker,PHI,ARI,2022,5,closed,,,grass,1
field_goal,made,23.0,00-0037224,C.Dicker,PHI,ARI,2022,5,closed,,,grass,1
field_goal,missed,43.0,00-0036469,M.Ammendola,ARI,PHI,2022,5,closed,,,grass,0
field_goal,blocked,49.0,00-0036162,T.Bass,BUF,PIT,2022,5,outdoors,,,a_turf,0
field_goal,made,29.0,00-0031136,C.Boswell,PIT,BUF,2022,5,outdoors,,,a_turf,1
field_goal,made,35.0,00-0036162,T.Bass,BUF,PIT,2022,5,outdoors,,,a_turf,1
field_goal,missed,33.0,00-0031136,C.Boswell,PIT,BUF,2022,5,outdoors,,,a_turf,0
field_goal,missed,45.0,00-0031136,C.Boswell,PIT,BUF,2022,5,outdoors,,,a_turf,0
field_goal,made,56.0,00-0032569,W.Lutz,NO,SEA,2022,5,dome,,,sportturf,1
field_goal,made,56.0,00-0031492,J.Myers,SEA,NO,2022,5,dome,,,sportturf,1
field_goal,made,31.0,00-0031492,J.Myers,SEA,NO,2022,5,dome,,,sportturf,1
field_goal,missed,41.0,00-0034173,E.Pineiro,CAR,SF,2022,5,outdoors,,,grass,0
field_goal,made,49.0,00-0023252,R.Gould,SF,CAR,2022,5,outdoors,,,grass,1
field_goal,made,43.0,00-0034173,E.Pineiro,CAR,SF,2022,5,outdoors,,,grass,1
field_goal,blocked,43.0,00-0023252,R.Gould,SF,CAR,2022,5,outdoors,,,grass,0
field_goal,made,37.0,00-0034173,E.Pineiro,CAR,SF,2022,5,outdoors,,,grass,1
field_goal,made,34.0,00-0034173,E.Pineiro,CAR,SF,2022,5,outdoors,,,grass,1
field_goal,made,50.0,00-0035192,J.Slye,WAS,TEN,2022,5,outdoors,,,grass,1
field_goal,made,23.0,00-0036469,M.Ammendola,ARI,SEA,2022,6,outdoors,,,fieldturf,1
field_goal,made,39.0,00-0031492,J.Myers,SEA,ARI,2022,6,outdoors,,,fieldturf,1
field_goal,made,27.0,00-0031492,J.Myers,SEA,ARI,2022,6,outdoors,,,fieldturf,1
field_goal,made,34.0,00-0031492,J.Myers,SEA,ARI,2022,6,outdoors,,,fieldturf,1
field_goal,made,32.0,00-0031492,J.Myers,SEA,ARI,2022,6,outdoors,,,fieldturf,1
field_goal,missed,56.0,00-0029597,J.Tucker,BAL,NYG,2022,6,outdoors,,,fieldturf,0
field_goal,made,34.0,00-0029597,J.Tucker,BAL,NYG,2022,6,outdoors,,,fieldturf,1
field_goal,made,23.0,00-0029597,J.Tucker,BAL,NYG,2022,6,outdoors,,,fieldturf,1
field_goal,made,34.0,00-0026858,G.Gano,NYG,BAL,2022,6,outdoors,,,fieldturf,1
field_goal,made,39.0,00-0036162,T.Bass,BUF,KC,2022,6,outdoors,,,grass,1
field_goal,made,62.0,00-0033303,H.Butker,KC,BUF,2022,6,outdoors,,,grass,1
field_goal,missed,51.0,00-0033303,H.Butker,KC,BUF,2022,6,outdoors,,,grass,0
field_goal,made,44.0,00-0033303,H.Butker,KC,BUF,2022,6,outdoors,,,grass,1
field_goal,made,42.0,00-0034173,E.Pineiro,CAR,LA,2022,6,dome,,,matrixturf,1
field_goal,made,21.0,00-0035269,M.Gay,LA,CAR,2022,6,dome,,,matrixturf,1
field_goal,made,35.0,00-0032569,W.Lutz,NO,CIN,2022,6,dome,,,sportturf,1
field_goal,made,30.0,00-0032569,W.Lutz,NO,CIN,2022,6,dome,,,sportturf,1
field_goal,made,37.0,00-0032569,W.Lutz,NO,CIN,2022,6,dome,,,sportturf,1
field_goal,made,31.0,00-0032569,W.Lutz,NO,CIN,2022,6,dome,,,sportturf,1
field_goal,made,52.0,00-0036854,E.McPherson,CIN,NO,2022,6,dome,,,sportturf,1
field_goal,made,51.0,00-0033787,J.Elliott,PHI,DAL,2022,6,outdoors,,,grass,1
field_goal,made,34.0,00-0033787,J.Elliott,PHI,DAL,2022,6,outdoors,,,grass,1
field_goal,made,30.0,00-0030332,B.Maher,DAL,PHI,2022,6,outdoors,,,grass,1
field_goal,missed,59.0,00-0030332,B.Maher,DAL,PHI,2022,6,outdoors,,,grass,0
field_goal,made,51.0,00-0029822,B.McManus,DEN,LAC,2022,6,dome,,,matrixturf,1
field_goal,made,37.0,00-0030098,D.Hopkins,LAC,DEN,2022,6,dome,,,matrixturf,1
field_goal,made,27.0,00-0029822,B.McManus,DEN,LAC,2022,6,dome,,,matrixturf,1
field_goal,made,31.0,00-0030098,D.Hopkins,LAC,DEN,2022,6,dome,,,matrixturf,1
field_goal,made,48.0,00-0029822,B.McManus,DEN,LAC,2022,6,dome,,,matrixturf,1
field_goal,made,35.0,00-0030098,D.Hopkins,LAC,DEN,2022,6,dome,,,matrixturf,1
field_goal,made,39.0,00-0030098,D.Hopkins,LAC,DEN,2022,6,dome,,,matrixturf,1
field_goal,made,28.0,00-0035358,C.McLaughlin,IND,JAX,2022,6,open,,,fieldturf,1
field_goal,made,42.0,00-0035358,C.McLaughlin,IND,JAX,2022,6,open,,,fieldturf,1
field_goal,made,44.0,00-0034794,J.Sanders,MIA,MIN,2022,6,outdoors,,,grass,1
field_goal,missed,52.0,00-0034794,J.Sanders,MIA,MIN,2022,6,outdoors,,,grass,0
field_goal,made,34.0,00-0034450,G.Joseph,MIN,MIA,2022,6,outdoors,,,grass,1
field_goal,made,19.0,00-0025565,N.Folk,NE,CLE,2022,6,outdoors,,,grass,1
field_goal,made,39.0,00-0038097,C.York,CLE,NE,2022,6,outdoors,,,grass,1
field_goal,made,48.0,00-0038097,C.York,CLE,NE,2022,6,outdoors,,,grass,1
field_goal,made,51.0,00-0038097,C.York,CLE,NE,2022,6,outdoors,,,grass,1
field_goal,missed,45.0,00-0025565,N.Folk,NE,CLE,2022,6,outdoors,,,grass,0
field_goal,blocked,47.0,00-0025580,M.Crosby,GB,NYJ,2022,6,outdoors,,,grass,0
field_goal,made,32.0,00-0029621,G.Zuerlein,NYJ,GB,2022,6,outdoors,,,grass,1
field_goal,missed,53.0,00-0029621,G.Zuerlein,NYJ,GB,2022,6,outdoors,,,grass,0
field_goal,made,29.0,00-0025580,M.Crosby,GB,NYJ,2022,6,outdoors,,,grass,1
field_goal,made,23.0,00-0029621,G.Zuerlein,NYJ,GB,2022,6,outdoors,,,grass,1
field_goal,made,30.0,00-0026968,R.Succop,TB,PIT,2022,6,outdoors,,,grass,1
field_goal,made,27.0,00-0026968,R.Succop,TB,PIT,2022,6,outdoors,,,grass,1
field_goal,made,55.0,00-0031136,C.Boswell,PIT,TB,2022,6,outdoors,,,grass,1
field_goal,made,54.0,00-0026968,R.Succop,TB,PIT,2022,6,outdoors,,,grass,1
field_goal,made,25.0,00-0031136,C.Boswell,PIT,TB,2022,6,outdoors,,,grass,1
field_goal,made,24.0,00-0026968,R.Succop,TB,PIT,2022,6,outdoors,,,grass,1
field_goal,made,38.0,00-0035192,J.Slye,WAS,CHI,2022,6,outdoors,,,grass,1
field_goal,made,28.0,00-0035192,J.Slye,WAS,CHI,2022,6,outdoors,,,grass,1
field_goal,missed,48.0,00-0035192,J.Slye,WAS,CHI,2022,6,outdoors,,,grass,0
field_goal,made,43.0,00-0033702,Y.Koo,ATL,CIN,2022,7,outdoors,,,fieldturf,1
field_goal,made,42.0,00-0031203,C.Santos,CHI,NE,2022,7,outdoors,,,fieldturf,1
field_goal,made,23.0,00-0031203,C.Santos,CHI,NE,2022,7,outdoors,,,fieldturf,1
field_goal,made,38.0,00-0031203,C.Santos,CHI,NE,2022,7,outdoors,,,fieldturf,1
field_goal,made,50.0,00-0031203,C.Santos,CHI,NE,2022,7,outdoors,,,fieldturf,1
field_goal,made,32.0,00-0029597,J.Tucker,BAL,CLE,2022,7,outdoors,,,grass,1
field_goal,made,41.0,00-0038097,C.York,CLE,BAL,2022,7,outdoors,,,grass,1
field_goal,made,34.0,00-0029597,J.Tucker,BAL,CLE,2022,7,outdoors,,,grass,1
field_goal,made,37.0,00-0038097,C.York,CLE,BAL,2022,7,outdoors,,,grass,1
field_goal,made,55.0,00-0029597,J.Tucker,BAL,CLE,2022,7,outdoors,,,grass,1
field_goal,blocked,60.0,00-0038097,C.York,CLE,BAL,2022,7,outdoors,,,grass,0
field_goal,made,40.0,00-0034084,M.Badgley,DET,DAL,2022,7,closed,,,matrixturf,1
field_goal,made,22.0,00-0030332,B.Maher,DAL,DET,2022,7,closed,,,matrixturf,1
field_goal,made,53.0,00-0034084,M.Badgley,DET,DAL,2022,7,closed,,,matrixturf,1
field_goal,made,22.0,00-0035192,J.Slye,WAS,GB,2022,7,outdoors,,,grass,1
field_goal,missed,47.0,00-0035192,J.Slye,WAS,GB,2022,7,outdoors,,,grass,0
field_goal,made,31.0,00-0035192,J.Slye,WAS,GB,2022,7,outdoors,,,grass,1
field_goal,made,19.0,00-0035192,J.Slye,WAS,GB,2022,7,outdoors,,,grass,1
field_goal,made,50.0,00-0034161,D.Carlson,LV,HOU,2022,7,dome,,,grass,1
field_goal,missed,39.0,00-0032726,K.Fairbairn,HOU,LV,2022,7,dome,,,grass,0
field_goal,made,55.0,00-0032726,K.Fairbairn,HOU,LV,2022,7,dome,,,grass,1
field_goal,made,35.0,00-0032726,K.Fairbairn,HOU,LV,2022,7,dome,,,grass,1
field_goal,made,27.0,00-0029421,R.Bullock,TEN,IND,2022,7,outdoors,,,grass,1
field_goal,made,28.0,00-0029421,R.Bullock,TEN,IND,2022,7,outdoors,,,grass,1
field_goal,made,38.0,00-0029421,R.Bullock,TEN,IND,2022,7,outdoors,,,grass,1
field_goal,made,50.0,00-0035358,C.McLaughlin,IND,TEN,2022,7,outdoors,,,grass,1
field_goal,made,48.0,00-0029421,R.Bullock,TEN,IND,2022,7,outdoors,,,grass,1
field_goal,made,30.0,00-0023252,R.Gould,SF,KC,2022,7,outdoors,,,,1
field_goal,made,50.0,00-0023252,R.Gould,SF,KC,2022,7,outdoors,,,,1
field_goal,missed,39.0,00-0033303,H.Butker,KC,SF,2022,7,outdoors,,,,0
field_goal,made,49.0,00-0023252,R.Gould,SF,KC,2022,7,outdoors,,,,1
field_goal,made,50.0,00-0035849,R.Blankenship,ARI,NO,2022,7,open,,,grass,1
field_goal,made,28.0,00-0035849,R.Blankenship,ARI,NO,2022,7,open,,,grass,1
field_goal,made,25.0,00-0032569,W.Lutz,NO,ARI,2022,7,open,,,grass,1
field_goal,made,45.0,00-0032569,W.Lutz,NO,ARI,2022,7,open,,,grass,1
field_goal,made,27.0,00-0036816,R.Patterson,JAX,NYG,2022,7,outdoors,,,grass,1
field_goal,made,33.0,00-0026858,G.Gano,NYG,JAX,2022,7,outdoors,,,grass,1
field_goal,made,33.0,00-0026858,G.Gano,NYG,JAX,2022,7,outdoors,,,grass,1
field_goal,made,34.0,00-0026858,G.Gano,NYG,JAX,2022,7,outdoors,,,grass,1
field_goal,missed,56.0,00-0029822,B.McManus,DEN,NYJ,2022,7,outdoors,,,grass,0
field_goal,made,44.0,00-0029822,B.McManus,DEN,NYJ,2022,7,outdoors,,,grass,1
field_goal,made,45.0,00-0029621,G.Zuerlein,NYJ,DEN,2022,7,outdoors,,,grass,1
field_goal,made,33.0,00-0029621,G.Zuerlein,NYJ,DEN,2022,7,outdoors,,,grass,1
field_goal,made,40.0,00-0029621,G.Zuerlein,NYJ,DEN,2022,7,outdoors,,,grass,1
field_goal,made,24.0,00-0034794,J.Sanders,MIA,PIT,2022,7,outdoors,,,grass,1
field_goal,made,42.0,00-0034794,J.Sanders,MIA,PIT,2022,7,outdoors,,,grass,1
field_goal,made,45.0,00-0031136,C.Boswell,PIT,MIA,2022,7,outdoors,,,grass,1
field_goal,made,47.0,00-0034794,J.Sanders,MIA,PIT,2022,7,outdoors,,,grass,1
field_goal,made,46.0,00-0031492,J.Myers,SEA,LAC,2022,7,dome,,,matrixturf,1
field_goal,made,34.0,00-0031492,J.Myers,SEA,LAC,2022,7,dome,,,matrixturf,1
field_goal,made,50.0,00-0031492,J.Myers,SEA,LAC,2022,7,dome,,,matrixturf,1
field_goal,made,27.0,00-0026968,R.Succop,TB,CAR,2022,7,outdoors,,,grass,1
field_goal,made,44.0,00-0023853,M.Prater,ARI,MIN,2022,8,dome,,,sportturf,1
field_goal,blocked,56.0,00-0034450,G.Joseph,MIN,ARI,2022,8,dome,,,sportturf,0
field_goal,made,34.0,00-0023853,M.Prater,ARI,MIN,2022,8,dome,,,sportturf,1
field_goal,made,22.0,00-0029597,J.Tucker,BAL,TB,2022,8,outdoors,,,grass,1
field_goal,made,31.0,00-0026968,R.Succop,TB,BAL,2022,8,outdoors,,,grass,1
field_goal,blocked,61.0,00-0029597,J.Tucker,BAL,TB,2022,8,outdoors,,,grass,0
field_goal,made,30.0,00-0026968,R.Succop,TB,BAL,2022,8,outdoors,,,grass,1
field_goal,made,26.0,00-0026968,R.Succop,TB,BAL,2022,8,outdoors,,,grass,1
field_goal,made,30.0,00-0029597,J.Tucker,BAL,TB,2022,8,outdoors,,,grass,1
field_goal,made,37.0,00-0034173,E.Pineiro,CAR,ATL,2022,8,closed,,,fieldturf,1
field_goal,made,42.0,00-0034173,E.Pineiro,CAR,ATL,2022,8,closed,,,fieldturf,1
field_goal,made,30.0,00-0033702,Y.Koo,ATL,CAR,2022,8,closed,,,fieldturf,1
field_goal,made,34.0,00-0033702,Y.Koo,ATL,CAR,2022,8,closed,,,fieldturf,1
field_goal,missed,32.0,00-0034173,E.Pineiro,CAR,ATL,2022,8,closed,,,fieldturf,0
field_goal,made,41.0,00-0033702,Y.Koo,ATL,CAR,2022,8,closed,,,fieldturf,1
field_goal,made,36.0,00-0031203,C.Santos,CHI,DAL,2022,8,open,,,matrixturf,1
field_goal,blocked,53.0,00-0038097,C.York,CLE,CIN,2022,8,outdoors,66.0,9.0,grass,0
field_goal,missed,47.0,00-0036854,E.McPherson,CIN,CLE,2022,8,outdoors,66.0,9.0,grass,0
field_goal,made,55.0,00-0038097,C.York,CLE,CIN,2022,8,outdoors,66.0,9.0,grass,1
field_goal,made,37.0,00-0036816,R.Patterson,JAX,DEN,2022,8,outdoors,,,,1
field_goal,made,42.0,00-0036162,T.Bass,BUF,GB,2022,8,outdoors,,,a_turf,1
field_goal,made,38.0,00-0025580,M.Crosby,GB,BUF,2022,8,outdoors,,,a_turf,1
field_goal,made,38.0,00-0036162,T.Bass,BUF,GB,2022,8,outdoors,,,a_turf,1
field_goal,missed,55.0,00-0025580,M.Crosby,GB,BUF,2022,8,outdoors,,,a_turf,0
field_goal,made,37.0,00-0032569,W.Lutz,NO,LV,2022,8,dome,,,sportturf,1
field_goal,missed,38.0,00-0032569,W.Lutz,NO,LV,2022,8,dome,,,sportturf,0
field_goal,made,42.0,00-0034084,M.Badgley,DET,MIA,2022,8,dome,,,fieldturf,1
field_goal,made,45.0,00-0034794,J.Sanders,MIA,DET,2022,8,dome,,,fieldturf,1
field_goal,made,26.0,00-0034084,M.Badgley,DET,MIA,2022,8,dome,,,fieldturf,1
field_goal,made,28.0,00-0029621,G.Zuerlein,NYJ,NE,2022,8,outdoors,,,fieldturf,1
field_goal,made,31.0,00-0025565,N.Folk,NE,NYJ,2022,8,outdoors,,,fieldturf,1
field_goal,made,42.0,00-0025565,N.Folk,NE,NYJ,2022,8,outdoors,,,fieldturf,1
field_goal,missed,45.0,00-0029621,G.Zuerlein,NYJ,NE,2022,8,outdoors,,,fieldturf,0
field_goal,made,49.0,00-0025565,N.Folk,NE,NYJ,2022,8,outdoors,,,fieldturf,1
field_goal,made,45.0,00-0025565,N.Folk,NE,NYJ,2022,8,outdoors,,,fieldturf,1
field_goal,made,52.0,00-0025565,N.Folk,NE,NYJ,2022,8,outdoors,,,fieldturf,1
field_goal,made,35.0,00-0031492,J.Myers,SEA,NYG,2022,8,outdoors,,,fieldturf,1
field_goal,made,31.0,00-0026858,G.Gano,NYG,SEA,2022,8,outdoors,,,fieldturf,1
field_goal,made,51.0,00-0031492,J.Myers,SEA,NYG,2022,8,outdoors,,,fieldturf,1
field_goal,made,45.0,00-0026858,G.Gano,NYG,SEA,2022,8,outdoors,,,fieldturf,1
field_goal,made,38.0,00-0037645,N.Sciba,PIT,PHI,2022,8,outdoors,,,grass,1
field_goal,made,29.0,00-0037645,N.Sciba,PIT,PHI,2022,8,outdoors,,,grass,1
field_goal,made,29.0,00-0023252,R.Gould,SF,LA,2022,8,dome,,,matrixturf,1
field_goal,missed,48.0,00-0029421,R.Bullock,TEN,HOU,2022,8,closed,,,astroturf,0
field_goal,made,43.0,00-0032726,K.Fairbairn,HOU,TEN,2022,8,closed,,,astroturf,1
field_goal,made,29.0,00-0029421,R.Bullock,TEN,HOU,2022,8,closed,,,astroturf,1
field_goal,made,46.0,00-0035358,C.McLaughlin,IND,WAS,2022,8,closed,,,fieldturf,1
field_goal,made,39.0,00-0035358,C.McLaughlin,IND,WAS,2022,8,closed,,,fieldturf,1
field_goal,made,20.0,00-0035358,C.McLaughlin,IND,WAS,2022,8,closed,,,fieldturf,1
field_goal,made,28.0,00-0035192,J.Slye,WAS,IND,2022,8,closed,,,fieldturf,1
field_goal,made,33.0,00-0032569,W.Lutz,NO,BAL,2022,9,dome,,,sportturf,1
field_goal,made,32.0,00-0029597,J.Tucker,BAL,NO,2022,9,dome,,,sportturf,1
field_goal,made,37.0,00-0032569,W.Lutz,NO,BAL,2022,9,dome,,,sportturf,1
field_goal,made,41.0,00-0029597,J.Tucker,BAL,NO,2022,9,dome,,,sportturf,1
field_goal,made,53.0,00-0029621,G.Zuerlein,NYJ,BUF,2022,9,outdoors,69.0,17.0,fieldturf,1
field_goal,missed,55.0,00-0036162,T.Bass,BUF,NYJ,2022,9,outdoors,69.0,17.0,fieldturf,0
field_goal,made,51.0,00-0036162,T.Bass,BUF,NYJ,2022,9,outdoors,69.0,17.0,fieldturf,1
field_goal,made,28.0,00-0029621,G.Zuerlein,NYJ,BUF,2022,9,outdoors,69.0,17.0,fieldturf,1
field_goal,missed,48.0,00-0036854,E.McPherson,CIN,CAR,2022,9,outdoors,68.0,11.0,fieldturf,0
field_goal,made,25.0,00-0025580,M.Crosby,GB,DET,2022,9,dome,,,fieldturf,1
field_goal,made,49.0,00-0025565,N.Folk,NE,IND,2022,9,outdoors,78.0,13.0,fieldturf,1
field_goal,made,43.0,00-0025565,N.Folk,NE,IND,2022,9,outdoors,78.0,13.0,fieldturf,1
field_goal,missed,39.0,00-0035358,C.McLaughlin,IND,NE,2022,9,outdoors,78.0,13.0,fieldturf,0
field_goal,made,40.0,00-0035358,C.McLaughlin,IND,NE,2022,9,outdoors,78.0,13.0,fieldturf,1
field_goal,made,43.0,00-0025565,N.Folk,NE,IND,2022,9,outdoors,78.0,13.0,fieldturf,1
field_goal,made,28.0,00-0025565,N.Folk,NE,IND,2022,9,outdoors,78.0,13.0,fieldturf,1
field_goal,made,29.0,00-0033702,Y.Koo,ATL,LAC,2022,9,open,,,fieldturf,1
field_goal,missed,50.0,00-0033702,Y.Koo,ATL,LAC,2022,9,open,,,fieldturf,0
field_goal,made,31.0,00-0037224,C.Dicker,LAC,ATL,2022,9,open,,,fieldturf,1
field_goal,made,37.0,00-0037224,C.Dicker,LAC,ATL,2022,9,open,,,fieldturf,1
field_goal,made,20.0,00-0026968,R.Succop,TB,LA,2022,9,outdoors,88.0,2.0,grass,1
field_goal,blocked,52.0,00-0026968,R.Succop,TB,LA,2022,9,outdoors,88.0,2.0,grass,0
field_goal,made,38.0,00-0026968,R.Succop,TB,LA,2022,9,outdoors,88.0,2.0,grass,1
field_goal,made,26.0,00-0035269,M.Gay,LA,TB,2022,9,outdoors,88.0,2.0,grass,1
field_goal,made,35.0,00-0035269,M.Gay,LA,TB,2022,9,outdoors,88.0,2.0,grass,1
field_goal,made,50.0,00-0026968,R.Succop,TB,LA,2022,9,outdoors,88.0,2.0,grass,1
field_goal,made,38.0,00-0034161,D.Carlson,LV,JAX,2022,9,outdoors,81.0,14.0,grass,1
field_goal,made,38.0,00-0034161,D.Carlson,LV,JAX,2022,9,outdoors,81.0,14.0,grass,1
field_goal,made,44.0,00-0036816,R.Patterson,JAX,LV,2022,9,outdoors,81.0,14.0,grass,1
field_goal,missed,41.0,00-0036816,R.Patterson,JAX,LV,2022,9,outdoors,81.0,14.0,grass,0
field_goal,made,48.0,00-0036816,R.Patterson,JAX,LV,2022,9,outdoors,81.0,14.0,grass,1
field_goal,made,32.0,00-0031203,C.Santos,CHI,MIA,2022,9,outdoors,58.0,17.0,grass,1
field_goal,missed,29.0,00-0034794,J.Sanders,MIA,CHI,2022,9,outdoors,58.0,17.0,grass,0
field_goal,made,44.0,00-0035192,J.Slye,WAS,MIN,2022,9,outdoors,71.0,11.0,grass,1
field_goal,made,25.0,00-0034450,G.Joseph,MIN,WAS,2022,9,outdoors,71.0,11.0,grass,1
field_goal,made,28.0,00-0034450,G.Joseph,MIN,WAS,2022,9,outdoors,71.0,11.0,grass,1
field_goal,missed,54.0,00-0033787,J.Elliott,PHI,HOU,2022,9,closed,,,astroturf,0
field_goal,made,30.0,00-0032726,K.Fairbairn,HOU,PHI,2022,9,closed,,,astroturf,1
field_goal,made,49.0,00-0031492,J.Myers,SEA,ARI,2022,9,open,,,grass,1
field_goal,made,23.0,00-0033303,H.Butker,KC,TEN,2022,9,outdoors,54.0,7.0,grass,1
field_goal,made,44.0,00-0029421,R.Bullock,TEN,KC,2022,9,outdoors,54.0,7.0,grass,1
field_goal,missed,47.0,00-0033303,H.Butker,KC,TEN,2022,9,outdoors,54.0,7.0,grass,0
field_goal,made,28.0,00-0033303,H.Butker,KC,TEN,2022,9,outdoors,54.0,7.0,grass,1
field_goal,made,36.0,00-0035269,M.Gay,LA,ARI,2022,10,dome,,,matrixturf,1
field_goal,made,36.0,00-0034909,T.Vizcaino,ARI,LA,2022,10,dome,,,matrixturf,1
field_goal,made,46.0,00-0034909,T.Vizcaino,ARI,LA,2022,10,dome,,,matrixturf,1
field_goal,made,46.0,00-0034173,E.Pineiro,CAR,ATL,2022,10,outdoors,61.0,12.0,grass,1
field_goal,made,49.0,00-0034173,E.Pineiro,CAR,ATL,2022,10,outdoors,61.0,12.0,grass,1
field_goal,made,33.0,00-0033702,Y.Koo,ATL,CAR,2022,10,outdoors,61.0,12.0,grass,1
field_goal,made,40.0,00-0034173,E.Pineiro,CAR,ATL,2022,10,outdoors,61.0,12.0,grass,1
field_goal,made,37.0,00-0034173,E.Pineiro,CAR,ATL,2022,10,outdoors,61.0,12.0,grass,1
field_goal,made,39.0,00-0034794,J.Sanders,MIA,CLE,2022,10,outdoors,85.0,7.0,grass,1
field_goal,made,37.0,00-0038097,C.York,CLE,MIA,2022,10,outdoors,85.0,7.0,grass,1
field_goal,made,33.0,00-0034794,J.Sanders,MIA,CLE,2022,10,outdoors,85.0,7.0,grass,1
field_goal,missed,54.0,00-0025580,M.Crosby,GB,DAL,2022,10,outdoors,33.0,8.0,grass,0
field_goal,made,28.0,00-0025580,M.Crosby,GB,DAL,2022,10,outdoors,33.0,8.0,grass,1
field_goal,made,39.0,00-0029822,B.McManus,DEN,TEN,2022,10,outdoors,36.0,9.0,grass,1
field_goal,made,35.0,00-0029421,R.Bullock,TEN,DEN,2022,10,outdoors,36.0,9.0,grass,1
field_goal,made,33.0,00-0031203,C.Santos,CHI,DET,2022,10,outdoors,34.0,13.0,grass,1
field_goal,made,25.0,00-0034084,M.Badgley,DET,CHI,2022,10,outdoors,34.0,13.0,grass,1
field_goal,made,38.0,00-0032726,K.Fairbairn,HOU,NYG,2022,10,outdoors,50.0,15.0,fieldturf,1
field_goal,made,34.0,00-0032726,K.Fairbairn,HOU,NYG,2022,10,outdoors,50.0,15.0,fieldturf,1
field_goal,made,49.0,00-0026858,G.Gano,NYG,HOU,2022,10,outdoors,50.0,15.0,fieldturf,1
field_goal,made,46.0,00-0032726,K.Fairbairn,HOU,NYG,2022,10,outdoors,50.0,15.0,fieldturf,1
field_goal,made,48.0,00-0035358,C.McLaughlin,IND,LV,2022,10,dome,,,grass,1
field_goal,made,48.0,00-0035358,C.McLaughlin,IND,LV,2022,10,dome,,,grass,1
field_goal,missed,48.0,00-0035358,C.McLaughlin,IND,LV,2022,10,dome,,,grass,0
field_goal,missed,51.0,00-0036816,R.Patterson,JAX,KC,2022,10,outdoors,33.0,7.0,grass,0
field_goal,missed,41.0,00-0036816,R.Patterson,JAX,KC,2022,10,outdoors,33.0,7.0,grass,0
field_goal,made,35.0,00-0036816,R.Patterson,JAX,KC,2022,10,outdoors,33.0,7.0,grass,1
field_goal,made,20.0,00-0023252,R.Gould,SF,LAC,2022,10,outdoors,57.0,6.0,grass,1
field_goal,made,47.0,00-0037224,C.Dicker,LAC,SF,2022,10,outdoors,57.0,6.0,grass,1
field_goal,made,25.0,00-0037224,C.Dicker,LAC,SF,2022,10,outdoors,57.0,6.0,grass,1
field_goal,made,40.0,00-0037224,C.Dicker,LAC,SF,2022,10,outdoors,57.0,6.0,grass,1
field_goal,made,26.0,00-0023252,R.Gould,SF,LAC,2022,10,outdoors,57.0,6.0,grass,1
field_goal,made,20.0,00-0023252,R.Gould,SF,LAC,2022,10,outdoors,57.0,6.0,grass,1
field_goal,made,34.0,00-0036162,T.Bass,BUF,MIN,2022,10,outdoors,38.0,11.0,a_turf,1
field_goal,made,27.0,00-0034450,G.Joseph,MIN,BUF,2022,10,outdoors,38.0,11.0,a_turf,1
field_goal,made,45.0,00-0036162,T.Bass,BUF,MIN,2022,10,outdoors,38.0,11.0,a_turf,1
field_goal,made,29.0,00-0036162,T.Bass,BUF,MIN,2022,10,outdoors,38.0,11.0,a_turf,1
field_goal,made,33.0,00-0034450,G.Joseph,MIN,BUF,2022,10,outdoors,38.0,11.0,a_turf,1
field_goal,made,33.0,00-0035189,M.Wright,PIT,NO,2022,10,outdoors,37.0,15.0,grass,1
field_goal,made,44.0,00-0032569,W.Lutz,NO,PIT,2022,10,outdoors,37.0,15.0,grass,1
field_goal,missed,39.0,00-0035189,M.Wright,PIT,NO,2022,10,outdoors,37.0,15.0,grass,0
field_goal,made,33.0,00-0035189,M.Wright,PIT,NO,2022,10,outdoors,37.0,15.0,grass,1
field_goal,missed,48.0,00-0035189,M.Wright,PIT,NO,2022,10,outdoors,37.0,15.0,grass,0
field_goal,missed,52.0,00-0026968,R.Succop,TB,SEA,2022,10,outdoors,,,,0
field_goal,made,55.0,00-0031492,J.Myers,SEA,TB,2022,10,outdoors,,,,1
field_goal,made,44.0,00-0035192,J.Slye,WAS,PHI,2022,10,outdoors,43.0,6.0,grass,1
field_goal,made,58.0,00-0035192,J.Slye,WAS,PHI,2022,10,outdoors,43.0,6.0,grass,1
field_goal,made,32.0,00-0035192,J.Slye,WAS,PHI,2022,10,outdoors,43.0,6.0,grass,1
field_goal,made,55.0,00-0035192,J.Slye,WAS,PHI,2022,10,outdoors,43.0,6.0,grass,1
field_goal,made,32.0,00-0029597,J.Tucker,BAL,CAR,2022,11,outdoors,36.0,2.0,grass,1
field_goal,made,32.0,00-0034173,E.Pineiro,CAR,BAL,2022,11,outdoors,36.0,2.0,grass,1
field_goal,made,37.0,00-0029597,J.Tucker,BAL,CAR,2022,11,outdoors,36.0,2.0,grass,1
field_goal,made,41.0,00-0031203,C.Santos,CHI,ATL,2022,11,closed,,,fieldturf,1
field_goal,missed,56.0,00-0031203,C.Santos,CHI,ATL,2022,11,closed,,,fieldturf,0
field_goal,made,40.0,00-0033702,Y.Koo,ATL,CHI,2022,11,closed,,,fieldturf,1
field_goal,made,53.0,00-0033702,Y.Koo,ATL,CHI,2022,11,closed,,,fieldturf,1
field_goal,made,45.0,00-0036854,E.McPherson,CIN,PIT,2022,11,outdoors,27.0,12.0,grass,1
field_goal,made,42.0,00-0035189,M.Wright,PIT,CIN,2022,11,outdoors,27.0,12.0,grass,1
field_goal,made,30.0,00-0035189,M.Wright,PIT,CIN,2022,11,outdoors,27.0,12.0,grass,1
field_goal,made,34.0,00-0035189,M.Wright,PIT,CIN,2022,11,outdoors,27.0,12.0,grass,1
field_goal,made,54.0,00-0036854,E.McPherson,CIN,PIT,2022,11,outdoors,27.0,12.0,grass,1
field_goal,made,44.0,00-0036854,E.McPherson,CIN,PIT,2022,11,outdoors,27.0,12.0,grass,1
field_goal,made,42.0,00-0036162,T.Bass,BUF,CLE,2022,11,dome,,,fieldturf,1
field_goal,made,32.0,00-0038097,C.York,CLE,BUF,2022,11,dome,,,fieldturf,1
field_goal,made,36.0,00-0036162,T.Bass,BUF,CLE,2022,11,dome,,,fieldturf,1
field_goal,made,56.0,00-0036162,T.Bass,BUF,CLE,2022,11,dome,,,fieldturf,1
field_goal,blocked,34.0,00-0038097,C.York,CLE,BUF,2022,11,dome,,,fieldturf,0
field_goal,made,49.0,00-0036162,T.Bass,BUF,CLE,2022,11,dome,,,fieldturf,1
field_goal,made,28.0,00-0036162,T.Bass,BUF,CLE,2022,11,dome,,,fieldturf,1
field_goal,made,39.0,00-0036162,T.Bass,BUF,CLE,2022,11,dome,,,fieldturf,1
field_goal,made,27.0,00-0030332,B.Maher,DAL,MIN,2022,11,dome,,,sportturf,1
field_goal,made,25.0,00-0034450,G.Joseph,MIN,DAL,2022,11,dome,,,sportturf,1
field_goal,made,53.0,00-0030332,B.Maher,DAL,MIN,2022,11,dome,,,sportturf,1
field_goal,made,60.0,00-0030332,B.Maher,DAL,MIN,2022,11,dome,,,sportturf,1
field_goal,made,50.0,00-0030332,B.Maher,DAL,MIN,2022,11,dome,,,sportturf,1
field_goal,made,24.0,00-0034084,M.Badgley,DET,NYG,2022,11,outdoors,35.0,21.0,fieldturf,1
field_goal,made,33.0,00-0033303,H.Butker,KC,LAC,2022,11,dome,,,matrixturf,1
field_goal,made,52.0,00-0033303,H.Butker,KC,LAC,2022,11,dome,,,matrixturf,1
field_goal,made,46.0,00-0037224,C.Dicker,LAC,KC,2022,11,dome,,,matrixturf,1
field_goal,made,21.0,00-0037224,C.Dicker,LAC,KC,2022,11,dome,,,matrixturf,1
field_goal,made,30.0,00-0033303,H.Butker,KC,LAC,2022,11,dome,,,matrixturf,1
field_goal,made,46.0,00-0032569,W.Lutz,NO,LA,2022,11,dome,,,sportturf,1
field_goal,made,33.0,00-0035269,M.Gay,LA,NO,2022,11,dome,,,sportturf,1
field_goal,made,25.0,00-0032569,W.Lutz,NO,LA,2022,11,dome,,,sportturf,1
field_goal,made,58.0,00-0035269,M.Gay,LA,NO,2022,11,dome,,,sportturf,1
field_goal,missed,46.0,00-0034161,D.Carlson,LV,DEN,2022,11,outdoors,49.0,11.0,grass,0
field_goal,made,48.0,00-0029822,B.McManus,DEN,LV,2022,11,outdoors,49.0,11.0,grass,1
field_goal,blocked,25.0,00-0029822,B.McManus,DEN,LV,2022,11,outdoors,49.0,11.0,grass,0
field_goal,made,52.0,00-0034161,D.Carlson,LV,DEN,2022,11,outdoors,49.0,11.0,grass,1
field_goal,made,52.0,00-0029822,B.McManus,DEN,LV,2022,11,outdoors,49.0,11.0,grass,1
field_goal,made,57.0,00-0034161,D.Carlson,LV,DEN,2022,11,outdoors,49.0,11.0,grass,1
field_goal,made,48.0,00-0029822,B.McManus,DEN,LV,2022,11,outdoors,49.0,11.0,grass,1
field_goal,made,25.0,00-0034161,D.Carlson,LV,DEN,2022,11,outdoors,49.0,11.0,grass,1
field_goal,made,24.0,00-0025565,N.Folk,NE,NYJ,2022,11,outdoors,42.0,2.0,fieldturf,1
field_goal,made,45.0,00-0029621,G.Zuerlein,NYJ,NE,2022,11,outdoors,42.0,2.0,fieldturf,1
field_goal,missed,44.0,00-0025565,N.Folk,NE,NYJ,2022,11,outdoors,42.0,2.0,fieldturf,0
field_goal,missed,43.0,00-0025565,N.Folk,NE,NYJ,2022,11,outdoors,42.0,2.0,fieldturf,0
field_goal,made,22.0,00-0033787,J.Elliott,PHI,IND,2022,11,closed,,,fieldturf,1
field_goal,made,51.0,00-0035358,C.McLaughlin,IND,PHI,2022,11,closed,,,fieldturf,1
field_goal,made,36.0,00-0035358,C.McLaughlin,IND,PHI,2022,11,closed,,,fieldturf,1
field_goal,missed,50.0,00-0035358,C.McLaughlin,IND,PHI,2022,11,closed,,,fieldturf,0
field_goal,made,37.0,00-0035358,C.McLaughlin,IND,PHI,2022,11,closed,,,fieldturf,1
field_goal,made,40.0,00-0023853,M.Prater,ARI,SF,2022,11,outdoors,,,,1
field_goal,made,39.0,00-0023252,R.Gould,SF,ARI,2022,11,outdoors,,,,1
field_goal,made,39.0,00-0025580,M.Crosby,GB,TEN,2022,11,outdoors,25.0,11.0,grass,1
field_goal,made,25.0,00-0035192,J.Slye,WAS,HOU,2022,11,closed,,,astroturf,1
field_goal,made,24.0,00-0035192,J.Slye,WAS,HOU,2022,11,closed,,,astroturf,1
field_goal,made,29.0,00-0032726,K.Fairbairn,HOU,WAS,2022,11,closed,,,astroturf,1
field_goal,made,44.0,00-0035192,J.Slye,WAS,HOU,2022,11,closed,,,astroturf,1
field_goal,made,47.0,00-0033702,Y.Koo,ATL,WAS,2022,12,outdoors,46.0,9.0,grass,1
field_goal,made,30.0,00-0035192,J.Slye,WAS,ATL,2022,12,outdoors,46.0,9.0,grass,1
field_goal,missed,58.0,00-0033702,Y.Koo,ATL,WAS,2022,12,outdoors,46.0,9.0,grass,0
field_goal,made,48.0,00-0033702,Y.Koo,ATL,WAS,2022,12,outdoors,46.0,9.0,grass,1
field_goal,made,45.0,00-0035192,J.Slye,WAS,ATL,2022,12,outdoors,46.0,9.0,grass,1
field_goal,made,27.0,00-0029597,J.Tucker,BAL,JAX,2022,12,outdoors,77.0,19.0,grass,1
field_goal,made,29.0,00-0029597,J.Tucker,BAL,JAX,2022,12,outdoors,77.0,19.0,grass,1
field_goal,made,55.0,00-0029597,J.Tucker,BAL,JAX,2022,12,outdoors,77.0,19.0,grass,1
field_goal,made,22.0,00-0036816,R.Patterson,JAX,BAL,2022,12,outdoors,77.0,19.0,grass,1
field_goal,made,24.0,00-0029597,J.Tucker,BAL,JAX,2022,12,outdoors,77.0,19.0,grass,1
field_goal,made,29.0,00-0036816,R.Patterson,JAX,BAL,2022,12,outdoors,77.0,19.0,grass,1
field_goal,missed,67.0,00-0029597,J.Tucker,BAL,JAX,2022,12,outdoors,77.0,19.0,grass,0
field_goal,made,47.0,00-0036162,T.Bass,BUF,DET,2022,12,dome,,,fieldturf,1
field_goal,missed,29.0,00-0034084,M.Badgley,DET,BUF,2022,12,dome,,,fieldturf,0
field_goal,made,51.0,00-0034084,M.Badgley,DET,BUF,2022,12,dome,,,fieldturf,1
field_goal,made,45.0,00-0036162,T.Bass,BUF,DET,2022,12,dome,,,fieldturf,1
field_goal,made,22.0,00-0031203,C.Santos,CHI,NYJ,2022,12,outdoors,50.0,9.0,fieldturf,1
field_goal,made,57.0,00-0029621,G.Zuerlein,NYJ,CHI,2022,12,outdoors,50.0,9.0,fieldturf,1
field_goal,missed,53.0,00-0029621,G.Zuerlein,NYJ,CHI,2022,12,outdoors,50.0,9.0,fieldturf,0
field_goal,made,33.0,00-0037606,C.Shudak,TEN,CIN,2022,12,outdoors,56.0,14.0,grass,1
field_goal,made,47.0,00-0036854,E.McPherson,CIN,TEN,2022,12,outdoors,56.0,14.0,grass,1
field_goal,missed,35.0,00-0037606,C.Shudak,TEN,CIN,2022,12,outdoors,56.0,14.0,grass,0
field_goal,made,38.0,00-0036854,E.McPherson,CIN,TEN,2022,12,outdoors,56.0,14.0,grass,1
field_goal,made,24.0,00-0037606,C.Shudak,TEN,CIN,2022,12,outdoors,56.0,14.0,grass,1
field_goal,made,38.0,00-0037606,C.Shudak,TEN,CIN,2022,12,outdoors,56.0,14.0,grass,1
field_goal,made,27.0,00-0029822,B.McManus,DEN,CAR,2022,12,outdoors,66.0,15.0,grass,1
field_goal,made,42.0,00-0034173,E.Pineiro,CAR,DEN,2022,12,outdoors,66.0,15.0,grass,1
field_goal,missed,56.0,00-0029822,B.McManus,DEN,CAR,2022,12,outdoors,66.0,15.0,grass,0
field_goal,made,26.0,00-0034173,E.Pineiro,CAR,DEN,2022,12,outdoors,66.0,15.0,grass,1
field_goal,made,36.0,00-0034173,E.Pineiro,CAR,DEN,2022,12,outdoors,66.0,15.0,grass,1
field_goal,made,29.0,00-0025580,M.Crosby,GB,PHI,2022,12,outdoors,62.0,24.0,grass,1
field_goal,made,31.0,00-0033787,J.Elliott,PHI,GB,2022,12,outdoors,62.0,24.0,grass,1
field_goal,made,54.0,00-0033787,J.Elliott,PHI,GB,2022,12,outdoors,62.0,24.0,grass,1
field_goal,made,33.0,00-0025580,M.Crosby,GB,PHI,2022,12,outdoors,62.0,24.0,grass,1
field_goal,made,45.0,00-0034794,J.Sanders,MIA,HOU,2022,12,outdoors,84.0,13.0,grass,1
field_goal,made,23.0,00-0034794,J.Sanders,MIA,HOU,2022,12,outdoors,84.0,13.0,grass,1
field_goal,made,35.0,00-0034794,J.Sanders,MIA,HOU,2022,12,outdoors,84.0,13.0,grass,1
field_goal,made,28.0,00-0032726,K.Fairbairn,HOU,MIA,2022,12,outdoors,84.0,13.0,grass,1
field_goal,made,43.0,00-0023853,M.Prater,ARI,LAC,2022,12,closed,,,grass,1
field_goal,missed,49.0,00-0023853,M.Prater,ARI,LAC,2022,12,closed,,,grass,0
field_goal,made,26.0,00-0037224,C.Dicker,LAC,ARI,2022,12,closed,,,grass,1
field_goal,made,47.0,00-0035269,M.Gay,LA,KC,2022,12,outdoors,44.0,6.0,grass,1
field_goal,made,27.0,00-0033303,H.Butker,KC,LA,2022,12,outdoors,44.0,6.0,grass,1
field_goal,made,32.0,00-0033303,H.Butker,KC,LA,2022,12,outdoors,44.0,6.0,grass,1
field_goal,made,22.0,00-0033303,H.Butker,KC,LA,2022,12,outdoors,44.0,6.0,grass,1
field_goal,made,22.0,00-0033303,H.Butker,KC,LA,2022,12,outdoors,44.0,6.0,grass,1
field_goal,made,24.0,00-0031492,J.Myers,SEA,LV,2022,12,outdoors,44.0,8.0,fieldturf,1
field_goal,made,34.0,00-0031492,J.Myers,SEA,LV,2022,12,outdoors,44.0,8.0,fieldturf,1
field_goal,made,36.0,00-0034161,D.Carlson,LV,SEA,2022,12,outdoors,44.0,8.0,fieldturf,1
field_goal,made,25.0,00-0034161,D.Carlson,LV,SEA,2022,12,outdoors,44.0,8.0,fieldturf,1
field_goal,missed,56.0,00-0034161,D.Carlson,LV,SEA,2022,12,outdoors,44.0,8.0,fieldturf,0
field_goal,made,34.0,00-0025565,N.Folk,NE,MIN,2022,12,dome,,,sportturf,1
field_goal,made,30.0,00-0034450,G.Joseph,MIN,NE,2022,12,dome,,,sportturf,1
field_goal,made,46.0,00-0025565,N.Folk,NE,MIN,2022,12,dome,,,sportturf,1
field_goal,made,23.0,00-0025565,N.Folk,NE,MIN,2022,12,dome,,,sportturf,1
field_goal,made,25.0,00-0025565,N.Folk,NE,MIN,2022,12,dome,,,sportturf,1
field_goal,made,36.0,00-0034450,G.Joseph,MIN,NE,2022,12,dome,,,sportturf,1
field_goal,made,24.0,00-0023252,R.Gould,SF,NO,2022,12,outdoors,59.0,2.0,grass,1
field_goal,made,46.0,00-0023252,R.Gould,SF,NO,2022,12,outdoors,59.0,2.0,grass,1
field_goal,missed,48.0,00-0032569,W.Lutz,NO,SF,2022,12,outdoors,59.0,2.0,grass,0
field_goal,made,57.0,00-0026858,G.Gano,NYG,DAL,2022,12,closed,,,matrixturf,1
field_goal,made,47.0,00-0026858,G.Gano,NYG,DAL,2022,12,closed,,,matrixturf,1
field_goal,missed,46.0,00-0030332,B.Maher,DAL,NYG,2022,12,closed,,,matrixturf,0
field_goal,made,45.0,00-0035189,M.Wright,PIT,IND,2022,12,closed,,,fieldturf,1
field_goal,made,52.0,00-0035189,M.Wright,PIT,IND,2022,12,closed,,,fieldturf,1
field_goal,made,51.0,00-0035358,C.McLaughlin,IND,PIT,2022,12,closed,,,fieldturf,1
field_goal,made,25.0,00-0035189,M.Wright,PIT,IND,2022,12,closed,,,fieldturf,1
field_goal,blocked,59.0,00-0035358,C.McLaughlin,IND,PIT,2022,12,closed,,,fieldturf,0
field_goal,made,51.0,00-0038097,C.York,CLE,TB,2022,12,outdoors,56.0,14.0,grass,1
field_goal,missed,39.0,00-0038097,C.York,CLE,TB,2022,12,outdoors,56.0,14.0,grass,0
field_goal,made,42.0,00-0026968,R.Succop,TB,CLE,2022,12,outdoors,56.0,14.0,grass,1
field_goal,made,48.0,00-0036162,T.Bass,BUF,NE,2022,13,outdoors,35.0,2.0,fieldturf,1
field_goal,missed,48.0,00-0025565,N.Folk,NE,BUF,2022,13,outdoors,35.0,2.0,fieldturf,0
field_goal,made,39.0,00-0025565,N.Folk,NE,BUF,2022,13,outdoors,35.0,2.0,fieldturf,1
field_goal,made,44.0,00-0032726,K.Fairbairn,HOU,CLE,2022,13,closed,,,astroturf,1
field_goal,made,35.0,00-0032726,K.Fairbairn,HOU,CLE,2022,13,closed,,,astroturf,1
field_goal,made,43.0,00-0038097,C.York,CLE,HOU,2022,13,closed,,,astroturf,1
field_goal,made,42.0,00-0038097,C.York,CLE,HOU,2022,13,closed,,,astroturf,1
field_goal,made,52.0,00-0029822,B.McManus,DEN,BAL,2022,13,outdoors,63.0,8.0,grass,1
field_goal,made,26.0,00-0029597,J.Tucker,BAL,DEN,2022,13,outdoors,63.0,8.0,grass,1
field_goal,made,41.0,00-0029822,B.McManus,DEN,BAL,2022,13,outdoors,63.0,8.0,grass,1
field_goal,made,50.0,00-0029822,B.McManus,DEN,BAL,2022,13,outdoors,63.0,8.0,grass,1
field_goal,missed,63.0,00-0029822,B.McManus,DEN,BAL,2022,13,outdoors,63.0,8.0,grass,0
field_goal,made,40.0,00-0031203,C.Santos,CHI,GB,2022,13,outdoors,38.0,12.0,grass,1
field_goal,made,24.0,00-0025580,M.Crosby,GB,CHI,2022,13,outdoors,38.0,12.0,grass,1
field_goal,made,28.0,00-0031203,C.Santos,CHI,GB,2022,13,outdoors,38.0,12.0,grass,1
field_goal,blocked,40.0,00-0031203,C.Santos,CHI,GB,2022,13,outdoors,38.0,12.0,grass,0
field_goal,made,32.0,00-0025580,M.Crosby,GB,CHI,2022,13,outdoors,38.0,12.0,grass,1
field_goal,made,52.0,00-0035358,C.McLaughlin,IND,DAL,2022,13,closed,,,matrixturf,1
field_goal,made,34.0,00-0035358,C.McLaughlin,IND,DAL,2022,13,closed,,,matrixturf,1
field_goal,made,31.0,00-0036816,R.Patterson,JAX,DET,2022,13,dome,,,fieldturf,1
field_goal,made,45.0,00-0034084,M.Badgley,DET,JAX,2022,13,dome,,,fieldturf,1
field_goal,made,47.0,00-0034084,M.Badgley,DET,JAX,2022,13,dome,,,fieldturf,1
field_goal,made,42.0,00-0036816,R.Patterson,JAX,DET,2022,13,dome,,,fieldturf,1
field_goal,made,38.0,00-0034084,M.Badgley,DET,JAX,2022,13,dome,,,fieldturf,1
field_goal,made,44.0,00-0034084,M.Badgley,DET,JAX,2022,13,dome,,,fieldturf,1
field_goal,made,26.0,00-0033303,H.Butker,KC,CIN,2022,13,outdoors,57.0,2.0,fieldturf,1
field_goal,made,36.0,00-0036854,E.McPherson,CIN,KC,2022,13,outdoors,57.0,2.0,fieldturf,1
field_goal,made,41.0,00-0036854,E.McPherson,CIN,KC,2022,13,outdoors,57.0,2.0,fieldturf,1
field_goal,missed,55.0,00-0033303,H.Butker,KC,CIN,2022,13,outdoors,57.0,2.0,fieldturf,0
field_goal,made,37.0,00-0037224,C.Dicker,LAC,LV,2022,13,dome,,,grass,1
field_goal,made,55.0,00-0034161,D.Carlson,LV,LAC,2022,13,dome,,,grass,1
field_goal,made,34.0,00-0037224,C.Dicker,LAC,LV,2022,13,dome,,,grass,1
field_goal,blocked,52.0,00-0034161,D.Carlson,LV,LAC,2022,13,dome,,,grass,0
field_goal,missed,52.0,00-0037224,C.Dicker,LAC,LV,2022,13,dome,,,grass,0
field_goal,made,25.0,00-0034161,D.Carlson,LV,LAC,2022,13,dome,,,grass,1
field_goal,made,47.0,00-0023252,R.Gould,SF,MIA,2022,13,outdoors,38.0,6.0,grass,1
field_goal,made,43.0,00-0034794,J.Sanders,MIA,SF,2022,13,outdoors,38.0,6.0,grass,1
field_goal,made,43.0,00-0023252,R.Gould,SF,MIA,2022,13,outdoors,38.0,6.0,grass,1
field_goal,made,36.0,00-0023252,R.Gould,SF,MIA,2022,13,outdoors,38.0,6.0,grass,1
field_goal,made,48.0,00-0023252,R.Gould,SF,MIA,2022,13,outdoors,38.0,6.0,grass,1
field_goal,made,21.0,00-0026968,R.Succop,TB,NO,2022,13,outdoors,69.0,2.0,grass,1
field_goal,made,38.0,00-0032569,W.Lutz,NO,TB,2022,13,outdoors,69.0,2.0,grass,1
field_goal,made,21.0,00-0032569,W.Lutz,NO,TB,2022,13,outdoors,69.0,2.0,grass,1
field_goal,made,29.0,00-0032569,W.Lutz,NO,TB,2022,13,outdoors,69.0,2.0,grass,1
field_goal,made,51.0,00-0034450,G.Joseph,MIN,NYJ,2022,13,dome,,,sportturf,1
field_goal,made,48.0,00-0029621,G.Zuerlein,NYJ,MIN,2022,13,dome,,,sportturf,1
field_goal,made,41.0,00-0034450,G.Joseph,MIN,NYJ,2022,13,dome,,,sportturf,1
field_goal,made,60.0,00-0029621,G.Zuerlein,NYJ,MIN,2022,13,dome,,,sportturf,1
field_goal,made,36.0,00-0029621,G.Zuerlein,NYJ,MIN,2022,13,dome,,,sportturf,1
field_goal,made,30.0,00-0029621,G.Zuerlein,NYJ,MIN,2022,13,dome,,,sportturf,1
field_goal,made,26.0,00-0029621,G.Zuerlein,NYJ,MIN,2022,13,dome,,,sportturf,1
field_goal,made,46.0,00-0035189,M.Wright,PIT,ATL,2022,13,closed,,,fieldturf,1
field_goal,made,46.0,00-0035189,M.Wright,PIT,ATL,2022,13,closed,,,fieldturf,1
field_goal,made,50.0,00-0033702,Y.Koo,ATL,PIT,2022,13,closed,,,fieldturf,1
field_goal,made,51.0,00-0033702,Y.Koo,ATL,PIT,2022,13,closed,,,fieldturf,1
field_goal,made,48.0,00-0035189,M.Wright,PIT,ATL,2022,13,closed,,,fieldturf,1
field_goal,made,33.0,00-0035189,M.Wright,PIT,ATL,2022,13,closed,,,fieldturf,1
field_goal,made,28.0,00-0033702,Y.Koo,ATL,PIT,2022,13,closed,,,fieldturf,1
field_goal,made,40.0,00-0035269,M.Gay,LA,SEA,2022,13,dome,,,matrixturf,1
field_goal,made,54.0,00-0035269,M.Gay,LA,SEA,2022,13,dome,,,matrixturf,1
field_goal,made,41.0,00-0031492,J.Myers,SEA,LA,2022,13,dome,,,matrixturf,1
field_goal,made,32.0,00-0035269,M.Gay,LA,SEA,2022,13,dome,,,matrixturf,1
field_goal,made,26.0,00-0031492,J.Myers,SEA,LA,2022,13,dome,,,matrixturf,1
field_goal,made,36.0,00-0029421,R.Bullock,TEN,PHI,2022,13,outdoors,60.0,7.0,grass,1
field_goal,made,21.0,00-0035192,J.Slye,WAS,NYG,2022,13,outdoors,40.0,9.0,fieldturf,1
field_goal,made,48.0,00-0026858,G.Gano,NYG,WAS,2022,13,outdoors,40.0,9.0,fieldturf,1
field_goal,made,42.0,00-0035192,J.Slye,WAS,NYG,2022,13,outdoors,40.0,9.0,fieldturf,1
field_goal,made,27.0,00-0026858,G.Gano,NYG,WAS,2022,13,outdoors,40.0,9.0,fieldturf,1
field_goal,missed,52.0,00-0035192,J.Slye,WAS,NYG,2022,13,outdoors,40.0,9.0,fieldturf,0
field_goal,missed,58.0,00-0026858,G.Gano,NYG,WAS,2022,13,outdoors,40.0,9.0,fieldturf,0
field_goal,made,42.0,00-0029597,J.Tucker,BAL,PIT,2022,14,outdoors,42.0,12.0,grass,1
field_goal,made,35.0,00-0029597,J.Tucker,BAL,PIT,2022,14,outdoors,42.0,12.0,grass,1
field_goal,blocked,40.0,00-0031136,C.Boswell,PIT,BAL,2022,14,outdoors,42.0,12.0,grass,0
field_goal,made,30.0,00-0029597,J.Tucker,BAL,PIT,2022,14,outdoors,42.0,12.0,grass,1
field_goal,made,47.0,00-0034173,E.Pineiro,CAR,SEA,2022,14,outdoors,45.0,4.0,fieldturf,1
field_goal,made,32.0,00-0034173,E.Pineiro,CAR,SEA,2022,14,outdoors,45.0,4.0,fieldturf,1
field_goal,made,27.0,00-0031492,J.Myers,SEA,CAR,2022,14,outdoors,45.0,4.0,fieldturf,1
field_goal,made,39.0,00-0034173,E.Pineiro,CAR,SEA,2022,14,outdoors,45.0,4.0,fieldturf,1
field_goal,made,26.0,00-0038097,C.York,CLE,CIN,2022,14,outdoors,47.0,8.0,fieldturf,1
field_goal,made,30.0,00-0036854,E.McPherson,CIN,CLE,2022,14,outdoors,47.0,8.0,fieldturf,1
field_goal,made,43.0,00-0032726,K.Fairbairn,HOU,DAL,2022,14,closed,,,matrixturf,1
field_goal,made,33.0,00-0030332,B.Maher,DAL,HOU,2022,14,closed,,,matrixturf,1
field_goal,made,50.0,00-0032726,K.Fairbairn,HOU,DAL,2022,14,closed,,,matrixturf,1
field_goal,made,54.0,00-0032726,K.Fairbairn,HOU,DAL,2022,14,closed,,,matrixturf,1
field_goal,made,53.0,00-0030332,B.Maher,DAL,HOU,2022,14,closed,,,matrixturf,1
field_goal,made,37.0,00-0036816,R.Patterson,JAX,TEN,2022,14,outdoors,54.0,8.0,grass,1
field_goal,made,43.0,00-0036816,R.Patterson,JAX,TEN,2022,14,outdoors,54.0,8.0,grass,1
field_goal,made,33.0,00-0036816,R.Patterson,JAX,TEN,2022,14,outdoors,54.0,8.0,grass,1
field_goal,made,35.0,00-0033303,H.Butker,KC,DEN,2022,14,outdoors,55.0,4.0,grass,1
field_goal,made,45.0,00-0033303,H.Butker,KC,DEN,2022,14,outdoors,55.0,4.0,grass,1
field_goal,made,52.0,00-0034161,D.Carlson,LV,LA,2022,14,dome,,,matrixturf,1
field_goal,made,55.0,00-0035269,M.Gay,LA,LV,2022,14,dome,,,matrixturf,1
field_goal,made,31.0,00-0034161,D.Carlson,LV,LA,2022,14,dome,,,matrixturf,1
field_goal,missed,61.0,00-0035269,M.Gay,LA,LV,2022,14,dome,,,matrixturf,0
field_goal,made,36.0,00-0034161,D.Carlson,LV,LA,2022,14,dome,,,matrixturf,1
field_goal,made,33.0,00-0037224,C.Dicker,LAC,MIA,2022,14,dome,,,matrixturf,1
field_goal,made,31.0,00-0037224,C.Dicker,LAC,MIA,2022,14,dome,,,matrixturf,1
field_goal,made,28.0,00-0037224,C.Dicker,LAC,MIA,2022,14,dome,,,matrixturf,1
field_goal,made,55.0,00-0034794,J.Sanders,MIA,LAC,2022,14,dome,,,matrixturf,1
field_goal,missed,47.0,00-0034084,M.Badgley,DET,MIN,2022,14,dome,,,fieldturf,0
field_goal,made,41.0,00-0034450,G.Joseph,MIN,DET,2022,14,dome,,,fieldturf,1
field_goal,made,41.0,00-0034084,M.Badgley,DET,MIN,2022,14,dome,,,fieldturf,1
field_goal,made,49.0,00-0034084,M.Badgley,DET,MIN,2022,14,dome,,,fieldturf,1
field_goal,missed,50.0,00-0023853,M.Prater,ARI,NE,2022,14,closed,,,grass,0
field_goal,made,33.0,00-0023853,M.Prater,ARI,NE,2022,14,closed,,,grass,1
field_goal,made,32.0,00-0023853,M.Prater,ARI,NE,2022,14,closed,,,grass,1
field_goal,made,51.0,00-0025565,N.Folk,NE,ARI,2022,14,closed,,,grass,1
field_goal,made,23.0,00-0025565,N.Folk,NE,ARI,2022,14,closed,,,grass,1
field_goal,made,38.0,00-0036162,T.Bass,BUF,NYJ,2022,14,outdoors,36.0,11.0,a_turf,1
field_goal,made,49.0,00-0036162,T.Bass,BUF,NYJ,2022,14,outdoors,36.0,11.0,a_turf,1
field_goal,made,26.0,00-0029621,G.Zuerlein,NYJ,BUF,2022,14,outdoors,36.0,11.0,a_turf,1
field_goal,made,29.0,00-0033787,J.Elliott,PHI,NYG,2022,14,outdoors,37.0,6.0,fieldturf,1
field_goal,made,39.0,00-0033787,J.Elliott,PHI,NYG,2022,14,outdoors,37.0,6.0,fieldturf,1
field_goal,missed,55.0,00-0026968,R.Succop,TB,SF,2022,14,outdoors,54.0,8.0,grass,0
field_goal,made,52.0,00-0029822,B.McManus,DEN,ARI,2022,15,outdoors,37.0,4.0,grass,1
field_goal,missed,38.0,00-0029822,B.McManus,DEN,ARI,2022,15,outdoors,37.0,4.0,grass,0
field_goal,made,45.0,00-0023853,M.Prater,ARI,DEN,2022,15,outdoors,37.0,4.0,grass,1
field_goal,made,50.0,00-0023853,M.Prater,ARI,DEN,2022,15,outdoors,37.0,4.0,grass,1
field_goal,made,55.0,00-0023853,M.Prater,ARI,DEN,2022,15,outdoors,37.0,4.0,grass,1
field_goal,made,28.0,00-0033702,Y.Koo,ATL,NO,2022,15,dome,,,sportturf,1
field_goal,made,47.0,00-0038097,C.York,CLE,BAL,2022,15,outdoors,34.0,12.0,grass,1
field_goal,made,53.0,00-0029597,J.Tucker,BAL,CLE,2022,15,outdoors,34.0,12.0,grass,1
field_goal,made,23.0,00-0038097,C.York,CLE,BAL,2022,15,outdoors,34.0,12.0,grass,1
field_goal,missed,48.0,00-0029597,J.Tucker,BAL,CLE,2022,15,outdoors,34.0,12.0,grass,0
field_goal,blocked,50.0,00-0029597,J.Tucker,BAL,CLE,2022,15,outdoors,34.0,12.0,grass,0
field_goal,missed,38.0,00-0038097,C.York,CLE,BAL,2022,15,outdoors,34.0,12.0,grass,0
field_goal,missed,46.0,00-0038097,C.York,CLE,BAL,2022,15,outdoors,34.0,12.0,grass,0
field_goal,made,21.0,00-0026968,R.Succop,TB,CIN,2022,15,outdoors,66.0,6.0,grass,1
field_goal,missed,50.0,00-0026968,R.Succop,TB,CIN,2022,15,outdoors,66.0,6.0,grass,0
field_goal,made,41.0,00-0036854,E.McPherson,CIN,TB,2022,15,outdoors,66.0,6.0,grass,1
field_goal,made,21.0,00-0036854,E.McPherson,CIN,TB,2022,15,outdoors,66.0,6.0,grass,1
field_goal,made,33.0,00-0036816,R.Patterson,JAX,DAL,2022,15,outdoors,54.0,9.0,grass,1
field_goal,made,24.0,00-0030332,B.Maher,DAL,JAX,2022,15,outdoors,54.0,9.0,grass,1
field_goal,made,53.0,00-0030332,B.Maher,DAL,JAX,2022,15,outdoors,54.0,9.0,grass,1
field_goal,made,48.0,00-0036816,R.Patterson,JAX,DAL,2022,15,outdoors,54.0,9.0,grass,1
field_goal,made,31.0,00-0034084,M.Badgley,DET,NYJ,2022,15,outdoors,38.0,13.0,fieldturf,1
field_goal,made,34.0,00-0029621,G.Zuerlein,NYJ,DET,2022,15,outdoors,38.0,13.0,fieldturf,1
field_goal,made,34.0,00-0034084,M.Badgley,DET,NYJ,2022,15,outdoors,38.0,13.0,fieldturf,1
field_goal,missed,54.0,00-0034084,M.Badgley,DET,NYJ,2022,15,outdoors,38.0,13.0,fieldturf,0
field_goal,missed,58.0,00-0029621,G.Zuerlein,NYJ,DET,2022,15,outdoors,38.0,13.0,fieldturf,0
field_goal,made,26.0,00-0035358,C.McLaughlin,IND,MIN,2022,15,dome,,,sportturf,1
field_goal,made,28.0,00-0035358,C.McLaughlin,IND,MIN,2022,15,dome,,,sportturf,1
field_goal,made,49.0,00-0035358,C.McLaughlin,IND,MIN,2022,15,dome,,,sportturf,1
field_goal,made,27.0,00-0035358,C.McLaughlin,IND,MIN,2022,15,dome,,,sportturf,1
field_goal,made,52.0,00-0035358,C.McLaughlin,IND,MIN,2022,15,dome,,,sportturf,1
field_goal,made,40.0,00-0034450,G.Joseph,MIN,IND,2022,15,dome,,,sportturf,1
field_goal,made,27.0,00-0033303,H.Butker,KC,HOU,2022,15,closed,,,astroturf,1
field_goal,made,29.0,00-0032726,K.Fairbairn,HOU,KC,2022,15,closed,,,astroturf,1
field_goal,missed,51.0,00-0033303,H.Butker,KC,HOU,2022,15,closed,,,astroturf,0
field_goal,made,34.0,00-0025580,M.Crosby,GB,LA,2022,15,outdoors,15.0,4.0,grass,1
field_goal,made,33.0,00-0035269,M.Gay,LA,GB,2022,15,outdoors,15.0,4.0,grass,1
field_goal,made,55.0,00-0035269,M.Gay,LA,GB,2022,15,outdoors,15.0,4.0,grass,1
field_goal,made,39.0,00-0034794,J.Sanders,MIA,BUF,2022,15,outdoors,29.0,4.0,a_turf,1
field_goal,made,21.0,00-0034794,J.Sanders,MIA,BUF,2022,15,outdoors,29.0,4.0,a_turf,1
field_goal,made,47.0,00-0034794,J.Sanders,MIA,BUF,2022,15,outdoors,29.0,4.0,a_turf,1
field_goal,made,25.0,00-0036162,T.Bass,BUF,MIA,2022,15,outdoors,29.0,4.0,a_turf,1
field_goal,made,49.0,00-0034161,D.Carlson,LV,NE,2022,15,dome,,,grass,1
field_goal,made,24.0,00-0025565,N.Folk,NE,LV,2022,15,dome,,,grass,1
field_goal,made,47.0,00-0025565,N.Folk,NE,LV,2022,15,dome,,,grass,1
field_goal,made,54.0,00-0025565,N.Folk,NE,LV,2022,15,dome,,,grass,1
field_goal,made,41.0,00-0035192,J.Slye,WAS,NYG,2022,15,outdoors,35.0,13.0,grass,1
field_goal,made,50.0,00-0026858,G.Gano,NYG,WAS,2022,15,outdoors,35.0,13.0,grass,1
field_goal,made,51.0,00-0035192,J.Slye,WAS,NYG,2022,15,outdoors,35.0,13.0,grass,1
field_goal,made,50.0,00-0026858,G.Gano,NYG,WAS,2022,15,outdoors,35.0,13.0,grass,1
field_goal,made,32.0,00-0033787,J.Elliott,PHI,CHI,2022,15,outdoors,17.0,17.0,grass,1
field_goal,missed,38.0,00-0033787,J.Elliott,PHI,CHI,2022,15,outdoors,17.0,17.0,grass,0
field_goal,made,29.0,00-0034173,E.Pineiro,CAR,PIT,2022,15,outdoors,47.0,7.0,grass,1
field_goal,made,32.0,00-0034173,E.Pineiro,CAR,PIT,2022,15,outdoors,47.0,7.0,grass,1
field_goal,made,50.0,00-0031136,C.Boswell,PIT,CAR,2022,15,outdoors,47.0,7.0,grass,1
field_goal,made,52.0,00-0034173,E.Pineiro,CAR,PIT,2022,15,outdoors,47.0,7.0,grass,1
field_goal,made,38.0,00-0031492,J.Myers,SEA,SF,2022,15,outdoors,,,fieldturf,1
field_goal,made,51.0,00-0031492,J.Myers,SEA,SF,2022,15,outdoors,,,fieldturf,1
field_goal,missed,43.0,00-0023252,R.Gould,SF,SEA,2022,15,outdoors,,,fieldturf,0
field_goal,missed,51.0,00-0029421,R.Bullock,TEN,LAC,2022,15,dome,,,matrixturf,0
field_goal,made,43.0,00-0037224,C.Dicker,LAC,TEN,2022,15,dome,,,matrixturf,1
field_goal,made,21.0,00-0029597,J.Tucker,BAL,ATL,2022,16,outdoors,17.0,9.0,grass,1
field_goal,blocked,55.0,00-0029597,J.Tucker,BAL,ATL,2022,16,outdoors,17.0,9.0,grass,0
field_goal,made,27.0,00-0029597,J.Tucker,BAL,ATL,2022,16,outdoors,17.0,9.0,grass,1
field_goal,made,32.0,00-0033702,Y.Koo,ATL,BAL,2022,16,outdoors,17.0,9.0,grass,1
field_goal,made,34.0,00-0033702,Y.Koo,ATL,BAL,2022,16,outdoors,17.0,9.0,grass,1
field_goal,made,21.0,00-0029597,J.Tucker,BAL,ATL,2022,16,outdoors,17.0,9.0,grass,1
field_goal,made,37.0,00-0033702,Y.Koo,ATL,BAL,2022,16,outdoors,17.0,9.0,grass,1
field_goal,made,37.0,00-0031203,C.Santos,CHI,BUF,2022,16,outdoors,7.0,17.0,grass,1
field_goal,missed,38.0,00-0036162,T.Bass,BUF,CHI,2022,16,outdoors,7.0,17.0,grass,0
field_goal,made,35.0,00-0031203,C.Santos,CHI,BUF,2022,16,outdoors,7.0,17.0,grass,1
field_goal,made,28.0,00-0036854,E.McPherson,CIN,NE,2022,16,outdoors,21.0,2.0,fieldturf,1
field_goal,missed,43.0,00-0036854,E.McPherson,CIN,NE,2022,16,outdoors,21.0,2.0,fieldturf,0
field_goal,made,55.0,00-0035269,M.Gay,LA,DEN,2022,16,dome,,,matrixturf,1
field_goal,made,54.0,00-0029822,B.McManus,DEN,LA,2022,16,dome,,,matrixturf,1
field_goal,made,49.0,00-0029822,B.McManus,DEN,LA,2022,16,dome,,,matrixturf,1
field_goal,made,30.0,00-0035269,M.Gay,LA,DEN,2022,16,dome,,,matrixturf,1
field_goal,made,53.0,00-0035269,M.Gay,LA,DEN,2022,16,dome,,,matrixturf,1
field_goal,made,37.0,00-0034173,E.Pineiro,CAR,DET,2022,16,outdoors,20.0,12.0,grass,1
field_goal,made,40.0,00-0034173,E.Pineiro,CAR,DET,2022,16,outdoors,20.0,12.0,grass,1
field_goal,made,36.0,00-0034173,E.Pineiro,CAR,DET,2022,16,outdoors,20.0,12.0,grass,1
field_goal,made,34.0,00-0034084,M.Badgley,DET,CAR,2022,16,outdoors,20.0,12.0,grass,1
field_goal,made,46.0,00-0034794,J.Sanders,MIA,GB,2022,16,outdoors,45.0,14.0,grass,1
field_goal,made,36.0,00-0025580,M.Crosby,GB,MIA,2022,16,outdoors,45.0,14.0,grass,1
field_goal,made,34.0,00-0034794,J.Sanders,MIA,GB,2022,16,outdoors,45.0,14.0,grass,1
field_goal,made,46.0,00-0025580,M.Crosby,GB,MIA,2022,16,outdoors,45.0,14.0,grass,1
field_goal,missed,48.0,00-0034794,J.Sanders,MIA,GB,2022,16,outdoors,45.0,14.0,grass,0
field_goal,made,28.0,00-0025580,M.Crosby,GB,MIA,2022,16,outdoors,45.0,14.0,grass,1
field_goal,made,26.0,00-0025580,M.Crosby,GB,MIA,2022,16,outdoors,45.0,14.0,grass,1
field_goal,made,25.0,00-0032726,K.Fairbairn,HOU,TEN,2022,16,outdoors,22.0,14.0,grass,1
field_goal,made,22.0,00-0032726,K.Fairbairn,HOU,TEN,2022,16,outdoors,22.0,14.0,grass,1
field_goal,made,37.0,00-0029621,G.Zuerlein,NYJ,JAX,2022,16,outdoors,43.0,17.0,fieldturf,1
field_goal,made,32.0,00-0036816,R.Patterson,JAX,NYJ,2022,16,outdoors,43.0,17.0,fieldturf,1
field_goal,made,45.0,00-0036816,R.Patterson,JAX,NYJ,2022,16,outdoors,43.0,17.0,fieldturf,1
field_goal,missed,44.0,00-0036816,R.Patterson,JAX,NYJ,2022,16,outdoors,43.0,17.0,fieldturf,0
field_goal,made,41.0,00-0036816,R.Patterson,JAX,NYJ,2022,16,outdoors,43.0,17.0,fieldturf,1
field_goal,made,37.0,00-0036816,R.Patterson,JAX,NYJ,2022,16,outdoors,43.0,17.0,fieldturf,1
field_goal,made,46.0,00-0035358,C.McLaughlin,IND,LAC,2022,16,closed,,,fieldturf,1
field_goal,made,24.0,00-0037224,C.Dicker,LAC,IND,2022,16,closed,,,fieldturf,1
field_goal,made,21.0,00-0037224,C.Dicker,LAC,IND,2022,16,closed,,,fieldturf,1
field_goal,missed,43.0,00-0031136,C.Boswell,PIT,LV,2022,16,outdoors,9.0,21.0,grass,0
field_goal,made,44.0,00-0031136,C.Boswell,PIT,LV,2022,16,outdoors,9.0,21.0,grass,1
field_goal,made,40.0,00-0034161,D.Carlson,LV,PIT,2022,16,outdoors,9.0,21.0,grass,1
field_goal,missed,52.0,00-0031136,C.Boswell,PIT,LV,2022,16,outdoors,9.0,21.0,grass,0
field_goal,made,40.0,00-0031136,C.Boswell,PIT,LV,2022,16,outdoors,9.0,21.0,grass,1
field_goal,made,30.0,00-0038097,C.York,CLE,NO,2022,16,outdoors,6.0,27.0,grass,1
field_goal,made,23.0,00-0032569,W.Lutz,NO,CLE,2022,16,outdoors,6.0,27.0,grass,1
field_goal,made,40.0,00-0034450,G.Joseph,MIN,NYG,2022,16,dome,,,sportturf,1
field_goal,made,44.0,00-0026858,G.Gano,NYG,MIN,2022,16,dome,,,sportturf,1
field_goal,made,44.0,00-0026858,G.Gano,NYG,MIN,2022,16,dome,,,sportturf,1
field_goal,made,55.0,00-0026858,G.Gano,NYG,MIN,2022,16,dome,,,sportturf,1
field_goal,made,61.0,00-0034450,G.Joseph,MIN,NYG,2022,16,dome,,,sportturf,1
field_goal,made,25.0,00-0033787,J.Elliott,PHI,DAL,2022,16,closed,,,matrixturf,1
field_goal,made,21.0,00-0030332,B.Maher,DAL,PHI,2022,16,closed,,,matrixturf,1
field_goal,made,47.0,00-0033787,J.Elliott,PHI,DAL,2022,16,closed,,,matrixturf,1
field_goal,made,44.0,00-0030332,B.Maher,DAL,PHI,2022,16,closed,,,matrixturf,1
field_goal,made,48.0,00-0030332,B.Maher,DAL,PHI,2022,16,closed,,,matrixturf,1
field_goal,made,26.0,00-0030332,B.Maher,DAL,PHI,2022,16,closed,,,matrixturf,1
field_goal,made,47.0,00-0033303,H.Butker,KC,SEA,2022,16,outdoors,12.0,9.0,grass,1
field_goal,made,22.0,00-0031492,J.Myers,SEA,KC,2022,16,outdoors,12.0,9.0,grass,1
field_goal,made,38.0,00-0026968,R.Succop,TB,ARI,2022,16,open,,,grass,1
field_goal,made,56.0,00-0023853,M.Prater,ARI,TB,2022,16,open,,,grass,1
field_goal,made,35.0,00-0026968,R.Succop,TB,ARI,2022,16,open,,,grass,1
field_goal,made,53.0,00-0023853,M.Prater,ARI,TB,2022,16,open,,,grass,1
field_goal,made,39.0,00-0023853,M.Prater,ARI,TB,2022,16,open,,,grass,1
field_goal,made,42.0,00-0026968,R.Succop,TB,ARI,2022,16,open,,,grass,1
field_goal,made,40.0,00-0026968,R.Succop,TB,ARI,2022,16,open,,,grass,1
field_goal,made,26.0,00-0023252,R.Gould,SF,WAS,2022,16,outdoors,54.0,2.0,grass,1
field_goal,made,23.0,00-0023252,R.Gould,SF,WAS,2022,16,outdoors,54.0,2.0,grass,1
field_goal,made,35.0,00-0023252,R.Gould,SF,WAS,2022,16,outdoors,54.0,2.0,grass,1
field_goal,made,38.0,00-0023853,M.Prater,ARI,ATL,2022,17,closed,,,fieldturf,1
field_goal,made,36.0,00-0023853,M.Prater,ARI,ATL,2022,17,closed,,,fieldturf,1
field_goal,made,36.0,00-0023853,M.Prater,ARI,ATL,2022,17,closed,,,fieldturf,1
field_goal,missed,43.0,00-0023853,M.Prater,ARI,ATL,2022,17,closed,,,fieldturf,0
field_goal,made,27.0,00-0033702,Y.Koo,ATL,ARI,2022,17,closed,,,fieldturf,1
field_goal,made,57.0,00-0023853,M.Prater,ARI,ATL,2022,17,closed,,,fieldturf,1
field_goal,made,21.0,00-0033702,Y.Koo,ATL,ARI,2022,17,closed,,,fieldturf,1
field_goal,missed,53.0,00-0026968,R.Succop,TB,CAR,2022,17,outdoors,75.0,2.0,grass,0
field_goal,made,22.0,00-0026968,R.Succop,TB,CAR,2022,17,outdoors,75.0,2.0,grass,1
field_goal,blocked,26.0,00-0026968,R.Succop,TB,CAR,2022,17,outdoors,75.0,2.0,grass,0
field_goal,made,49.0,00-0034173,E.Pineiro,CAR,TB,2022,17,outdoors,75.0,2.0,grass,1
field_goal,made,23.0,00-0031203,C.Santos,CHI,DET,2022,17,dome,,,fieldturf,1
field_goal,made,23.0,00-0034084,M.Badgley,DET,CHI,2022,17,dome,,,fieldturf,1
field_goal,made,41.0,00-0034084,M.Badgley,DET,CHI,2022,17,dome,,,fieldturf,1
field_goal,made,37.0,00-0038097,C.York,CLE,WAS,2022,17,outdoors,59.0,9.0,grass,1
field_goal,made,43.0,00-0035192,J.Slye,WAS,CLE,2022,17,outdoors,59.0,9.0,grass,1
field_goal,made,36.0,00-0030332,B.Maher,DAL,TEN,2022,17,outdoors,56.0,4.0,grass,1
field_goal,made,37.0,00-0029421,R.Bullock,TEN,DAL,2022,17,outdoors,56.0,4.0,grass,1
field_goal,made,29.0,00-0029421,R.Bullock,TEN,DAL,2022,17,outdoors,56.0,4.0,grass,1
field_goal,made,45.0,00-0030332,B.Maher,DAL,TEN,2022,17,outdoors,56.0,4.0,grass,1
field_goal,made,49.0,00-0029822,B.McManus,DEN,KC,2022,17,outdoors,47.0,2.0,grass,1
field_goal,blocked,51.0,00-0033303,H.Butker,KC,DEN,2022,17,outdoors,47.0,2.0,grass,0
field_goal,made,23.0,00-0035358,C.McLaughlin,IND,NYG,2022,17,outdoors,52.0,14.0,fieldturf,1
field_goal,made,36.0,00-0026858,G.Gano,NYG,IND,2022,17,outdoors,52.0,14.0,fieldturf,1
field_goal,missed,48.0,00-0035358,C.McLaughlin,IND,NYG,2022,17,outdoors,52.0,14.0,fieldturf,0
field_goal,made,56.0,00-0032726,K.Fairbairn,HOU,JAX,2022,17,closed,,,astroturf,1
field_goal,made,53.0,00-0036816,R.Patterson,JAX,HOU,2022,17,closed,,,astroturf,1
field_goal,made,23.0,00-0035269,M.Gay,LA,LAC,2022,17,dome,,,matrixturf,1
field_goal,made,40.0,00-0037224,C.Dicker,LAC,LA,2022,17,dome,,,matrixturf,1
field_goal,missed,51.0,00-0034794,J.Sanders,MIA,NE,2022,17,outdoors,53.0,2.0,fieldturf,0
field_goal,made,49.0,00-0025565,N.Folk,NE,MIA,2022,17,outdoors,53.0,2.0,fieldturf,1
field_goal,made,21.0,00-0034450,G.Joseph,MIN,GB,2022,17,outdoors,39.0,7.0,grass,1
field_goal,missed,46.0,00-0034450,G.Joseph,MIN,GB,2022,17,outdoors,39.0,7.0,grass,0
field_goal,made,26.0,00-0025580,M.Crosby,GB,MIN,2022,17,outdoors,39.0,7.0,grass,1
field_goal,missed,50.0,00-0034450,G.Joseph,MIN,GB,2022,17,outdoors,39.0,7.0,grass,0
field_goal,made,56.0,00-0025580,M.Crosby,GB,MIN,2022,17,outdoors,39.0,7.0,grass,1
field_goal,made,54.0,00-0032569,W.Lutz,NO,PHI,2022,17,outdoors,54.0,11.0,grass,1
field_goal,made,20.0,00-0032569,W.Lutz,NO,PHI,2022,17,outdoors,54.0,11.0,grass,1
field_goal,made,56.0,00-0033787,J.Elliott,PHI,NO,2022,17,outdoors,54.0,11.0,grass,1
field_goal,made,25.0,00-0031492,J.Myers,SEA,NYJ,2022,17,outdoors,45.0,2.0,fieldturf,1
field_goal,made,44.0,00-0029621,G.Zuerlein,NYJ,SEA,2022,17,outdoors,45.0,2.0,fieldturf,1
field_goal,made,44.0,00-0029621,G.Zuerlein,NYJ,SEA,2022,17,outdoors,45.0,2.0,fieldturf,1
field_goal,missed,57.0,00-0029621,G.Zuerlein,NYJ,SEA,2022,17,outdoors,45.0,2.0,fieldturf,0
field_goal,made,31.0,00-0031492,J.Myers,SEA,NYJ,2022,17,outdoors,45.0,2.0,fieldturf,1
field_goal,missed,41.0,00-0031492,J.Myers,SEA,NYJ,2022,17,outdoors,45.0,2.0,fieldturf,0
field_goal,made,31.0,00-0031492,J.Myers,SEA,NYJ,2022,17,outdoors,45.0,2.0,fieldturf,1
field_goal,made,21.0,00-0031136,C.Boswell,PIT,BAL,2022,17,outdoors,44.0,2.0,grass,1
field_goal,made,30.0,00-0029597,J.Tucker,BAL,PIT,2022,17,outdoors,44.0,2.0,grass,1
field_goal,missed,48.0,00-0031136,C.Boswell,PIT,BAL,2022,17,outdoors,44.0,2.0,grass,0
field_goal,made,51.0,00-0029597,J.Tucker,BAL,PIT,2022,17,outdoors,44.0,2.0,grass,1
field_goal,made,51.0,00-0031136,C.Boswell,PIT,BAL,2022,17,outdoors,44.0,2.0,grass,1
field_goal,made,33.0,00-0031136,C.Boswell,PIT,BAL,2022,17,outdoors,44.0,2.0,grass,1
field_goal,made,20.0,00-0034161,D.Carlson,LV,SF,2022,17,dome,,,grass,1
field_goal,made,43.0,00-0023252,R.Gould,SF,LV,2022,17,dome,,,grass,1
field_goal,made,24.0,00-0023252,R.Gould,SF,LV,2022,17,dome,,,grass,1
field_goal,made,57.0,00-0034161,D.Carlson,LV,SF,2022,17,dome,,,grass,1
field_goal,missed,41.0,00-0023252,R.Gould,SF,LV,2022,17,dome,,,grass,0
field_goal,made,23.0,00-0023252,R.Gould,SF,LV,2022,17,dome,,,grass,1
field_goal,made,27.0,00-0023252,R.Gould,SF,ARI,2022,18,outdoors,57.0,2.0,grass,1
field_goal,made,34.0,00-0036854,E.McPherson,CIN,BAL,2022,18,outdoors,38.0,7.0,fieldturf,1
field_goal,made,26.0,00-0029597,J.Tucker,BAL,CIN,2022,18,outdoors,38.0,7.0,fieldturf,1
field_goal,made,26.0,00-0036854,E.McPherson,CIN,BAL,2022,18,outdoors,38.0,7.0,fieldturf,1
field_goal,made,51.0,00-0029597,J.Tucker,BAL,CIN,2022,18,outdoors,38.0,7.0,fieldturf,1
field_goal,made,27.0,00-0029597,J.Tucker,BAL,CIN,2022,18,outdoors,38.0,7.0,fieldturf,1
field_goal,missed,44.0,00-0032569,W.Lutz,NO,CAR,2022,18,dome,,,sportturf,0
field_goal,blocked,55.0,00-0032569,W.Lutz,NO,CAR,2022,18,dome,,,sportturf,0
field_goal,made,42.0,00-0034173,E.Pineiro,CAR,NO,2022,18,dome,,,sportturf,1
field_goal,made,49.0,00-0031136,C.Boswell,PIT,CLE,2022,18,outdoors,36.0,8.0,grass,1
field_goal,made,34.0,00-0031136,C.Boswell,PIT,CLE,2022,18,outdoors,36.0,8.0,grass,1
field_goal,missed,31.0,00-0035192,J.Slye,WAS,DAL,2022,18,outdoors,42.0,7.0,grass,0
field_goal,missed,52.0,00-0035192,J.Slye,WAS,DAL,2022,18,outdoors,42.0,7.0,grass,0
field_goal,made,29.0,00-0035192,J.Slye,WAS,DAL,2022,18,outdoors,42.0,7.0,grass,1
field_goal,made,22.0,00-0035192,J.Slye,WAS,DAL,2022,18,outdoors,42.0,7.0,grass,1
field_goal,made,22.0,00-0025580,M.Crosby,GB,DET,2022,18,outdoors,21.0,4.0,grass,1
field_goal,made,37.0,00-0034084,M.Badgley,DET,GB,2022,18,outdoors,21.0,4.0,grass,1
field_goal,made,49.0,00-0025580,M.Crosby,GB,DET,2022,18,outdoors,21.0,4.0,grass,1
field_goal,made,48.0,00-0025580,M.Crosby,GB,DET,2022,18,outdoors,21.0,4.0,grass,1
field_goal,missed,46.0,00-0034084,M.Badgley,DET,GB,2022,18,outdoors,21.0,4.0,grass,0
field_goal,made,33.0,00-0034084,M.Badgley,DET,GB,2022,18,outdoors,21.0,4.0,grass,1
field_goal,missed,53.0,00-0025580,M.Crosby,GB,DET,2022,18,outdoors,21.0,4.0,grass,0
field_goal,made,37.0,00-0032726,K.Fairbairn,HOU,IND,2022,18,closed,,,fieldturf,1
field_goal,made,54.0,00-0035358,C.McLaughlin,IND,HOU,2022,18,closed,,,fieldturf,1
field_goal,made,54.0,00-0034161,D.Carlson,LV,KC,2022,18,dome,,,grass,1
field_goal,made,44.0,00-0033303,H.Butker,KC,LV,2022,18,dome,,,grass,1
field_goal,made,38.0,00-0034161,D.Carlson,LV,KC,2022,18,dome,,,grass,1
field_goal,made,33.0,00-0029822,B.McManus,DEN,LAC,2022,18,outdoors,43.0,4.0,grass,1
field_goal,made,48.0,00-0037224,C.Dicker,LAC,DEN,2022,18,outdoors,43.0,4.0,grass,1
field_goal,made,36.0,00-0037224,C.Dicker,LAC,DEN,2022,18,outdoors,43.0,4.0,grass,1
field_goal,made,22.0,00-0035269,M.Gay,LA,SEA,2022,18,outdoors,45.0,4.0,fieldturf,1
field_goal,made,37.0,00-0031492,J.Myers,SEA,LA,2022,18,outdoors,45.0,4.0,fieldturf,1
field_goal,made,36.0,00-0031492,J.Myers,SEA,LA,2022,18,outdoors,45.0,4.0,fieldturf,1
field_goal,made,45.0,00-0035269,M.Gay,LA,SEA,2022,18,outdoors,45.0,4.0,fieldturf,1
field_goal,made,38.0,00-0035269,M.Gay,LA,SEA,2022,18,outdoors,45.0,4.0,fieldturf,1
field_goal,made,22.0,00-0031492,J.Myers,SEA,LA,2022,18,outdoors,45.0,4.0,fieldturf,1
field_goal,missed,46.0,00-0031492,J.Myers,SEA,LA,2022,18,outdoors,45.0,4.0,fieldturf,0
field_goal,made,32.0,00-0031492,J.Myers,SEA,LA,2022,18,outdoors,45.0,4.0,fieldturf,1
field_goal,made,28.0,00-0034450,G.Joseph,MIN,CHI,2022,18,outdoors,32.0,2.0,grass,1
field_goal,made,50.0,00-0034450,G.Joseph,MIN,CHI,2022,18,outdoors,32.0,2.0,grass,1
field_goal,made,41.0,00-0034450,G.Joseph,MIN,CHI,2022,18,outdoors,32.0,2.0,grass,1
field_goal,made,24.0,00-0025565,N.Folk,NE,BUF,2022,18,outdoors,30.0,6.0,a_turf,1
field_goal,made,32.0,00-0033787,J.Elliott,PHI,NYG,2022,18,outdoors,43.0,12.0,grass,1
field_goal,made,52.0,00-0033787,J.Elliott,PHI,NYG,2022,18,outdoors,43.0,12.0,grass,1
field_goal,made,39.0,00-0033787,J.Elliott,PHI,NYG,2022,18,outdoors,43.0,12.0,grass,1
field_goal,made,54.0,00-0033787,J.Elliott,PHI,NYG,2022,18,outdoors,43.0,12.0,grass,1
field_goal,made,24.0,00-0026858,G.Gano,NYG,PHI,2022,18,outdoors,43.0,12.0,grass,1
field_goal,made,22.0,00-0033787,J.Elliott,PHI,NYG,2022,18,outdoors,43.0,12.0,grass,1
field_goal,missed,55.0,00-0029621,G.Zuerlein,NYJ,MIA,2022,18,outdoors,75.0,9.0,grass,0
field_goal,made,37.0,00-0034794,J.Sanders,MIA,NYJ,2022,18,outdoors,75.0,9.0,grass,1
field_goal,made,32.0,00-0029621,G.Zuerlein,NYJ,MIA,2022,18,outdoors,75.0,9.0,grass,1
field_goal,made,37.0,00-0034794,J.Sanders,MIA,NYJ,2022,18,outdoors,75.0,9.0,grass,1
field_goal,made,35.0,00-0029621,G.Zuerlein,NYJ,MIA,2022,18,outdoors,75.0,9.0,grass,1
field_goal,made,50.0,00-0034794,J.Sanders,MIA,NYJ,2022,18,outdoors,75.0,9.0,grass,1
field_goal,made,49.0,00-0033702,Y.Koo,ATL,TB,2022,18,closed,,,fieldturf,1
field_goal,made,41.0,00-0026968,R.Succop,TB,ATL,2022,18,closed,,,fieldturf,1
field_goal,made,24.0,00-0033702,Y.Koo,ATL,TB,2022,18,closed,,,fieldturf,1
field_goal,made,51.0,00-0033702,Y.Koo,ATL,TB,2022,18,closed,,,fieldturf,1
field_goal,made,51.0,00-0029421,R.Bullock,TEN,JAX,2022,18,outdoors,56.0,4.0,grass,1
field_goal,made,39.0,00-0029421,R.Bullock,TEN,JAX,2022,18,outdoors,56.0,4.0,grass,1
field_goal,made,26.0,00-0036816,R.Patterson,JAX,TEN,2022,18,outdoors,56.0,4.0,grass,1
field_goal,made,41.0,00-0029421,R.Bullock,TEN,JAX,2022,18,outdoors,56.0,4.0,grass,1
field_goal,made,36.0,00-0036816,R.Patterson,JAX,TEN,2022,18,outdoors,56.0,4.0,grass,1
field_goal,made,39.0,00-0036854,E.McPherson,CIN,BAL,2022,19,outdoors,30.0,4.0,fieldturf,1
field_goal,made,22.0,00-0029597,J.Tucker,BAL,CIN,2022,19,outdoors,30.0,4.0,fieldturf,1
field_goal,made,22.0,00-0037224,C.Dicker,LAC,JAX,2022,19,outdoors,37.0,4.0,grass,1
field_goal,made,23.0,00-0037224,C.Dicker,LAC,JAX,2022,19,outdoors,37.0,4.0,grass,1
field_goal,made,50.0,00-0037224,C.Dicker,LAC,JAX,2022,19,outdoors,37.0,4.0,grass,1
field_goal,missed,40.0,00-0037224,C.Dicker,LAC,JAX,2022,19,outdoors,37.0,4.0,grass,0
field_goal,made,36.0,00-0036816,R.Patterson,JAX,LAC,2022,19,outdoors,37.0,4.0,grass,1
field_goal,made,33.0,00-0036162,T.Bass,BUF,MIA,2022,19,outdoors,27.0,4.0,a_turf,1
field_goal,made,40.0,00-0034794,J.Sanders,MIA,BUF,2022,19,outdoors,27.0,4.0,a_turf,1
field_goal,made,48.0,00-0034794,J.Sanders,MIA,BUF,2022,19,outdoors,27.0,4.0,a_turf,1
field_goal,made,37.0,00-0034794,J.Sanders,MIA,BUF,2022,19,outdoors,27.0,4.0,a_turf,1
field_goal,made,39.0,00-0036162,T.Bass,BUF,MIA,2022,19,outdoors,27.0,4.0,a_turf,1
field_goal,made,25.0,00-0026858,G.Gano,NYG,MIN,2022,19,dome,,,sportturf,1
field_goal,made,38.0,00-0034450,G.Joseph,MIN,NYG,2022,19,dome,,,sportturf,1
field_goal,made,34.0,00-0023252,R.Gould,SF,SEA,2022,19,outdoors,57.0,11.0,grass,1
field_goal,made,33.0,00-0023252,R.Gould,SF,SEA,2022,19,outdoors,57.0,11.0,grass,1
field_goal,made,46.0,00-0023252,R.Gould,SF,SEA,2022,19,outdoors,57.0,11.0,grass,1
field_goal,made,56.0,00-0031492,J.Myers,SEA,SF,2022,19,outdoors,57.0,11.0,grass,1
field_goal,made,31.0,00-0023252,R.Gould,SF,SEA,2022,19,outdoors,57.0,11.0,grass,1
field_goal,made,28.0,00-0036854,E.McPherson,CIN,BUF,2022,20,outdoors,32.0,4.0,a_turf,1
field_goal,made,25.0,00-0036162,T.Bass,BUF,CIN,2022,20,outdoors,32.0,4.0,a_turf,1
field_goal,made,20.0,00-0036854,E.McPherson,CIN,BUF,2022,20,outdoors,32.0,4.0,a_turf,1
field_goal,made,26.0,00-0023252,R.Gould,SF,DAL,2022,20,outdoors,55.0,19.0,grass,1
field_goal,made,47.0,00-0023252,R.Gould,SF,DAL,2022,20,outdoors,55.0,19.0,grass,1
field_goal,made,50.0,00-0023252,R.Gould,SF,DAL,2022,20,outdoors,55.0,19.0,grass,1
field_goal,made,25.0,00-0030332,B.Maher,DAL,SF,2022,20,outdoors,55.0,19.0,grass,1
field_goal,made,43.0,00-0030332,B.Maher,DAL,SF,2022,20,outdoors,55.0,19.0,grass,1
field_goal,made,28.0,00-0023252,R.Gould,SF,DAL,2022,20,outdoors,55.0,19.0,grass,1
field_goal,made,50.0,00-0033303,H.Butker,KC,JAX,2022,20,outdoors,36.0,6.0,grass,1
field_goal,made,41.0,00-0036816,R.Patterson,JAX,KC,2022,20,outdoors,36.0,6.0,grass,1
field_goal,made,50.0,00-0033303,H.Butker,KC,JAX,2022,20,outdoors,36.0,6.0,grass,1
field_goal,made,48.0,00-0036816,R.Patterson,JAX,KC,2022,20,outdoors,36.0,6.0,grass,1
field_goal,made,30.0,00-0033787,J.Elliott,PHI,NYG,2022,20,outdoors,40.0,6.0,grass,1
field_goal,made,43.0,00-0033303,H.Butker,KC,CIN,2022,21,outdoors,22.0,13.0,grass,1
field_goal,made,24.0,00-0033303,H.Butker,KC,CIN,2022,21,outdoors,22.0,13.0,grass,1
field_goal,made,30.0,00-0036854,E.McPherson,CIN,KC,2022,21,outdoors,22.0,13.0,grass,1
field_goal,made,23.0,00-0036854,E.McPherson,CIN,KC,2022,21,outdoors,22.0,13.0,grass,1
field_goal,made,45.0,00-0033303,H.Butker,KC,CIN,2022,21,outdoors,22.0,13.0,grass,1
field_goal,made,31.0,00-0033787,J.Elliott,PHI,SF,2022,21,outdoors,52.0,14.0,grass,1
field_goal,missed,42.0,00-0033303,H.Butker,KC,PHI,2022,22,closed,,,grass,0
field_goal,made,35.0,00-0033787,J.Elliott,PHI,KC,2022,22,closed,,,grass,1
field_goal,made,33.0,00-0033787,J.Elliott,PHI,KC,2022,22,closed,,,grass,1
field_goal,made,27.0,00-0033303,H.Butker,KC,PHI,2022,22,closed,,,grass,1
field_goal,made,28.0,00-0023853,M.Prater,ARI,WAS,2023,1,outdoors,,,,1
field_goal,made,54.0,00-0023853,M.Prater,ARI,WAS,2023,1,outdoors,,,,1
field_goal,made,30.0,00-0035192,J.Slye,WAS,ARI,2023,1,outdoors,,,,1
field_goal,made,37.0,00-0023853,M.Prater,ARI,WAS,2023,1,outdoors,,,,1
field_goal,made,33.0,00-0035192,J.Slye,WAS,ARI,2023,1,outdoors,,,,1
field_goal,made,40.0,00-0036162,T.Bass,BUF,NYJ,2023,1,outdoors,,,,1
field_goal,made,26.0,00-0029621,G.Zuerlein,NYJ,BUF,2023,1,outdoors,,,,1
field_goal,made,34.0,00-0036162,T.Bass,BUF,NYJ,2023,1,outdoors,,,,1
field_goal,made,43.0,00-0029621,G.Zuerlein,NYJ,BUF,2023,1,outdoors,,,,1
field_goal,made,30.0,00-0029621,G.Zuerlein,NYJ,BUF,2023,1,outdoors,,,,1
field_goal,made,50.0,00-0036162,T.Bass,BUF,NYJ,2023,1,outdoors,,,,1
field_goal,made,43.0,00-0034173,E.Pineiro,CAR,ATL,2023,1,closed,,,,1
field_goal,made,49.0,00-0033702,Y.Koo,ATL,CAR,2023,1,closed,,,,1
field_goal,made,42.0,00-0030098,D.Hopkins,CLE,CIN,2023,1,outdoors,,,,1
field_goal,made,42.0,00-0036854,E.McPherson,CIN,CLE,2023,1,outdoors,,,,1
field_goal,missed,51.0,00-0036854,E.McPherson,CIN,CLE,2023,1,outdoors,,,,0
field_goal,made,34.0,00-0030098,D.Hopkins,CLE,CIN,2023,1,outdoors,,,,1
field_goal,made,43.0,00-0030098,D.Hopkins,CLE,CIN,2023,1,outdoors,,,,1
field_goal,blocked,45.0,00-0026858,G.Gano,NYG,DAL,2023,1,outdoors,,,,0
field_goal,made,21.0,00-0037692,B.Aubrey,DAL,NYG,2023,1,outdoors,,,,1
field_goal,made,38.0,00-0037692,B.Aubrey,DAL,NYG,2023,1,outdoors,,,,1
field_goal,missed,36.0,00-0026858,G.Gano,NYG,DAL,2023,1,outdoors,,,,0
field_goal,made,35.0,00-0033303,H.Butker,KC,DET,2023,1,outdoors,,,,1
field_goal,made,39.0,00-0033303,H.Butker,KC,DET,2023,1,outdoors,,,,1
field_goal,made,47.0,00-0031203,C.Santos,CHI,GB,2023,1,outdoors,,,,1
field_goal,made,29.0,00-0031203,C.Santos,CHI,GB,2023,1,outdoors,,,,1
field_goal,made,52.0,00-0038402,A.Carlson,GB,CHI,2023,1,outdoors,,,,1
field_goal,made,35.0,00-0032726,K.Fairbairn,HOU,BAL,2023,1,outdoors,,,,1
field_goal,made,38.0,00-0032726,K.Fairbairn,HOU,BAL,2023,1,outdoors,,,,1
field_goal,made,36.0,00-0032726,K.Fairbairn,HOU,BAL,2023,1,outdoors,,,,1
field_goal,made,39.0,00-0029597,J.Tucker,BAL,HOU,2023,1,outdoors,,,,1
field_goal,made,45.0,00-0029822,B.McManus,JAX,IND,2023,1,closed,,,,1
field_goal,made,36.0,00-0031492,J.Myers,SEA,LA,2023,1,outdoors,,,,1
field_goal,made,42.0,00-0031492,J.Myers,SEA,LA,2023,1,outdoors,,,,1
field_goal,blocked,57.0,00-0030332,B.Maher,LA,SEA,2023,1,outdoors,,,,0
field_goal,missed,39.0,00-0031492,J.Myers,SEA,LA,2023,1,outdoors,,,,0
field_goal,missed,56.0,00-0030332,B.Maher,LA,SEA,2023,1,outdoors,,,,0
field_goal,made,38.0,00-0030332,B.Maher,LA,SEA,2023,1,outdoors,,,,1
field_goal,made,54.0,00-0030332,B.Maher,LA,SEA,2023,1,outdoors,,,,1
field_goal,made,45.0,00-0030332,B.Maher,LA,SEA,2023,1,outdoors,,,,1
field_goal,made,24.0,00-0034161,D.Carlson,LV,DEN,2023,1,outdoors,,,,1
field_goal,missed,55.0,00-0032569,W.Lutz,DEN,LV,2023,1,outdoors,,,,0
field_goal,made,24.0,00-0032569,W.Lutz,DEN,LV,2023,1,outdoors,,,,1
field_goal,made,23.0,00-0034794,J.Sanders,MIA,LAC,2023,1,dome,,,,1
field_goal,made,50.0,00-0037224,C.Dicker,LAC,MIA,2023,1,dome,,,,1
field_goal,made,41.0,00-0034794,J.Sanders,MIA,LAC,2023,1,dome,,,,1
field_goal,made,45.0,00-0034794,J.Sanders,MIA,LAC,2023,1,dome,,,,1
field_goal,made,25.0,00-0037224,C.Dicker,LAC,MIA,2023,1,dome,,,,1
field_goal,made,32.0,00-0033787,J.Elliott,PHI,NE,2023,1,outdoors,,,,1
field_goal,made,56.0,00-0033787,J.Elliott,PHI,NE,2023,1,outdoors,,,,1
field_goal,made,48.0,00-0033787,J.Elliott,PHI,NE,2023,1,outdoors,,,,1
field_goal,made,51.0,00-0033787,J.Elliott,PHI,NE,2023,1,outdoors,,,,1
field_goal,made,41.0,00-0038562,J.Moody,SF,PIT,2023,1,outdoors,,,,1
field_goal,made,32.0,00-0038562,J.Moody,SF,PIT,2023,1,outdoors,,,,1
field_goal,made,40.0,00-0038562,J.Moody,SF,PIT,2023,1,outdoors,,,,1
field_goal,made,36.0,00-0035358,C.McLaughlin,TB,MIN,2023,1,dome,,,,1
field_goal,made,25.0,00-0034450,G.Joseph,MIN,TB,2023,1,dome,,,,1
field_goal,made,57.0,00-0035358,C.McLaughlin,TB,MIN,2023,1,dome,,,,1
field_goal,made,50.0,00-0025565,N.Folk,TEN,NO,2023,1,dome,,,,1
field_goal,made,26.0,00-0038905,B.Grupe,NO,TEN,2023,1,dome,,,,1
field_goal,made,27.0,00-0025565,N.Folk,TEN,NO,2023,1,dome,,,,1
field_goal,made,33.0,00-0038905,B.Grupe,NO,TEN,2023,1,dome,,,,1
field_goal,made,31.0,00-0025565,N.Folk,TEN,NO,2023,1,dome,,,,1
field_goal,made,52.0,00-0038905,B.Grupe,NO,TEN,2023,1,dome,,,,1
field_goal,made,45.0,00-0025565,N.Folk,TEN,NO,2023,1,dome,,,,1
field_goal,made,29.0,00-0025565,N.Folk,TEN,NO,2023,1,dome,,,,1
field_goal,missed,59.0,00-0029597,J.Tucker,BAL,CIN,2023,2,outdoors,,,,0
field_goal,made,44.0,00-0029597,J.Tucker,BAL,CIN,2023,2,outdoors,,,,1
field_goal,made,27.0,00-0036854,E.McPherson,CIN,BAL,2023,2,outdoors,,,,1
field_goal,made,40.0,00-0029597,J.Tucker,BAL,CIN,2023,2,outdoors,,,,1
field_goal,made,26.0,00-0035358,C.McLaughlin,TB,CHI,2023,2,outdoors,,,,1
field_goal,blocked,40.0,00-0035358,C.McLaughlin,TB,CHI,2023,2,outdoors,,,,0
field_goal,made,52.0,00-0031203,C.Santos,CHI,TB,2023,2,outdoors,,,,1
field_goal,made,25.0,00-0035358,C.McLaughlin,TB,CHI,2023,2,outdoors,,,,1
field_goal,made,43.0,00-0030098,D.Hopkins,CLE,PIT,2023,2,outdoors,,,,1
field_goal,missed,43.0,00-0030098,D.Hopkins,CLE,PIT,2023,2,outdoors,,,,0
field_goal,made,52.0,00-0031136,C.Boswell,PIT,CLE,2023,2,outdoors,,,,1
field_goal,made,55.0,00-0030098,D.Hopkins,CLE,PIT,2023,2,outdoors,,,,1
field_goal,made,50.0,00-0031136,C.Boswell,PIT,CLE,2023,2,outdoors,,,,1
field_goal,made,24.0,00-0033702,Y.Koo,ATL,GB,2023,2,open,,,,1
field_goal,made,33.0,00-0038402,A.Carlson,GB,ATL,2023,2,open,,,,1
field_goal,made,33.0,00-0033702,Y.Koo,ATL,GB,2023,2,open,,,,1
field_goal,made,39.0,00-0033702,Y.Koo,ATL,GB,2023,2,open,,,,1
field_goal,made,25.0,00-0033702,Y.Koo,ATL,GB,2023,2,open,,,,1
field_goal,made,29.0,00-0032726,K.Fairbairn,HOU,IND,2023,2,open,,,,1
field_goal,made,42.0,00-0035269,M.Gay,IND,HOU,2023,2,open,,,,1
field_goal,made,36.0,00-0032726,K.Fairbairn,HOU,IND,2023,2,open,,,,1
field_goal,missed,51.0,00-0032726,K.Fairbairn,HOU,IND,2023,2,open,,,,0
field_goal,made,32.0,00-0029822,B.McManus,JAX,KC,2023,2,outdoors,,,,1
field_goal,made,49.0,00-0029822,B.McManus,JAX,KC,2023,2,outdoors,,,,1
field_goal,made,22.0,00-0029822,B.McManus,JAX,KC,2023,2,outdoors,,,,1
field_goal,made,38.0,00-0033303,H.Butker,KC,JAX,2023,2,outdoors,,,,1
field_goal,made,27.0,00-0037224,C.Dicker,LAC,TEN,2023,2,outdoors,,,,1
field_goal,made,30.0,00-0037224,C.Dicker,LAC,TEN,2023,2,outdoors,,,,1
field_goal,made,33.0,00-0025565,N.Folk,TEN,LAC,2023,2,outdoors,,,,1
field_goal,made,33.0,00-0037224,C.Dicker,LAC,TEN,2023,2,outdoors,,,,1
field_goal,made,41.0,00-0025565,N.Folk,TEN,LAC,2023,2,outdoors,,,,1
field_goal,made,47.0,00-0034161,D.Carlson,LV,BUF,2023,2,outdoors,,,,1
field_goal,made,29.0,00-0036162,T.Bass,BUF,LV,2023,2,outdoors,,,,1
field_goal,made,23.0,00-0034794,J.Sanders,MIA,NE,2023,2,outdoors,,,,1
field_goal,made,49.0,00-0038567,C.Ryland,NE,MIA,2023,2,outdoors,,,,1
field_goal,blocked,49.0,00-0034794,J.Sanders,MIA,NE,2023,2,outdoors,,,,0
field_goal,missed,55.0,00-0034794,J.Sanders,MIA,NE,2023,2,outdoors,,,,0
field_goal,made,24.0,00-0033787,J.Elliott,PHI,MIN,2023,2,outdoors,,,,1
field_goal,missed,55.0,00-0033787,J.Elliott,PHI,MIN,2023,2,outdoors,,,,0
field_goal,made,61.0,00-0033787,J.Elliott,PHI,MIN,2023,2,outdoors,,,,1
field_goal,made,52.0,00-0034173,E.Pineiro,CAR,NO,2023,2,outdoors,,,,1
field_goal,made,28.0,00-0038905,B.Grupe,NO,CAR,2023,2,outdoors,,,,1
field_goal,made,23.0,00-0038905,B.Grupe,NO,CAR,2023,2,outdoors,,,,1
field_goal,made,54.0,00-0034173,E.Pineiro,CAR,NO,2023,2,outdoors,,,,1
field_goal,made,36.0,00-0034173,E.Pineiro,CAR,NO,2023,2,outdoors,,,,1
field_goal,missed,55.0,00-0023853,M.Prater,ARI,NYG,2023,2,closed,,,,0
field_goal,made,37.0,00-0023853,M.Prater,ARI,NYG,2023,2,closed,,,,1
field_goal,made,44.0,00-0023853,M.Prater,ARI,NYG,2023,2,closed,,,,1
field_goal,made,34.0,00-0026858,G.Gano,NYG,ARI,2023,2,closed,,,,1
field_goal,made,35.0,00-0037692,B.Aubrey,DAL,NYJ,2023,2,open,,,,1
field_goal,made,34.0,00-0035145,A.Seibert,NYJ,DAL,2023,2,open,,,,1
field_goal,made,21.0,00-0037692,B.Aubrey,DAL,NYJ,2023,2,open,,,,1
field_goal,made,55.0,00-0037692,B.Aubrey,DAL,NYJ,2023,2,open,,,,1
field_goal,made,26.0,00-0037692,B.Aubrey,DAL,NYJ,2023,2,open,,,,1
field_goal,made,30.0,00-0037692,B.Aubrey,DAL,NYJ,2023,2,open,,,,1
field_goal,missed,45.0,00-0031492,J.Myers,SEA,DET,2023,2,dome,,,,0
field_goal,missed,56.0,00-0031492,J.Myers,SEA,DET,2023,2,dome,,,,0
field_goal,made,25.0,00-0031492,J.Myers,SEA,DET,2023,2,dome,,,,1
field_goal,made,38.0,00-0036816,R.Patterson,DET,SEA,2023,2,dome,,,,1
field_goal,made,43.0,00-0030332,B.Maher,LA,SF,2023,2,dome,,,,1
field_goal,made,27.0,00-0038562,J.Moody,SF,LA,2023,2,dome,,,,1
field_goal,made,57.0,00-0038562,J.Moody,SF,LA,2023,2,dome,,,,1
field_goal,made,48.0,00-0030332,B.Maher,LA,SF,2023,2,dome,,,,1
field_goal,made,26.0,00-0038562,J.Moody,SF,LA,2023,2,dome,,,,1
field_goal,made,38.0,00-0030332,B.Maher,LA,SF,2023,2,dome,,,,1
field_goal,missed,49.0,00-0035192,J.Slye,WAS,DEN,2023,2,outdoors,,,,0
field_goal,made,44.0,00-0035192,J.Slye,WAS,DEN,2023,2,outdoors,,,,1
field_goal,made,49.0,00-0035192,J.Slye,WAS,DEN,2023,2,outdoors,,,,1
field_goal,missed,59.0,00-0035192,J.Slye,WAS,DEN,2023,2,outdoors,,,,0
field_goal,made,31.0,00-0032569,W.Lutz,DEN,WAS,2023,2,outdoors,,,,1
field_goal,made,32.0,00-0032569,W.Lutz,DEN,WAS,2023,2,outdoors,,,,1
field_goal,made,37.0,00-0036816,R.Patterson,DET,ATL,2023,3,dome,,,fieldturf,1
field_goal,made,48.0,00-0033702,Y.Koo,ATL,DET,2023,3,dome,,,fieldturf,1
field_goal,made,24.0,00-0036816,R.Patterson,DET,ATL,2023,3,dome,,,fieldturf,1
field_goal,missed,47.0,00-0033702,Y.Koo,ATL,DET,2023,3,dome,,,fieldturf,0
field_goal,made,24.0,00-0033702,Y.Koo,ATL,DET,2023,3,dome,,,fieldturf,1
field_goal,made,36.0,00-0036162,T.Bass,BUF,WAS,2023,3,outdoors,65.0,1.0,grass,1
field_goal,made,54.0,00-0036162,T.Bass,BUF,WAS,2023,3,outdoors,65.0,1.0,grass,1
field_goal,made,32.0,00-0036162,T.Bass,BUF,WAS,2023,3,outdoors,65.0,1.0,grass,1
field_goal,made,51.0,00-0035192,J.Slye,WAS,BUF,2023,3,outdoors,65.0,1.0,grass,1
field_goal,made,47.0,00-0034173,E.Pineiro,CAR,SEA,2023,3,outdoors,61.0,2.0,fieldturf,1
field_goal,made,43.0,00-0031492,J.Myers,SEA,CAR,2023,3,outdoors,61.0,2.0,fieldturf,1
field_goal,made,35.0,00-0031492,J.Myers,SEA,CAR,2023,3,outdoors,61.0,2.0,fieldturf,1
field_goal,made,33.0,00-0031492,J.Myers,SEA,CAR,2023,3,outdoors,61.0,2.0,fieldturf,1
field_goal,made,44.0,00-0034173,E.Pineiro,CAR,SEA,2023,3,outdoors,61.0,2.0,fieldturf,1
field_goal,made,37.0,00-0031492,J.Myers,SEA,CAR,2023,3,outdoors,61.0,2.0,fieldturf,1
field_goal,made,39.0,00-0031492,J.Myers,SEA,CAR,2023,3,outdoors,61.0,2.0,fieldturf,1
field_goal,missed,55.0,00-0034173,E.Pineiro,CAR,SEA,2023,3,outdoors,61.0,2.0,fieldturf,0
field_goal,made,41.0,00-0033303,H.Butker,KC,CHI,2023,3,outdoors,,,grass,1
field_goal,made,38.0,00-0033303,H.Butker,KC,CHI,2023,3,outdoors,,,grass,1
field_goal,made,21.0,00-0031203,C.Santos,CHI,KC,2023,3,outdoors,,,grass,1
field_goal,made,39.0,00-0023853,M.Prater,ARI,DAL,2023,3,open,,,grass,1
field_goal,made,49.0,00-0037692,B.Aubrey,DAL,ARI,2023,3,open,,,grass,1
field_goal,made,43.0,00-0023853,M.Prater,ARI,DAL,2023,3,open,,,grass,1
field_goal,made,62.0,00-0023853,M.Prater,ARI,DAL,2023,3,open,,,grass,1
field_goal,made,27.0,00-0037692,B.Aubrey,DAL,ARI,2023,3,open,,,grass,1
field_goal,made,26.0,00-0037692,B.Aubrey,DAL,ARI,2023,3,open,,,grass,1
field_goal,made,31.0,00-0032569,W.Lutz,DEN,MIA,2023,3,outdoors,86.0,5.0,grass,1
field_goal,made,25.0,00-0032569,W.Lutz,DEN,MIA,2023,3,outdoors,86.0,5.0,grass,1
field_goal,missed,48.0,00-0029822,B.McManus,JAX,HOU,2023,3,outdoors,84.0,6.0,grass,0
field_goal,blocked,51.0,00-0029822,B.McManus,JAX,HOU,2023,3,outdoors,84.0,6.0,grass,0
field_goal,made,28.0,00-0032726,K.Fairbairn,HOU,JAX,2023,3,outdoors,84.0,6.0,grass,1
field_goal,made,33.0,00-0029822,B.McManus,JAX,HOU,2023,3,outdoors,84.0,6.0,grass,1
field_goal,made,26.0,00-0032726,K.Fairbairn,HOU,JAX,2023,3,outdoors,84.0,6.0,grass,1
field_goal,made,33.0,00-0032726,K.Fairbairn,HOU,JAX,2023,3,outdoors,84.0,6.0,grass,1
field_goal,made,31.0,00-0035269,M.Gay,IND,BAL,2023,3,outdoors,68.0,3.0,grass,1
field_goal,made,54.0,00-0035269,M.Gay,IND,BAL,2023,3,outdoors,68.0,3.0,grass,1
field_goal,made,53.0,00-0035269,M.Gay,IND,BAL,2023,3,outdoors,68.0,3.0,grass,1
field_goal,made,50.0,00-0029597,J.Tucker,BAL,IND,2023,3,outdoors,68.0,3.0,grass,1
field_goal,made,53.0,00-0035269,M.Gay,IND,BAL,2023,3,outdoors,68.0,3.0,grass,1
field_goal,missed,61.0,00-0029597,J.Tucker,BAL,IND,2023,3,outdoors,68.0,3.0,grass,0
field_goal,made,53.0,00-0035269,M.Gay,IND,BAL,2023,3,outdoors,68.0,3.0,grass,1
field_goal,made,23.0,00-0034450,G.Joseph,MIN,LAC,2023,3,dome,,,sportturf,1
field_goal,missed,53.0,00-0037224,C.Dicker,LAC,MIN,2023,3,dome,,,sportturf,0
field_goal,missed,56.0,00-0036854,E.McPherson,CIN,LA,2023,3,outdoors,74.0,7.0,fieldturf,0
field_goal,made,30.0,00-0030332,B.Maher,LA,CIN,2023,3,outdoors,74.0,7.0,fieldturf,1
field_goal,made,49.0,00-0036854,E.McPherson,CIN,LA,2023,3,outdoors,74.0,7.0,fieldturf,1
field_goal,made,23.0,00-0030332,B.Maher,LA,CIN,2023,3,outdoors,74.0,7.0,fieldturf,1
field_goal,made,53.0,00-0036854,E.McPherson,CIN,LA,2023,3,outdoors,74.0,7.0,fieldturf,1
field_goal,made,42.0,00-0030332,B.Maher,LA,CIN,2023,3,outdoors,74.0,7.0,fieldturf,1
field_goal,made,48.0,00-0036854,E.McPherson,CIN,LA,2023,3,outdoors,74.0,7.0,fieldturf,1
field_goal,made,54.0,00-0036854,E.McPherson,CIN,LA,2023,3,outdoors,74.0,7.0,fieldturf,1
field_goal,made,48.0,00-0038567,C.Ryland,NE,NYJ,2023,3,outdoors,64.0,14.0,fieldturf,1
field_goal,missed,48.0,00-0038567,C.Ryland,NE,NYJ,2023,3,outdoors,64.0,14.0,fieldturf,0
field_goal,made,52.0,00-0029621,G.Zuerlein,NYJ,NE,2023,3,outdoors,64.0,14.0,fieldturf,1
field_goal,missed,57.0,00-0038567,C.Ryland,NE,NYJ,2023,3,outdoors,64.0,14.0,fieldturf,0
field_goal,made,51.0,00-0038567,C.Ryland,NE,NYJ,2023,3,outdoors,64.0,14.0,fieldturf,1
field_goal,made,25.0,00-0038905,B.Grupe,NO,GB,2023,3,outdoors,68.0,10.0,grass,1
field_goal,made,38.0,00-0038402,A.Carlson,GB,NO,2023,3,outdoors,68.0,10.0,grass,1
field_goal,missed,46.0,00-0038905,B.Grupe,NO,GB,2023,3,outdoors,68.0,10.0,grass,0
field_goal,made,28.0,00-0038562,J.Moody,SF,NYG,2023,3,outdoors,77.0,13.0,grass,1
field_goal,made,44.0,00-0026858,G.Gano,NYG,SF,2023,3,outdoors,77.0,13.0,grass,1
field_goal,made,57.0,00-0026858,G.Gano,NYG,SF,2023,3,outdoors,77.0,13.0,grass,1
field_goal,made,21.0,00-0038562,J.Moody,SF,NYG,2023,3,outdoors,77.0,13.0,grass,1
field_goal,made,36.0,00-0038562,J.Moody,SF,NYG,2023,3,outdoors,77.0,13.0,grass,1
field_goal,made,36.0,00-0033787,J.Elliott,PHI,TB,2023,3,outdoors,90.0,4.0,grass,1
field_goal,made,33.0,00-0035358,C.McLaughlin,TB,PHI,2023,3,outdoors,90.0,4.0,grass,1
field_goal,made,38.0,00-0033787,J.Elliott,PHI,TB,2023,3,outdoors,90.0,4.0,grass,1
field_goal,made,26.0,00-0033787,J.Elliott,PHI,TB,2023,3,outdoors,90.0,4.0,grass,1
field_goal,made,43.0,00-0031136,C.Boswell,PIT,LV,2023,3,dome,,,grass,1
field_goal,made,42.0,00-0031136,C.Boswell,PIT,LV,2023,3,dome,,,grass,1
field_goal,made,57.0,00-0031136,C.Boswell,PIT,LV,2023,3,dome,,,grass,1
field_goal,made,26.0,00-0034161,D.Carlson,LV,PIT,2023,3,dome,,,grass,1
field_goal,made,48.0,00-0030098,D.Hopkins,CLE,TEN,2023,3,outdoors,68.0,5.0,grass,1
field_goal,made,44.0,00-0025565,N.Folk,TEN,CLE,2023,3,outdoors,68.0,5.0,grass,1
field_goal,made,52.0,00-0030098,D.Hopkins,CLE,TEN,2023,3,outdoors,68.0,5.0,grass,1
field_goal,made,38.0,00-0023853,M.Prater,ARI,SF,2023,4,outdoors,75.0,9.0,grass,1
field_goal,made,56.0,00-0029822,B.McManus,JAX,ATL,2023,4,outdoors,,,,1
field_goal,made,43.0,00-0029822,B.McManus,JAX,ATL,2023,4,outdoors,,,,1
field_goal,made,38.0,00-0029822,B.McManus,JAX,ATL,2023,4,outdoors,,,,1
field_goal,made,53.0,00-0030098,D.Hopkins,CLE,BAL,2023,4,outdoors,71.0,7.0,grass,1
field_goal,made,21.0,00-0036854,E.McPherson,CIN,TEN,2023,4,outdoors,82.0,4.0,grass,1
field_goal,made,53.0,00-0025565,N.Folk,TEN,CIN,2023,4,outdoors,82.0,4.0,grass,1
field_goal,made,35.0,00-0025565,N.Folk,TEN,CIN,2023,4,outdoors,82.0,4.0,grass,1
field_goal,made,51.0,00-0032569,W.Lutz,DEN,CHI,2023,4,outdoors,80.0,2.0,grass,1
field_goal,made,34.0,00-0038402,A.Carlson,GB,DET,2023,4,outdoors,64.0,8.0,grass,1
field_goal,made,33.0,00-0036816,R.Patterson,DET,GB,2023,4,outdoors,64.0,8.0,grass,1
field_goal,made,37.0,00-0036816,R.Patterson,DET,GB,2023,4,outdoors,64.0,8.0,grass,1
field_goal,made,50.0,00-0038402,A.Carlson,GB,DET,2023,4,outdoors,64.0,8.0,grass,1
field_goal,made,37.0,00-0033303,H.Butker,KC,NYJ,2023,4,outdoors,69.0,5.0,fieldturf,1
field_goal,made,31.0,00-0029621,G.Zuerlein,NYJ,KC,2023,4,outdoors,69.0,5.0,fieldturf,1
field_goal,made,37.0,00-0033303,H.Butker,KC,NYJ,2023,4,outdoors,69.0,5.0,fieldturf,1
field_goal,missed,52.0,00-0029621,G.Zuerlein,NYJ,KC,2023,4,outdoors,69.0,5.0,fieldturf,0
field_goal,made,26.0,00-0033303,H.Butker,KC,NYJ,2023,4,outdoors,69.0,5.0,fieldturf,1
field_goal,made,40.0,00-0030332,B.Maher,LA,IND,2023,4,open,,,fieldturf,1
field_goal,made,54.0,00-0030332,B.Maher,LA,IND,2023,4,open,,,fieldturf,1
field_goal,missed,47.0,00-0035269,M.Gay,IND,LA,2023,4,open,,,fieldturf,0
field_goal,missed,46.0,00-0030332,B.Maher,LA,IND,2023,4,open,,,fieldturf,0
field_goal,made,51.0,00-0030332,B.Maher,LA,IND,2023,4,open,,,fieldturf,1
field_goal,missed,48.0,00-0030332,B.Maher,LA,IND,2023,4,open,,,fieldturf,0
field_goal,made,33.0,00-0037224,C.Dicker,LAC,LV,2023,4,dome,,,matrixturf,1
field_goal,made,22.0,00-0034161,D.Carlson,LV,LAC,2023,4,dome,,,matrixturf,1
field_goal,made,53.0,00-0036162,T.Bass,BUF,MIA,2023,4,outdoors,70.0,2.0,a_turf,1
field_goal,made,33.0,00-0036162,T.Bass,BUF,MIA,2023,4,outdoors,70.0,2.0,a_turf,1
field_goal,made,26.0,00-0034173,E.Pineiro,CAR,MIN,2023,4,outdoors,78.0,7.0,grass,1
field_goal,made,56.0,00-0034173,E.Pineiro,CAR,MIN,2023,4,outdoors,78.0,7.0,grass,1
field_goal,made,23.0,00-0037692,B.Aubrey,DAL,NE,2023,4,closed,,,matrixturf,1
field_goal,made,29.0,00-0038567,C.Ryland,NE,DAL,2023,4,closed,,,matrixturf,1
field_goal,made,23.0,00-0037692,B.Aubrey,DAL,NE,2023,4,closed,,,matrixturf,1
field_goal,made,33.0,00-0037692,B.Aubrey,DAL,NE,2023,4,closed,,,matrixturf,1
field_goal,missed,52.0,00-0038567,C.Ryland,NE,DAL,2023,4,closed,,,matrixturf,0
field_goal,made,36.0,00-0032726,K.Fairbairn,HOU,PIT,2023,4,open,,,astroturf,1
field_goal,made,38.0,00-0032726,K.Fairbairn,HOU,PIT,2023,4,open,,,astroturf,1
field_goal,made,39.0,00-0032726,K.Fairbairn,HOU,PIT,2023,4,open,,,astroturf,1
field_goal,made,35.0,00-0031136,C.Boswell,PIT,HOU,2023,4,open,,,astroturf,1
field_goal,made,23.0,00-0031136,C.Boswell,PIT,HOU,2023,4,open,,,astroturf,1
field_goal,made,55.0,00-0026858,G.Gano,NYG,SEA,2023,4,outdoors,67.0,8.0,fieldturf,1
field_goal,missed,53.0,00-0031492,J.Myers,SEA,NYG,2023,4,outdoors,67.0,8.0,fieldturf,0
field_goal,made,34.0,00-0031492,J.Myers,SEA,NYG,2023,4,outdoors,67.0,8.0,fieldturf,1
field_goal,made,37.0,00-0038905,B.Grupe,NO,TB,2023,4,dome,,,sportturf,1
field_goal,made,32.0,00-0038905,B.Grupe,NO,TB,2023,4,dome,,,sportturf,1
field_goal,made,51.0,00-0035358,C.McLaughlin,TB,NO,2023,4,dome,,,sportturf,1
field_goal,made,44.0,00-0038905,B.Grupe,NO,TB,2023,4,dome,,,sportturf,1
field_goal,made,28.0,00-0035358,C.McLaughlin,TB,NO,2023,4,dome,,,sportturf,1
field_goal,made,27.0,00-0035192,J.Slye,WAS,PHI,2023,4,outdoors,,,grass,1
field_goal,made,41.0,00-0033787,J.Elliott,PHI,WAS,2023,4,outdoors,,,grass,1
field_goal,made,47.0,00-0033787,J.Elliott,PHI,WAS,2023,4,outdoors,,,grass,1
field_goal,made,36.0,00-0033787,J.Elliott,PHI,WAS,2023,4,outdoors,,,grass,1
field_goal,made,54.0,00-0033787,J.Elliott,PHI,WAS,2023,4,outdoors,,,grass,1
field_goal,made,23.0,00-0029597,J.Tucker,BAL,PIT,2023,5,outdoors,53.0,13.0,grass,1
field_goal,made,43.0,00-0031136,C.Boswell,PIT,BAL,2023,5,outdoors,53.0,13.0,grass,1
field_goal,made,25.0,00-0031136,C.Boswell,PIT,BAL,2023,5,outdoors,53.0,13.0,grass,1
field_goal,made,42.0,00-0031136,C.Boswell,PIT,BAL,2023,5,outdoors,53.0,13.0,grass,1
field_goal,made,33.0,00-0034173,E.Pineiro,CAR,DET,2023,5,dome,,,fieldturf,1
field_goal,made,22.0,00-0031203,C.Santos,CHI,WAS,2023,5,outdoors,70.0,1.0,grass,1
field_goal,made,51.0,00-0035192,J.Slye,WAS,CHI,2023,5,outdoors,70.0,1.0,grass,1
field_goal,made,36.0,00-0031203,C.Santos,CHI,WAS,2023,5,outdoors,70.0,1.0,grass,1
field_goal,made,32.0,00-0035192,J.Slye,WAS,CHI,2023,5,outdoors,70.0,1.0,grass,1
field_goal,made,43.0,00-0031203,C.Santos,CHI,WAS,2023,5,outdoors,70.0,1.0,grass,1
field_goal,missed,46.0,00-0035192,J.Slye,WAS,CHI,2023,5,outdoors,70.0,1.0,grass,0
field_goal,made,37.0,00-0031203,C.Santos,CHI,WAS,2023,5,outdoors,70.0,1.0,grass,1
field_goal,made,40.0,00-0036854,E.McPherson,CIN,ARI,2023,5,closed,,,grass,1
field_goal,made,40.0,00-0036854,E.McPherson,CIN,ARI,2023,5,closed,,,grass,1
field_goal,made,50.0,00-0037692,B.Aubrey,DAL,SF,2023,5,outdoors,78.0,10.0,grass,1
field_goal,made,37.0,00-0038402,A.Carlson,GB,LV,2023,5,dome,,,grass,1
field_goal,made,26.0,00-0034161,D.Carlson,LV,GB,2023,5,dome,,,grass,1
field_goal,blocked,53.0,00-0034161,D.Carlson,LV,GB,2023,5,dome,,,grass,0
field_goal,made,22.0,00-0038402,A.Carlson,GB,LV,2023,5,dome,,,grass,1
field_goal,missed,52.0,00-0034161,D.Carlson,LV,GB,2023,5,dome,,,grass,0
field_goal,made,38.0,00-0032726,K.Fairbairn,HOU,ATL,2023,5,open,,,fieldturf,1
field_goal,made,43.0,00-0032726,K.Fairbairn,HOU,ATL,2023,5,open,,,fieldturf,1
field_goal,made,28.0,00-0032726,K.Fairbairn,HOU,ATL,2023,5,open,,,fieldturf,1
field_goal,made,42.0,00-0032726,K.Fairbairn,HOU,ATL,2023,5,open,,,fieldturf,1
field_goal,made,33.0,00-0033702,Y.Koo,ATL,HOU,2023,5,open,,,fieldturf,1
field_goal,made,37.0,00-0033702,Y.Koo,ATL,HOU,2023,5,open,,,fieldturf,1
field_goal,made,44.0,00-0029822,B.McManus,JAX,BUF,2023,5,outdoors,,,,1
field_goal,made,40.0,00-0034450,G.Joseph,MIN,KC,2023,5,dome,,,sportturf,1
field_goal,made,38.0,00-0033303,H.Butker,KC,MIN,2023,5,dome,,,sportturf,1
field_goal,made,29.0,00-0034450,G.Joseph,MIN,KC,2023,5,dome,,,sportturf,1
field_goal,made,40.0,00-0033303,H.Butker,KC,MIN,2023,5,dome,,,sportturf,1
field_goal,missed,48.0,00-0038567,C.Ryland,NE,NO,2023,5,outdoors,61.0,10.0,fieldturf,0
field_goal,made,54.0,00-0038905,B.Grupe,NO,NE,2023,5,outdoors,61.0,10.0,fieldturf,1
field_goal,made,53.0,00-0038905,B.Grupe,NO,NE,2023,5,outdoors,61.0,10.0,fieldturf,1
field_goal,missed,55.0,00-0026858,G.Gano,NYG,MIA,2023,5,outdoors,88.0,8.0,grass,0
field_goal,made,49.0,00-0026858,G.Gano,NYG,MIA,2023,5,outdoors,88.0,8.0,grass,1
field_goal,made,40.0,00-0034794,J.Sanders,MIA,NYG,2023,5,outdoors,88.0,8.0,grass,1
field_goal,made,37.0,00-0026858,G.Gano,NYG,MIA,2023,5,outdoors,88.0,8.0,grass,1
field_goal,made,51.0,00-0026858,G.Gano,NYG,MIA,2023,5,outdoors,88.0,8.0,grass,1
field_goal,made,30.0,00-0029621,G.Zuerlein,NYJ,DEN,2023,5,outdoors,73.0,9.0,grass,1
field_goal,made,23.0,00-0032569,W.Lutz,DEN,NYJ,2023,5,outdoors,73.0,9.0,grass,1
field_goal,made,26.0,00-0029621,G.Zuerlein,NYJ,DEN,2023,5,outdoors,73.0,9.0,grass,1
field_goal,made,22.0,00-0032569,W.Lutz,DEN,NYJ,2023,5,outdoors,73.0,9.0,grass,1
field_goal,made,27.0,00-0029621,G.Zuerlein,NYJ,DEN,2023,5,outdoors,73.0,9.0,grass,1
field_goal,made,22.0,00-0029621,G.Zuerlein,NYJ,DEN,2023,5,outdoors,73.0,9.0,grass,1
field_goal,made,49.0,00-0029621,G.Zuerlein,NYJ,DEN,2023,5,outdoors,73.0,9.0,grass,1
field_goal,made,34.0,00-0033787,J.Elliott,PHI,LA,2023,5,dome,,,matrixturf,1
field_goal,made,26.0,00-0033787,J.Elliott,PHI,LA,2023,5,dome,,,matrixturf,1
field_goal,made,26.0,00-0033787,J.Elliott,PHI,LA,2023,5,dome,,,matrixturf,1
field_goal,made,27.0,00-0025565,N.Folk,TEN,IND,2023,5,open,,,fieldturf,1
field_goal,made,43.0,00-0035269,M.Gay,IND,TEN,2023,5,open,,,fieldturf,1
field_goal,made,53.0,00-0025565,N.Folk,TEN,IND,2023,5,open,,,fieldturf,1
field_goal,made,34.0,00-0025565,N.Folk,TEN,IND,2023,5,open,,,fieldturf,1
field_goal,made,35.0,00-0035269,M.Gay,IND,TEN,2023,5,open,,,fieldturf,1
field_goal,made,28.0,00-0035269,M.Gay,IND,TEN,2023,5,open,,,fieldturf,1
field_goal,made,55.0,00-0023853,M.Prater,ARI,LA,2023,6,dome,,,matrixturf,1
field_goal,made,29.0,00-0030332,B.Maher,LA,ARI,2023,6,dome,,,matrixturf,1
field_goal,made,32.0,00-0023853,M.Prater,ARI,LA,2023,6,dome,,,matrixturf,1
field_goal,made,27.0,00-0023853,M.Prater,ARI,LA,2023,6,dome,,,matrixturf,1
field_goal,made,35.0,00-0030332,B.Maher,LA,ARI,2023,6,dome,,,matrixturf,1
field_goal,made,25.0,00-0030332,B.Maher,LA,ARI,2023,6,dome,,,matrixturf,1
field_goal,made,43.0,00-0030332,B.Maher,LA,ARI,2023,6,dome,,,matrixturf,1
field_goal,made,41.0,00-0029597,J.Tucker,BAL,TEN,2023,6,outdoors,,,,1
field_goal,made,26.0,00-0025565,N.Folk,TEN,BAL,2023,6,outdoors,,,,1
field_goal,made,28.0,00-0029597,J.Tucker,BAL,TEN,2023,6,outdoors,,,,1
field_goal,made,23.0,00-0029597,J.Tucker,BAL,TEN,2023,6,outdoors,,,,1
field_goal,made,29.0,00-0029597,J.Tucker,BAL,TEN,2023,6,outdoors,,,,1
field_goal,made,27.0,00-0025565,N.Folk,TEN,BAL,2023,6,outdoors,,,,1
field_goal,made,20.0,00-0029597,J.Tucker,BAL,TEN,2023,6,outdoors,,,,1
field_goal,made,36.0,00-0029597,J.Tucker,BAL,TEN,2023,6,outdoors,,,,1
field_goal,made,38.0,00-0025565,N.Folk,TEN,BAL,2023,6,outdoors,,,,1
field_goal,missed,43.0,00-0034173,E.Pineiro,CAR,MIA,2023,6,outdoors,87.0,12.0,grass,0
field_goal,made,32.0,00-0037692,B.Aubrey,DAL,LAC,2023,6,dome,,,matrixturf,1
field_goal,made,24.0,00-0037224,C.Dicker,LAC,DAL,2023,6,dome,,,matrixturf,1
field_goal,made,39.0,00-0037692,B.Aubrey,DAL,LAC,2023,6,dome,,,matrixturf,1
field_goal,made,35.0,00-0033303,H.Butker,KC,DEN,2023,6,outdoors,,,grass,1
field_goal,made,60.0,00-0033303,H.Butker,KC,DEN,2023,6,outdoors,,,grass,1
field_goal,made,25.0,00-0033303,H.Butker,KC,DEN,2023,6,outdoors,,,grass,1
field_goal,made,52.0,00-0033303,H.Butker,KC,DEN,2023,6,outdoors,,,grass,1
field_goal,made,30.0,00-0036816,R.Patterson,DET,TB,2023,6,outdoors,77.0,13.0,grass,1
field_goal,made,33.0,00-0035358,C.McLaughlin,TB,DET,2023,6,outdoors,77.0,13.0,grass,1
field_goal,missed,52.0,00-0036816,R.Patterson,DET,TB,2023,6,outdoors,77.0,13.0,grass,0
field_goal,made,36.0,00-0035358,C.McLaughlin,TB,DET,2023,6,outdoors,77.0,13.0,grass,1
field_goal,made,36.0,00-0036816,R.Patterson,DET,TB,2023,6,outdoors,77.0,13.0,grass,1
field_goal,made,28.0,00-0035269,M.Gay,IND,JAX,2023,6,outdoors,,,grass,1
field_goal,made,56.0,00-0035269,M.Gay,IND,JAX,2023,6,outdoors,,,grass,1
field_goal,made,48.0,00-0029822,B.McManus,JAX,IND,2023,6,outdoors,,,grass,1
field_goal,made,49.0,00-0029822,B.McManus,JAX,IND,2023,6,outdoors,,,grass,1
field_goal,made,51.0,00-0029822,B.McManus,JAX,IND,2023,6,outdoors,,,grass,1
field_goal,made,53.0,00-0034450,G.Joseph,MIN,CHI,2023,6,outdoors,53.0,16.0,grass,1
field_goal,made,22.0,00-0031203,C.Santos,CHI,MIN,2023,6,outdoors,53.0,16.0,grass,1
field_goal,made,51.0,00-0034450,G.Joseph,MIN,CHI,2023,6,outdoors,53.0,16.0,grass,1
field_goal,made,53.0,00-0031203,C.Santos,CHI,MIN,2023,6,outdoors,53.0,16.0,grass,1
field_goal,missed,57.0,00-0034450,G.Joseph,MIN,CHI,2023,6,outdoors,53.0,16.0,grass,0
field_goal,made,25.0,00-0034161,D.Carlson,LV,NE,2023,6,dome,,,grass,1
field_goal,made,43.0,00-0038567,C.Ryland,NE,LV,2023,6,dome,,,grass,1
field_goal,made,37.0,00-0034161,D.Carlson,LV,NE,2023,6,dome,,,grass,1
field_goal,made,30.0,00-0034161,D.Carlson,LV,NE,2023,6,dome,,,grass,1
field_goal,made,24.0,00-0034161,D.Carlson,LV,NE,2023,6,dome,,,grass,1
field_goal,missed,52.0,00-0038905,B.Grupe,NO,HOU,2023,6,closed,,,astroturf,0
field_goal,made,24.0,00-0032726,K.Fairbairn,HOU,NO,2023,6,closed,,,astroturf,1
field_goal,made,48.0,00-0038905,B.Grupe,NO,HOU,2023,6,closed,,,astroturf,1
field_goal,made,22.0,00-0032726,K.Fairbairn,HOU,NO,2023,6,closed,,,astroturf,1
field_goal,made,45.0,00-0038905,B.Grupe,NO,HOU,2023,6,closed,,,astroturf,1
field_goal,missed,29.0,00-0038905,B.Grupe,NO,HOU,2023,6,closed,,,astroturf,0
field_goal,made,29.0,00-0026858,G.Gano,NYG,BUF,2023,6,outdoors,46.0,7.0,a_turf,1
field_goal,missed,52.0,00-0036162,T.Bass,BUF,NYG,2023,6,outdoors,46.0,7.0,a_turf,0
field_goal,made,43.0,00-0026858,G.Gano,NYG,BUF,2023,6,outdoors,46.0,7.0,a_turf,1
field_goal,made,29.0,00-0026858,G.Gano,NYG,BUF,2023,6,outdoors,46.0,7.0,a_turf,1
field_goal,missed,53.0,00-0036162,T.Bass,BUF,NYG,2023,6,outdoors,46.0,7.0,a_turf,0
field_goal,made,43.0,00-0029621,G.Zuerlein,NYJ,PHI,2023,6,outdoors,59.0,11.0,fieldturf,1
field_goal,made,42.0,00-0029621,G.Zuerlein,NYJ,PHI,2023,6,outdoors,59.0,11.0,fieldturf,1
field_goal,made,35.0,00-0029621,G.Zuerlein,NYJ,PHI,2023,6,outdoors,59.0,11.0,fieldturf,1
field_goal,made,38.0,00-0029621,G.Zuerlein,NYJ,PHI,2023,6,outdoors,59.0,11.0,fieldturf,1
field_goal,missed,37.0,00-0033787,J.Elliott,PHI,NYJ,2023,6,outdoors,59.0,11.0,fieldturf,0
field_goal,made,55.0,00-0031492,J.Myers,SEA,CIN,2023,6,outdoors,57.0,15.0,fieldturf,1
field_goal,made,23.0,00-0031492,J.Myers,SEA,CIN,2023,6,outdoors,57.0,15.0,fieldturf,1
field_goal,made,52.0,00-0036854,E.McPherson,CIN,SEA,2023,6,outdoors,57.0,15.0,fieldturf,1
field_goal,missed,54.0,00-0038562,J.Moody,SF,CLE,2023,6,outdoors,53.0,15.0,grass,0
field_goal,missed,47.0,00-0030098,D.Hopkins,CLE,SF,2023,6,outdoors,53.0,15.0,grass,0
field_goal,made,25.0,00-0038562,J.Moody,SF,CLE,2023,6,outdoors,53.0,15.0,grass,1
field_goal,made,42.0,00-0030098,D.Hopkins,CLE,SF,2023,6,outdoors,53.0,15.0,grass,1
field_goal,made,46.0,00-0030098,D.Hopkins,CLE,SF,2023,6,outdoors,53.0,15.0,grass,1
field_goal,made,50.0,00-0030098,D.Hopkins,CLE,SF,2023,6,outdoors,53.0,15.0,grass,1
field_goal,made,29.0,00-0030098,D.Hopkins,CLE,SF,2023,6,outdoors,53.0,15.0,grass,1
field_goal,missed,41.0,00-0038562,J.Moody,SF,CLE,2023,6,outdoors,53.0,15.0,grass,0
field_goal,made,37.0,00-0035192,J.Slye,WAS,ATL,2023,6,closed,,,fieldturf,1
field_goal,made,47.0,00-0033702,Y.Koo,ATL,WAS,2023,6,closed,,,fieldturf,1
field_goal,made,44.0,00-0023853,M.Prater,ARI,SEA,2023,7,outdoors,56.0,5.0,fieldturf,1
field_goal,made,21.0,00-0031492,J.Myers,SEA,ARI,2023,7,outdoors,56.0,5.0,fieldturf,1
field_goal,missed,34.0,00-0023853,M.Prater,ARI,SEA,2023,7,outdoors,56.0,5.0,fieldturf,0
field_goal,made,48.0,00-0031492,J.Myers,SEA,ARI,2023,7,outdoors,56.0,5.0,fieldturf,1
field_goal,made,24.0,00-0033702,Y.Koo,ATL,TB,2023,7,outdoors,79.0,3.0,grass,1
field_goal,made,24.0,00-0035358,C.McLaughlin,TB,ATL,2023,7,outdoors,79.0,3.0,grass,1
field_goal,made,41.0,00-0033702,Y.Koo,ATL,TB,2023,7,outdoors,79.0,3.0,grass,1
field_goal,made,36.0,00-0035358,C.McLaughlin,TB,ATL,2023,7,outdoors,79.0,3.0,grass,1
field_goal,made,51.0,00-0033702,Y.Koo,ATL,TB,2023,7,outdoors,79.0,3.0,grass,1
field_goal,made,30.0,00-0038567,C.Ryland,NE,BUF,2023,7,outdoors,55.0,13.0,fieldturf,1
field_goal,made,36.0,00-0036162,T.Bass,BUF,NE,2023,7,outdoors,55.0,13.0,fieldturf,1
field_goal,made,24.0,00-0038567,C.Ryland,NE,BUF,2023,7,outdoors,55.0,13.0,fieldturf,1
field_goal,missed,42.0,00-0036162,T.Bass,BUF,NE,2023,7,outdoors,55.0,13.0,fieldturf,0
field_goal,made,49.0,00-0038567,C.Ryland,NE,BUF,2023,7,outdoors,55.0,13.0,fieldturf,1
field_goal,blocked,60.0,00-0035269,M.Gay,IND,CLE,2023,7,open,,,fieldturf,0
field_goal,made,44.0,00-0030098,D.Hopkins,CLE,IND,2023,7,open,,,fieldturf,1
field_goal,made,54.0,00-0030098,D.Hopkins,CLE,IND,2023,7,open,,,fieldturf,1
field_goal,made,54.0,00-0030098,D.Hopkins,CLE,IND,2023,7,open,,,fieldturf,1
field_goal,made,27.0,00-0035269,M.Gay,IND,CLE,2023,7,open,,,fieldturf,1
field_goal,made,58.0,00-0030098,D.Hopkins,CLE,IND,2023,7,open,,,fieldturf,1
field_goal,made,32.0,00-0029597,J.Tucker,BAL,DET,2023,7,outdoors,62.0,16.0,grass,1
field_goal,made,32.0,00-0032569,W.Lutz,DEN,GB,2023,7,outdoors,72.0,9.0,grass,1
field_goal,made,29.0,00-0032569,W.Lutz,DEN,GB,2023,7,outdoors,72.0,9.0,grass,1
field_goal,missed,43.0,00-0038402,A.Carlson,GB,DEN,2023,7,outdoors,72.0,9.0,grass,0
field_goal,made,35.0,00-0032569,W.Lutz,DEN,GB,2023,7,outdoors,72.0,9.0,grass,1
field_goal,made,29.0,00-0038402,A.Carlson,GB,DEN,2023,7,outdoors,72.0,9.0,grass,1
field_goal,made,52.0,00-0032569,W.Lutz,DEN,GB,2023,7,outdoors,72.0,9.0,grass,1
field_goal,missed,51.0,00-0038905,B.Grupe,NO,JAX,2023,7,dome,,,sportturf,0
field_goal,made,23.0,00-0038905,B.Grupe,NO,JAX,2023,7,dome,,,sportturf,1
field_goal,made,35.0,00-0038905,B.Grupe,NO,JAX,2023,7,dome,,,sportturf,1
field_goal,made,43.0,00-0029822,B.McManus,JAX,NO,2023,7,dome,,,sportturf,1
field_goal,made,42.0,00-0038905,B.Grupe,NO,JAX,2023,7,dome,,,sportturf,1
field_goal,made,35.0,00-0033303,H.Butker,KC,LAC,2023,7,outdoors,72.0,10.0,grass,1
field_goal,made,55.0,00-0037224,C.Dicker,LAC,KC,2023,7,outdoors,72.0,10.0,grass,1
field_goal,missed,41.0,00-0034161,D.Carlson,LV,CHI,2023,7,outdoors,52.0,8.0,grass,0
field_goal,made,40.0,00-0034161,D.Carlson,LV,CHI,2023,7,outdoors,52.0,8.0,grass,1
field_goal,made,25.0,00-0034161,D.Carlson,LV,CHI,2023,7,outdoors,52.0,8.0,grass,1
field_goal,made,54.0,00-0031203,C.Santos,CHI,LV,2023,7,outdoors,52.0,8.0,grass,1
field_goal,made,24.0,00-0033787,J.Elliott,PHI,MIA,2023,7,outdoors,55.0,17.0,grass,1
field_goal,made,40.0,00-0034794,J.Sanders,MIA,PHI,2023,7,outdoors,55.0,17.0,grass,1
field_goal,missed,53.0,00-0030332,B.Maher,LA,PIT,2023,7,dome,,,matrixturf,0
field_goal,made,53.0,00-0031136,C.Boswell,PIT,LA,2023,7,dome,,,matrixturf,1
field_goal,made,41.0,00-0030332,B.Maher,LA,PIT,2023,7,dome,,,matrixturf,1
field_goal,missed,51.0,00-0030332,B.Maher,LA,PIT,2023,7,dome,,,matrixturf,0
field_goal,missed,40.0,00-0038562,J.Moody,SF,MIN,2023,7,dome,,,sportturf,0
field_goal,made,21.0,00-0034450,G.Joseph,MIN,SF,2023,7,dome,,,sportturf,1
field_goal,made,20.0,00-0034450,G.Joseph,MIN,SF,2023,7,dome,,,sportturf,1
field_goal,made,54.0,00-0034450,G.Joseph,MIN,SF,2023,7,dome,,,sportturf,1
field_goal,made,55.0,00-0038562,J.Moody,SF,MIN,2023,7,dome,,,sportturf,1
field_goal,missed,50.0,00-0034450,G.Joseph,MIN,SF,2023,7,dome,,,sportturf,0
field_goal,missed,42.0,00-0026858,G.Gano,NYG,WAS,2023,7,outdoors,54.0,14.0,fieldturf,0
field_goal,blocked,27.0,00-0035192,J.Slye,WAS,NYG,2023,7,outdoors,54.0,14.0,fieldturf,0
field_goal,made,29.0,00-0033702,Y.Koo,ATL,TEN,2023,8,outdoors,77.0,7.0,grass,1
field_goal,made,49.0,00-0033702,Y.Koo,ATL,TEN,2023,8,outdoors,77.0,7.0,grass,1
field_goal,made,39.0,00-0033702,Y.Koo,ATL,TEN,2023,8,outdoors,77.0,7.0,grass,1
field_goal,missed,53.0,00-0029597,J.Tucker,BAL,ARI,2023,8,closed,,,grass,0
field_goal,made,48.0,00-0029597,J.Tucker,BAL,ARI,2023,8,closed,,,grass,1
field_goal,made,47.0,00-0023853,M.Prater,ARI,BAL,2023,8,closed,,,grass,1
field_goal,made,43.0,00-0037224,C.Dicker,LAC,CHI,2023,8,dome,,,matrixturf,1
field_goal,made,53.0,00-0037224,C.Dicker,LAC,CHI,2023,8,dome,,,matrixturf,1
field_goal,made,46.0,00-0037224,C.Dicker,LAC,CHI,2023,8,dome,,,matrixturf,1
field_goal,missed,50.0,00-0036854,E.McPherson,CIN,SF,2023,8,outdoors,74.0,10.0,grass,0
field_goal,made,36.0,00-0038562,J.Moody,SF,CIN,2023,8,outdoors,74.0,10.0,grass,1
field_goal,made,56.0,00-0036854,E.McPherson,CIN,SF,2023,8,outdoors,74.0,10.0,grass,1
field_goal,made,32.0,00-0031492,J.Myers,SEA,CLE,2023,8,outdoors,47.0,3.0,fieldturf,1
field_goal,made,25.0,00-0030098,D.Hopkins,CLE,SEA,2023,8,outdoors,47.0,3.0,fieldturf,1
field_goal,made,27.0,00-0030098,D.Hopkins,CLE,SEA,2023,8,outdoors,47.0,3.0,fieldturf,1
field_goal,made,46.0,00-0034173,E.Pineiro,CAR,HOU,2023,8,outdoors,77.0,14.0,grass,1
field_goal,made,37.0,00-0034173,E.Pineiro,CAR,HOU,2023,8,outdoors,77.0,14.0,grass,1
field_goal,made,23.0,00-0034173,E.Pineiro,CAR,HOU,2023,8,outdoors,77.0,14.0,grass,1
field_goal,made,50.0,00-0029822,B.McManus,JAX,PIT,2023,8,outdoors,58.0,2.0,grass,1
field_goal,made,51.0,00-0029822,B.McManus,JAX,PIT,2023,8,outdoors,58.0,2.0,grass,1
field_goal,made,22.0,00-0031136,C.Boswell,PIT,JAX,2023,8,outdoors,58.0,2.0,grass,1
field_goal,made,38.0,00-0029822,B.McManus,JAX,PIT,2023,8,outdoors,58.0,2.0,grass,1
field_goal,missed,61.0,00-0031136,C.Boswell,PIT,JAX,2023,8,outdoors,58.0,2.0,grass,0
field_goal,made,37.0,00-0029822,B.McManus,JAX,PIT,2023,8,outdoors,58.0,2.0,grass,1
field_goal,made,23.0,00-0033303,H.Butker,KC,DEN,2023,8,outdoors,26.0,7.0,grass,1
field_goal,made,34.0,00-0033303,H.Butker,KC,DEN,2023,8,outdoors,26.0,7.0,grass,1
field_goal,made,56.0,00-0033303,H.Butker,KC,DEN,2023,8,outdoors,26.0,7.0,grass,1
field_goal,blocked,38.0,00-0032569,W.Lutz,DEN,KC,2023,8,outdoors,26.0,7.0,grass,0
field_goal,made,28.0,00-0032569,W.Lutz,DEN,KC,2023,8,outdoors,26.0,7.0,grass,1
field_goal,made,33.0,00-0038152,L.Havrisik,LA,DAL,2023,8,closed,,,matrixturf,1
field_goal,made,58.0,00-0037692,B.Aubrey,DAL,LA,2023,8,closed,,,matrixturf,1
field_goal,made,27.0,00-0037692,B.Aubrey,DAL,LA,2023,8,closed,,,matrixturf,1
field_goal,made,47.0,00-0038152,L.Havrisik,LA,DAL,2023,8,closed,,,matrixturf,1
field_goal,made,44.0,00-0036816,R.Patterson,DET,LV,2023,8,dome,,,fieldturf,1
field_goal,made,31.0,00-0036816,R.Patterson,DET,LV,2023,8,dome,,,fieldturf,1
field_goal,made,33.0,00-0036816,R.Patterson,DET,LV,2023,8,dome,,,fieldturf,1
field_goal,made,52.0,00-0036816,R.Patterson,DET,LV,2023,8,dome,,,fieldturf,1
field_goal,missed,26.0,00-0036816,R.Patterson,DET,LV,2023,8,dome,,,fieldturf,0
field_goal,missed,42.0,00-0034450,G.Joseph,MIN,GB,2023,8,outdoors,39.0,8.0,grass,0
field_goal,made,25.0,00-0034450,G.Joseph,MIN,GB,2023,8,outdoors,39.0,8.0,grass,1
field_goal,made,30.0,00-0038402,A.Carlson,GB,MIN,2023,8,outdoors,39.0,8.0,grass,1
field_goal,blocked,44.0,00-0034450,G.Joseph,MIN,GB,2023,8,outdoors,39.0,8.0,grass,0
field_goal,made,30.0,00-0034794,J.Sanders,MIA,NE,2023,8,outdoors,83.0,17.0,grass,1
field_goal,made,38.0,00-0038567,C.Ryland,NE,MIA,2023,8,outdoors,83.0,17.0,grass,1
field_goal,made,20.0,00-0035269,M.Gay,IND,NO,2023,8,closed,,,fieldturf,1
field_goal,made,42.0,00-0035269,M.Gay,IND,NO,2023,8,closed,,,fieldturf,1
field_goal,made,27.0,00-0038905,B.Grupe,NO,IND,2023,8,closed,,,fieldturf,1
field_goal,made,31.0,00-0026858,G.Gano,NYG,NYJ,2023,8,outdoors,52.0,6.0,fieldturf,1
field_goal,missed,47.0,00-0026858,G.Gano,NYG,NYJ,2023,8,outdoors,52.0,6.0,fieldturf,0
field_goal,missed,35.0,00-0026858,G.Gano,NYG,NYJ,2023,8,outdoors,52.0,6.0,fieldturf,0
field_goal,made,35.0,00-0029621,G.Zuerlein,NYJ,NYG,2023,8,outdoors,52.0,6.0,fieldturf,1
field_goal,made,33.0,00-0029621,G.Zuerlein,NYJ,NYG,2023,8,outdoors,52.0,6.0,fieldturf,1
field_goal,made,51.0,00-0033787,J.Elliott,PHI,WAS,2023,8,outdoors,69.0,4.0,grass,1
field_goal,made,61.0,00-0035192,J.Slye,WAS,PHI,2023,8,outdoors,69.0,4.0,grass,1
field_goal,made,37.0,00-0036162,T.Bass,BUF,TB,2023,8,outdoors,66.0,10.0,a_turf,1
field_goal,blocked,50.0,00-0035358,C.McLaughlin,TB,BUF,2023,8,outdoors,66.0,10.0,a_turf,0
field_goal,made,57.0,00-0035358,C.McLaughlin,TB,BUF,2023,8,outdoors,66.0,10.0,a_turf,1
field_goal,made,30.0,00-0030098,D.Hopkins,CLE,ARI,2023,9,outdoors,56.0,7.0,grass,1
field_goal,made,45.0,00-0030098,D.Hopkins,CLE,ARI,2023,9,outdoors,56.0,7.0,grass,1
field_goal,missed,48.0,00-0030098,D.Hopkins,CLE,ARI,2023,9,outdoors,56.0,7.0,grass,0
field_goal,made,34.0,00-0036162,T.Bass,BUF,CIN,2023,9,outdoors,51.0,5.0,fieldturf,1
field_goal,made,20.0,00-0036854,E.McPherson,CIN,BUF,2023,9,outdoors,51.0,5.0,fieldturf,1
field_goal,missed,40.0,00-0031203,C.Santos,CHI,NO,2023,9,dome,,,sportturf,0
field_goal,made,55.0,00-0038905,B.Grupe,NO,CHI,2023,9,dome,,,sportturf,1
field_goal,made,31.0,00-0031203,C.Santos,CHI,NO,2023,9,dome,,,sportturf,1
field_goal,missed,47.0,00-0038905,B.Grupe,NO,CHI,2023,9,dome,,,sportturf,0
field_goal,made,51.0,00-0037692,B.Aubrey,DAL,PHI,2023,9,outdoors,64.0,6.0,grass,1
field_goal,made,26.0,00-0035269,M.Gay,IND,CAR,2023,9,outdoors,75.0,2.0,grass,1
field_goal,made,35.0,00-0034173,E.Pineiro,CAR,IND,2023,9,outdoors,75.0,2.0,grass,1
field_goal,made,57.0,00-0035269,M.Gay,IND,CAR,2023,9,outdoors,75.0,2.0,grass,1
field_goal,made,49.0,00-0034173,E.Pineiro,CAR,IND,2023,9,outdoors,75.0,2.0,grass,1
field_goal,made,47.0,00-0029621,G.Zuerlein,NYJ,LAC,2023,9,outdoors,48.0,4.0,fieldturf,1
field_goal,made,55.0,00-0037224,C.Dicker,LAC,NYJ,2023,9,outdoors,48.0,4.0,fieldturf,1
field_goal,made,46.0,00-0029621,G.Zuerlein,NYJ,LAC,2023,9,outdoors,48.0,4.0,fieldturf,1
field_goal,made,38.0,00-0037224,C.Dicker,LAC,NYJ,2023,9,outdoors,48.0,4.0,fieldturf,1
field_goal,made,52.0,00-0038152,L.Havrisik,LA,GB,2023,9,outdoors,51.0,8.0,grass,1
field_goal,missed,48.0,00-0038402,A.Carlson,GB,LA,2023,9,outdoors,51.0,8.0,grass,0
field_goal,missed,49.0,00-0038152,L.Havrisik,LA,GB,2023,9,outdoors,51.0,8.0,grass,0
field_goal,made,26.0,00-0038402,A.Carlson,GB,LA,2023,9,outdoors,51.0,8.0,grass,1
field_goal,made,34.0,00-0038402,A.Carlson,GB,LA,2023,9,outdoors,51.0,8.0,grass,1
field_goal,made,52.0,00-0033702,Y.Koo,ATL,MIN,2023,9,open,,,fieldturf,1
field_goal,made,19.0,00-0034450,G.Joseph,MIN,ATL,2023,9,open,,,fieldturf,1
field_goal,made,43.0,00-0033702,Y.Koo,ATL,MIN,2023,9,open,,,fieldturf,1
field_goal,made,23.0,00-0033702,Y.Koo,ATL,MIN,2023,9,open,,,fieldturf,1
field_goal,made,54.0,00-0033702,Y.Koo,ATL,MIN,2023,9,open,,,fieldturf,1
field_goal,made,32.0,00-0034450,G.Joseph,MIN,ATL,2023,9,open,,,fieldturf,1
field_goal,made,31.0,00-0034450,G.Joseph,MIN,ATL,2023,9,open,,,fieldturf,1
field_goal,made,24.0,00-0034161,D.Carlson,LV,NYG,2023,9,dome,,,grass,1
field_goal,made,46.0,00-0034161,D.Carlson,LV,NYG,2023,9,dome,,,grass,1
field_goal,made,41.0,00-0034161,D.Carlson,LV,NYG,2023,9,dome,,,grass,1
field_goal,made,33.0,00-0031492,J.Myers,SEA,BAL,2023,9,outdoors,70.0,6.0,grass,1
field_goal,made,37.0,00-0029597,J.Tucker,BAL,SEA,2023,9,outdoors,70.0,6.0,grass,1
field_goal,made,45.0,00-0029597,J.Tucker,BAL,SEA,2023,9,outdoors,70.0,6.0,grass,1
field_goal,made,31.0,00-0029597,J.Tucker,BAL,SEA,2023,9,outdoors,70.0,6.0,grass,1
field_goal,made,35.0,00-0035358,C.McLaughlin,TB,HOU,2023,9,closed,,,astroturf,1
field_goal,made,50.0,00-0032726,K.Fairbairn,HOU,TB,2023,9,closed,,,astroturf,1
field_goal,made,49.0,00-0035358,C.McLaughlin,TB,HOU,2023,9,closed,,,astroturf,1
field_goal,made,55.0,00-0035358,C.McLaughlin,TB,HOU,2023,9,closed,,,astroturf,1
field_goal,made,29.0,00-0033854,D.Ogunbowale,HOU,TB,2023,9,closed,,,astroturf,1
field_goal,made,36.0,00-0025565,N.Folk,TEN,PIT,2023,9,outdoors,40.0,5.0,grass,1
field_goal,made,29.0,00-0031136,C.Boswell,PIT,TEN,2023,9,outdoors,40.0,5.0,grass,1
field_goal,made,36.0,00-0025565,N.Folk,TEN,PIT,2023,9,outdoors,40.0,5.0,grass,1
field_goal,made,30.0,00-0031136,C.Boswell,PIT,TEN,2023,9,outdoors,40.0,5.0,grass,1
field_goal,made,48.0,00-0025565,N.Folk,TEN,PIT,2023,9,outdoors,40.0,5.0,grass,1
field_goal,made,37.0,00-0035192,J.Slye,WAS,NE,2023,9,outdoors,62.0,6.0,fieldturf,1
field_goal,made,43.0,00-0038567,C.Ryland,NE,WAS,2023,9,outdoors,62.0,6.0,fieldturf,1
field_goal,made,30.0,00-0035192,J.Slye,WAS,NE,2023,9,outdoors,62.0,6.0,fieldturf,1
field_goal,made,51.0,00-0023853,M.Prater,ARI,ATL,2023,10,closed,,,grass,1
field_goal,made,46.0,00-0023853,M.Prater,ARI,ATL,2023,10,closed,,,grass,1
field_goal,made,56.0,00-0023853,M.Prater,ARI,ATL,2023,10,closed,,,grass,1
field_goal,made,36.0,00-0033702,Y.Koo,ATL,ARI,2023,10,closed,,,grass,1
field_goal,made,23.0,00-0023853,M.Prater,ARI,ATL,2023,10,closed,,,grass,1
field_goal,made,54.0,00-0031203,C.Santos,CHI,CAR,2023,10,outdoors,51.0,8.0,grass,1
field_goal,made,33.0,00-0034173,E.Pineiro,CAR,CHI,2023,10,outdoors,51.0,8.0,grass,1
field_goal,made,36.0,00-0031203,C.Santos,CHI,CAR,2023,10,outdoors,51.0,8.0,grass,1
field_goal,made,39.0,00-0031203,C.Santos,CHI,CAR,2023,10,outdoors,51.0,8.0,grass,1
field_goal,made,39.0,00-0034173,E.Pineiro,CAR,CHI,2023,10,outdoors,51.0,8.0,grass,1
field_goal,missed,59.0,00-0034173,E.Pineiro,CAR,CHI,2023,10,outdoors,51.0,8.0,grass,0
field_goal,made,36.0,00-0030098,D.Hopkins,CLE,BAL,2023,10,outdoors,49.0,4.0,grass,1
field_goal,made,37.0,00-0029597,J.Tucker,BAL,CLE,2023,10,outdoors,49.0,4.0,grass,1
field_goal,made,28.0,00-0030098,D.Hopkins,CLE,BAL,2023,10,outdoors,49.0,4.0,grass,1
field_goal,blocked,55.0,00-0029597,J.Tucker,BAL,CLE,2023,10,outdoors,49.0,4.0,grass,0
field_goal,made,23.0,00-0030098,D.Hopkins,CLE,BAL,2023,10,outdoors,49.0,4.0,grass,1
field_goal,made,40.0,00-0030098,D.Hopkins,CLE,BAL,2023,10,outdoors,49.0,4.0,grass,1
field_goal,made,40.0,00-0032569,W.Lutz,DEN,BUF,2023,10,outdoors,49.0,10.0,a_turf,1
field_goal,made,49.0,00-0032569,W.Lutz,DEN,BUF,2023,10,outdoors,49.0,10.0,a_turf,1
field_goal,made,40.0,00-0032569,W.Lutz,DEN,BUF,2023,10,outdoors,49.0,10.0,a_turf,1
field_goal,made,36.0,00-0032569,W.Lutz,DEN,BUF,2023,10,outdoors,49.0,10.0,a_turf,1
field_goal,made,33.0,00-0036816,R.Patterson,DET,LAC,2023,10,dome,,,matrixturf,1
field_goal,made,48.0,00-0037224,C.Dicker,LAC,DET,2023,10,dome,,,matrixturf,1
field_goal,made,41.0,00-0036816,R.Patterson,DET,LAC,2023,10,dome,,,matrixturf,1
field_goal,made,42.0,00-0031136,C.Boswell,PIT,GB,2023,10,outdoors,50.0,5.0,grass,1
field_goal,made,31.0,00-0038402,A.Carlson,GB,PIT,2023,10,outdoors,50.0,5.0,grass,1
field_goal,made,28.0,00-0038402,A.Carlson,GB,PIT,2023,10,outdoors,50.0,5.0,grass,1
field_goal,made,49.0,00-0031136,C.Boswell,PIT,GB,2023,10,outdoors,50.0,5.0,grass,1
field_goal,made,35.0,00-0031136,C.Boswell,PIT,GB,2023,10,outdoors,50.0,5.0,grass,1
field_goal,made,45.0,00-0036469,M.Ammendola,HOU,CIN,2023,10,outdoors,56.0,6.0,fieldturf,1
field_goal,made,22.0,00-0036469,M.Ammendola,HOU,CIN,2023,10,outdoors,56.0,6.0,fieldturf,1
field_goal,made,50.0,00-0036854,E.McPherson,CIN,HOU,2023,10,outdoors,56.0,6.0,fieldturf,1
field_goal,made,31.0,00-0036854,E.McPherson,CIN,HOU,2023,10,outdoors,56.0,6.0,fieldturf,1
field_goal,made,38.0,00-0036469,M.Ammendola,HOU,CIN,2023,10,outdoors,56.0,6.0,fieldturf,1
field_goal,made,37.0,00-0038567,C.Ryland,NE,IND,2023,10,outdoors,,,grass,1
field_goal,missed,57.0,00-0035269,M.Gay,IND,NE,2023,10,outdoors,,,grass,0
field_goal,missed,35.0,00-0038567,C.Ryland,NE,IND,2023,10,outdoors,,,grass,0
field_goal,made,24.0,00-0038567,C.Ryland,NE,IND,2023,10,outdoors,,,grass,1
field_goal,made,51.0,00-0035269,M.Gay,IND,NE,2023,10,outdoors,,,grass,1
field_goal,made,40.0,00-0034450,G.Joseph,MIN,NO,2023,10,dome,,,sportturf,1
field_goal,made,48.0,00-0038905,B.Grupe,NO,MIN,2023,10,dome,,,sportturf,1
field_goal,made,33.0,00-0034450,G.Joseph,MIN,NO,2023,10,dome,,,sportturf,1
field_goal,missed,54.0,00-0034450,G.Joseph,MIN,NO,2023,10,dome,,,sportturf,0
field_goal,made,40.0,00-0029421,R.Bullock,NYG,DAL,2023,10,closed,,,matrixturf,1
field_goal,made,47.0,00-0029621,G.Zuerlein,NYJ,LV,2023,10,dome,,,grass,1
field_goal,made,41.0,00-0034161,D.Carlson,LV,NYJ,2023,10,dome,,,grass,1
field_goal,made,53.0,00-0029621,G.Zuerlein,NYJ,LV,2023,10,dome,,,grass,1
field_goal,made,30.0,00-0029621,G.Zuerlein,NYJ,LV,2023,10,dome,,,grass,1
field_goal,made,54.0,00-0034161,D.Carlson,LV,NYJ,2023,10,dome,,,grass,1
field_goal,made,40.0,00-0034161,D.Carlson,LV,NYJ,2023,10,dome,,,grass,1
field_goal,made,45.0,00-0029621,G.Zuerlein,NYJ,LV,2023,10,dome,,,grass,1
field_goal,made,39.0,00-0038562,J.Moody,SF,JAX,2023,10,outdoors,59.0,11.0,grass,1
field_goal,made,37.0,00-0029822,B.McManus,JAX,SF,2023,10,outdoors,59.0,11.0,grass,1
field_goal,made,35.0,00-0038562,J.Moody,SF,JAX,2023,10,outdoors,59.0,11.0,grass,1
field_goal,made,38.0,00-0025565,N.Folk,TEN,TB,2023,10,outdoors,85.0,6.0,grass,1
field_goal,missed,51.0,00-0025565,N.Folk,TEN,TB,2023,10,outdoors,85.0,6.0,grass,0
field_goal,made,25.0,00-0035358,C.McLaughlin,TB,TEN,2023,10,outdoors,85.0,6.0,grass,1
field_goal,made,27.0,00-0025565,N.Folk,TEN,TB,2023,10,outdoors,85.0,6.0,grass,1
field_goal,made,35.0,00-0035358,C.McLaughlin,TB,TEN,2023,10,outdoors,85.0,6.0,grass,1
field_goal,made,45.0,00-0031492,J.Myers,SEA,WAS,2023,10,outdoors,52.0,4.0,fieldturf,1
field_goal,made,49.0,00-0035192,J.Slye,WAS,SEA,2023,10,outdoors,52.0,4.0,fieldturf,1
field_goal,made,43.0,00-0031492,J.Myers,SEA,WAS,2023,10,outdoors,52.0,4.0,fieldturf,1
field_goal,made,33.0,00-0031492,J.Myers,SEA,WAS,2023,10,outdoors,52.0,4.0,fieldturf,1
field_goal,made,47.0,00-0035192,J.Slye,WAS,SEA,2023,10,outdoors,52.0,4.0,fieldturf,1
field_goal,made,45.0,00-0031492,J.Myers,SEA,WAS,2023,10,outdoors,52.0,4.0,fieldturf,1
field_goal,made,43.0,00-0031492,J.Myers,SEA,WAS,2023,10,outdoors,52.0,4.0,fieldturf,1
field_goal,made,57.0,00-0023853,M.Prater,ARI,HOU,2023,11,closed,,,astroturf,1
field_goal,missed,48.0,00-0036469,M.Ammendola,HOU,ARI,2023,11,closed,,,astroturf,0
field_goal,made,31.0,00-0031203,C.Santos,CHI,DET,2023,11,dome,,,fieldturf,1
field_goal,made,53.0,00-0031203,C.Santos,CHI,DET,2023,11,dome,,,fieldturf,1
field_goal,made,40.0,00-0031203,C.Santos,CHI,DET,2023,11,dome,,,fieldturf,1
field_goal,made,39.0,00-0031203,C.Santos,CHI,DET,2023,11,dome,,,fieldturf,1
field_goal,made,50.0,00-0036854,E.McPherson,CIN,BAL,2023,11,outdoors,56.0,1.0,grass,1
field_goal,missed,53.0,00-0036854,E.McPherson,CIN,BAL,2023,11,outdoors,56.0,1.0,grass,0
field_goal,made,26.0,00-0036854,E.McPherson,CIN,BAL,2023,11,outdoors,56.0,1.0,grass,1
field_goal,made,25.0,00-0029597,J.Tucker,BAL,CIN,2023,11,outdoors,56.0,1.0,grass,1
field_goal,made,47.0,00-0029597,J.Tucker,BAL,CIN,2023,11,outdoors,56.0,1.0,grass,1
field_goal,made,30.0,00-0037692,B.Aubrey,DAL,CAR,2023,11,outdoors,65.0,2.0,grass,1
field_goal,made,42.0,00-0034173,E.Pineiro,CAR,DAL,2023,11,outdoors,65.0,2.0,grass,1
field_goal,made,27.0,00-0037692,B.Aubrey,DAL,CAR,2023,11,outdoors,65.0,2.0,grass,1
field_goal,made,25.0,00-0037224,C.Dicker,LAC,GB,2023,11,outdoors,45.0,5.0,grass,1
field_goal,missed,52.0,00-0038402,A.Carlson,GB,LAC,2023,11,outdoors,45.0,5.0,grass,0
field_goal,made,28.0,00-0038402,A.Carlson,GB,LAC,2023,11,outdoors,45.0,5.0,grass,1
field_goal,made,26.0,00-0037224,C.Dicker,LAC,GB,2023,11,outdoors,45.0,5.0,grass,1
field_goal,made,34.0,00-0034161,D.Carlson,LV,MIA,2023,11,outdoors,82.0,7.0,grass,1
field_goal,made,47.0,00-0034161,D.Carlson,LV,MIA,2023,11,outdoors,82.0,7.0,grass,1
field_goal,missed,50.0,00-0034794,J.Sanders,MIA,LV,2023,11,outdoors,82.0,7.0,grass,0
field_goal,made,41.0,00-0034794,J.Sanders,MIA,LV,2023,11,outdoors,82.0,7.0,grass,1
field_goal,made,51.0,00-0034794,J.Sanders,MIA,LV,2023,11,outdoors,82.0,7.0,grass,1
field_goal,made,31.0,00-0032569,W.Lutz,DEN,MIN,2023,11,outdoors,53.0,3.0,grass,1
field_goal,made,34.0,00-0034450,G.Joseph,MIN,DEN,2023,11,outdoors,53.0,3.0,grass,1
field_goal,made,31.0,00-0032569,W.Lutz,DEN,MIN,2023,11,outdoors,53.0,3.0,grass,1
field_goal,made,52.0,00-0032569,W.Lutz,DEN,MIN,2023,11,outdoors,53.0,3.0,grass,1
field_goal,made,37.0,00-0032569,W.Lutz,DEN,MIN,2023,11,outdoors,53.0,3.0,grass,1
field_goal,made,28.0,00-0032569,W.Lutz,DEN,MIN,2023,11,outdoors,53.0,3.0,grass,1
field_goal,made,30.0,00-0034450,G.Joseph,MIN,DEN,2023,11,outdoors,53.0,3.0,grass,1
field_goal,made,23.0,00-0035192,J.Slye,WAS,NYG,2023,11,outdoors,56.0,7.0,grass,1
field_goal,made,42.0,00-0035192,J.Slye,WAS,NYG,2023,11,outdoors,56.0,7.0,grass,1
field_goal,made,36.0,00-0029421,R.Bullock,NYG,WAS,2023,11,outdoors,56.0,7.0,grass,1
field_goal,made,48.0,00-0036162,T.Bass,BUF,NYJ,2023,11,outdoors,40.0,9.0,a_turf,1
field_goal,made,30.0,00-0036162,T.Bass,BUF,NYJ,2023,11,outdoors,40.0,9.0,a_turf,1
field_goal,made,33.0,00-0036162,T.Bass,BUF,NYJ,2023,11,outdoors,40.0,9.0,a_turf,1
field_goal,made,50.0,00-0036162,T.Bass,BUF,NYJ,2023,11,outdoors,40.0,9.0,a_turf,1
field_goal,made,43.0,00-0033303,H.Butker,KC,PHI,2023,11,outdoors,45.0,12.0,grass,1
field_goal,made,25.0,00-0030098,D.Hopkins,CLE,PIT,2023,11,outdoors,48.0,11.0,grass,1
field_goal,made,28.0,00-0031136,C.Boswell,PIT,CLE,2023,11,outdoors,48.0,11.0,grass,1
field_goal,made,34.0,00-0030098,D.Hopkins,CLE,PIT,2023,11,outdoors,48.0,11.0,grass,1
field_goal,made,54.0,00-0031492,J.Myers,SEA,LA,2023,11,dome,,,matrixturf,1
field_goal,made,43.0,00-0031492,J.Myers,SEA,LA,2023,11,dome,,,matrixturf,1
field_goal,made,52.0,00-0031492,J.Myers,SEA,LA,2023,11,dome,,,matrixturf,1
field_goal,made,22.0,00-0038152,L.Havrisik,LA,SEA,2023,11,dome,,,matrixturf,1
field_goal,missed,55.0,00-0031492,J.Myers,SEA,LA,2023,11,dome,,,matrixturf,0
field_goal,made,37.0,00-0038562,J.Moody,SF,TB,2023,11,outdoors,65.0,10.0,grass,1
field_goal,made,28.0,00-0038562,J.Moody,SF,TB,2023,11,outdoors,65.0,10.0,grass,1
field_goal,made,30.0,00-0029822,B.McManus,JAX,TEN,2023,11,outdoors,75.0,3.0,grass,1
field_goal,made,25.0,00-0029822,B.McManus,JAX,TEN,2023,11,outdoors,75.0,3.0,grass,1
field_goal,made,39.0,00-0037224,C.Dicker,LAC,BAL,2023,12,dome,,,matrixturf,1
field_goal,made,42.0,00-0029597,J.Tucker,BAL,LAC,2023,12,dome,,,matrixturf,1
field_goal,made,48.0,00-0029597,J.Tucker,BAL,LAC,2023,12,dome,,,matrixturf,1
field_goal,missed,44.0,00-0029597,J.Tucker,BAL,LAC,2023,12,dome,,,matrixturf,0
field_goal,made,48.0,00-0036162,T.Bass,BUF,PHI,2023,12,outdoors,47.0,6.0,grass,1
field_goal,blocked,34.0,00-0036162,T.Bass,BUF,PHI,2023,12,outdoors,47.0,6.0,grass,0
field_goal,missed,48.0,00-0036162,T.Bass,BUF,PHI,2023,12,outdoors,47.0,6.0,grass,0
field_goal,made,59.0,00-0033787,J.Elliott,PHI,BUF,2023,12,outdoors,47.0,6.0,grass,1
field_goal,made,40.0,00-0036162,T.Bass,BUF,PHI,2023,12,outdoors,47.0,6.0,grass,1
field_goal,made,50.0,00-0034173,E.Pineiro,CAR,TEN,2023,12,outdoors,51.0,13.0,grass,1
field_goal,made,53.0,00-0025565,N.Folk,TEN,CAR,2023,12,outdoors,51.0,13.0,grass,1
field_goal,missed,48.0,00-0031203,C.Santos,CHI,MIN,2023,12,dome,,,sportturf,0
field_goal,made,25.0,00-0031203,C.Santos,CHI,MIN,2023,12,dome,,,sportturf,1
field_goal,made,34.0,00-0034450,G.Joseph,MIN,CHI,2023,12,dome,,,sportturf,1
field_goal,made,39.0,00-0031203,C.Santos,CHI,MIN,2023,12,dome,,,sportturf,1
field_goal,made,55.0,00-0031203,C.Santos,CHI,MIN,2023,12,dome,,,sportturf,1
field_goal,made,30.0,00-0031203,C.Santos,CHI,MIN,2023,12,dome,,,sportturf,1
field_goal,made,36.0,00-0030098,D.Hopkins,CLE,DEN,2023,12,outdoors,40.0,5.0,grass,1
field_goal,made,24.0,00-0030098,D.Hopkins,CLE,DEN,2023,12,outdoors,40.0,5.0,grass,1
field_goal,made,23.0,00-0032569,W.Lutz,DEN,CLE,2023,12,outdoors,40.0,5.0,grass,1
field_goal,made,34.0,00-0032569,W.Lutz,DEN,CLE,2023,12,outdoors,40.0,5.0,grass,1
field_goal,made,43.0,00-0038402,A.Carlson,GB,DET,2023,12,dome,,,fieldturf,1
field_goal,missed,63.0,00-0038402,A.Carlson,GB,DET,2023,12,dome,,,fieldturf,0
field_goal,made,40.0,00-0029822,B.McManus,JAX,HOU,2023,12,closed,,,astroturf,1
field_goal,made,48.0,00-0029822,B.McManus,JAX,HOU,2023,12,closed,,,astroturf,1
field_goal,missed,50.0,00-0036469,M.Ammendola,HOU,JAX,2023,12,closed,,,astroturf,0
field_goal,made,53.0,00-0029822,B.McManus,JAX,HOU,2023,12,closed,,,astroturf,1
field_goal,missed,55.0,00-0029822,B.McManus,JAX,HOU,2023,12,closed,,,astroturf,0
field_goal,missed,58.0,00-0036469,M.Ammendola,HOU,JAX,2023,12,closed,,,astroturf,0
field_goal,missed,30.0,00-0034161,D.Carlson,LV,KC,2023,12,dome,,,grass,0
field_goal,made,34.0,00-0034161,D.Carlson,LV,KC,2023,12,dome,,,grass,1
field_goal,made,32.0,00-0033303,H.Butker,KC,LV,2023,12,dome,,,grass,1
field_goal,missed,50.0,00-0038152,L.Havrisik,LA,ARI,2023,12,closed,,,grass,0
field_goal,made,24.0,00-0038152,L.Havrisik,LA,ARI,2023,12,closed,,,grass,1
field_goal,missed,56.0,00-0023853,M.Prater,ARI,LA,2023,12,closed,,,grass,0
field_goal,made,38.0,00-0034794,J.Sanders,MIA,NYJ,2023,12,outdoors,48.0,11.0,fieldturf,1
field_goal,made,54.0,00-0034794,J.Sanders,MIA,NYJ,2023,12,outdoors,48.0,11.0,fieldturf,1
field_goal,made,42.0,00-0029421,R.Bullock,NYG,NE,2023,12,outdoors,43.0,6.0,fieldturf,1
field_goal,missed,35.0,00-0038567,C.Ryland,NE,NYG,2023,12,outdoors,43.0,6.0,fieldturf,0
field_goal,made,25.0,00-0038905,B.Grupe,NO,ATL,2023,12,closed,,,fieldturf,1
field_goal,made,52.0,00-0038905,B.Grupe,NO,ATL,2023,12,closed,,,fieldturf,1
field_goal,made,41.0,00-0038905,B.Grupe,NO,ATL,2023,12,closed,,,fieldturf,1
field_goal,made,45.0,00-0038905,B.Grupe,NO,ATL,2023,12,closed,,,fieldturf,1
field_goal,made,39.0,00-0038905,B.Grupe,NO,ATL,2023,12,closed,,,fieldturf,1
field_goal,made,39.0,00-0033702,Y.Koo,ATL,NO,2023,12,closed,,,fieldturf,1
field_goal,missed,54.0,00-0038905,B.Grupe,NO,ATL,2023,12,closed,,,fieldturf,0
field_goal,made,41.0,00-0031136,C.Boswell,PIT,CIN,2023,12,outdoors,48.0,9.0,fieldturf,1
field_goal,made,34.0,00-0031136,C.Boswell,PIT,CIN,2023,12,outdoors,48.0,9.0,fieldturf,1
field_goal,made,33.0,00-0031136,C.Boswell,PIT,CIN,2023,12,outdoors,48.0,9.0,fieldturf,1
field_goal,made,47.0,00-0036854,E.McPherson,CIN,PIT,2023,12,outdoors,48.0,9.0,fieldturf,1
field_goal,made,51.0,00-0031492,J.Myers,SEA,SF,2023,12,outdoors,39.0,4.0,fieldturf,1
field_goal,made,32.0,00-0038562,J.Moody,SF,SEA,2023,12,outdoors,39.0,4.0,fieldturf,1
field_goal,missed,53.0,00-0031492,J.Myers,SEA,SF,2023,12,outdoors,39.0,4.0,fieldturf,0
field_goal,made,30.0,00-0031492,J.Myers,SEA,SF,2023,12,outdoors,39.0,4.0,fieldturf,1
field_goal,made,21.0,00-0035358,C.McLaughlin,TB,IND,2023,12,closed,,,fieldturf,1
field_goal,made,46.0,00-0035269,M.Gay,IND,TB,2023,12,closed,,,fieldturf,1
field_goal,missed,58.0,00-0035269,M.Gay,IND,TB,2023,12,closed,,,fieldturf,0
field_goal,made,36.0,00-0035269,M.Gay,IND,TB,2023,12,closed,,,fieldturf,1
field_goal,made,24.0,00-0035358,C.McLaughlin,TB,IND,2023,12,closed,,,fieldturf,1
field_goal,made,43.0,00-0035192,J.Slye,WAS,DAL,2023,12,closed,,,matrixturf,1
field_goal,made,52.0,00-0037692,B.Aubrey,DAL,WAS,2023,12,closed,,,matrixturf,1
field_goal,made,29.0,00-0031136,C.Boswell,PIT,ARI,2023,13,outdoors,56.0,12.0,grass,1
field_goal,made,51.0,00-0023853,M.Prater,ARI,PIT,2023,13,outdoors,56.0,12.0,grass,1
field_goal,missed,45.0,00-0031136,C.Boswell,PIT,ARI,2023,13,outdoors,56.0,12.0,grass,0
field_goal,made,27.0,00-0029621,G.Zuerlein,NYJ,ATL,2023,13,outdoors,50.0,8.0,fieldturf,1
field_goal,made,22.0,00-0033702,Y.Koo,ATL,NYJ,2023,13,outdoors,50.0,8.0,fieldturf,1
field_goal,made,46.0,00-0029621,G.Zuerlein,NYJ,ATL,2023,13,outdoors,50.0,8.0,fieldturf,1
field_goal,made,42.0,00-0033702,Y.Koo,ATL,NYJ,2023,13,outdoors,50.0,8.0,fieldturf,1
field_goal,made,23.0,00-0034173,E.Pineiro,CAR,TB,2023,13,outdoors,81.0,8.0,grass,1
field_goal,missed,57.0,00-0036854,E.McPherson,CIN,JAX,2023,13,outdoors,61.0,4.0,grass,0
field_goal,missed,48.0,00-0029822,B.McManus,JAX,CIN,2023,13,outdoors,61.0,4.0,grass,0
field_goal,made,54.0,00-0036854,E.McPherson,CIN,JAX,2023,13,outdoors,61.0,4.0,grass,1
field_goal,made,40.0,00-0029822,B.McManus,JAX,CIN,2023,13,outdoors,61.0,4.0,grass,1
field_goal,made,48.0,00-0036854,E.McPherson,CIN,JAX,2023,13,outdoors,61.0,4.0,grass,1
field_goal,made,44.0,00-0038152,L.Havrisik,LA,CLE,2023,13,dome,,,matrixturf,1
field_goal,missed,43.0,00-0038152,L.Havrisik,LA,CLE,2023,13,dome,,,matrixturf,0
field_goal,made,40.0,00-0030098,D.Hopkins,CLE,LA,2023,13,dome,,,matrixturf,1
field_goal,made,28.0,00-0038152,L.Havrisik,LA,CLE,2023,13,dome,,,matrixturf,1
field_goal,made,24.0,00-0030098,D.Hopkins,CLE,LA,2023,13,dome,,,matrixturf,1
field_goal,made,29.0,00-0036469,M.Ammendola,HOU,DEN,2023,13,closed,,,astroturf,1
field_goal,made,38.0,00-0036469,M.Ammendola,HOU,DEN,2023,13,closed,,,astroturf,1
field_goal,made,34.0,00-0032569,W.Lutz,DEN,HOU,2023,13,closed,,,astroturf,1
field_goal,made,38.0,00-0036469,M.Ammendola,HOU,DEN,2023,13,closed,,,astroturf,1
field_goal,made,26.0,00-0036816,R.Patterson,DET,NO,2023,13,dome,,,sportturf,1
field_goal,made,32.0,00-0036816,R.Patterson,DET,NO,2023,13,dome,,,sportturf,1
field_goal,made,24.0,00-0025565,N.Folk,TEN,IND,2023,13,outdoors,53.0,13.0,grass,1
field_goal,made,23.0,00-0035269,M.Gay,IND,TEN,2023,13,outdoors,53.0,13.0,grass,1
field_goal,made,46.0,00-0035269,M.Gay,IND,TEN,2023,13,outdoors,53.0,13.0,grass,1
field_goal,made,23.0,00-0035269,M.Gay,IND,TEN,2023,13,outdoors,53.0,13.0,grass,1
field_goal,made,28.0,00-0035269,M.Gay,IND,TEN,2023,13,outdoors,53.0,13.0,grass,1
field_goal,made,46.0,00-0025565,N.Folk,TEN,IND,2023,13,outdoors,53.0,13.0,grass,1
field_goal,made,34.0,00-0033303,H.Butker,KC,GB,2023,13,outdoors,31.0,9.0,grass,1
field_goal,made,34.0,00-0033303,H.Butker,KC,GB,2023,13,outdoors,31.0,9.0,grass,1
field_goal,made,40.0,00-0038402,A.Carlson,GB,KC,2023,13,outdoors,31.0,9.0,grass,1
field_goal,made,48.0,00-0038402,A.Carlson,GB,KC,2023,13,outdoors,31.0,9.0,grass,1
field_goal,made,38.0,00-0037224,C.Dicker,LAC,NE,2023,13,outdoors,44.0,8.0,fieldturf,1
field_goal,made,38.0,00-0037224,C.Dicker,LAC,NE,2023,13,outdoors,44.0,8.0,fieldturf,1
field_goal,made,49.0,00-0034794,J.Sanders,MIA,WAS,2023,13,outdoors,53.0,2.0,grass,1
field_goal,missed,53.0,00-0035192,J.Slye,WAS,MIA,2023,13,outdoors,53.0,2.0,grass,0
field_goal,made,30.0,00-0037692,B.Aubrey,DAL,SEA,2023,13,closed,,,matrixturf,1
field_goal,missed,42.0,00-0031492,J.Myers,SEA,DAL,2023,13,closed,,,matrixturf,0
field_goal,made,31.0,00-0037692,B.Aubrey,DAL,SEA,2023,13,closed,,,matrixturf,1
field_goal,made,38.0,00-0037692,B.Aubrey,DAL,SEA,2023,13,closed,,,matrixturf,1
field_goal,made,32.0,00-0037692,B.Aubrey,DAL,SEA,2023,13,closed,,,matrixturf,1
field_goal,made,26.0,00-0033787,J.Elliott,PHI,SF,2023,13,outdoors,52.0,44.0,grass,1
field_goal,made,39.0,00-0033787,J.Elliott,PHI,SF,2023,13,outdoors,52.0,44.0,grass,1
field_goal,made,31.0,00-0036162,T.Bass,BUF,KC,2023,14,outdoors,45.0,5.0,grass,1
field_goal,made,27.0,00-0033303,H.Butker,KC,BUF,2023,14,outdoors,45.0,5.0,grass,1
field_goal,made,39.0,00-0036162,T.Bass,BUF,KC,2023,14,outdoors,45.0,5.0,grass,1
field_goal,missed,29.0,00-0038905,B.Grupe,NO,CAR,2023,14,dome,,,sportturf,0
field_goal,made,47.0,00-0034173,E.Pineiro,CAR,NO,2023,14,dome,,,sportturf,1
field_goal,made,29.0,00-0034173,E.Pineiro,CAR,NO,2023,14,dome,,,sportturf,1
field_goal,missed,41.0,00-0034173,E.Pineiro,CAR,NO,2023,14,dome,,,sportturf,0
field_goal,made,23.0,00-0032569,W.Lutz,DEN,LAC,2023,14,dome,,,matrixturf,1
field_goal,made,46.0,00-0031203,C.Santos,CHI,DET,2023,14,outdoors,36.0,12.0,grass,1
field_goal,made,25.0,00-0031203,C.Santos,CHI,DET,2023,14,outdoors,36.0,12.0,grass,1
field_goal,made,28.0,00-0031203,C.Santos,CHI,DET,2023,14,outdoors,36.0,12.0,grass,1
field_goal,missed,48.0,00-0029421,R.Bullock,NYG,GB,2023,14,outdoors,39.0,14.0,fieldturf,0
field_goal,made,36.0,00-0038402,A.Carlson,GB,NYG,2023,14,outdoors,39.0,14.0,fieldturf,1
field_goal,made,32.0,00-0038402,A.Carlson,GB,NYG,2023,14,outdoors,39.0,14.0,fieldturf,1
field_goal,missed,45.0,00-0038402,A.Carlson,GB,NYG,2023,14,outdoors,39.0,14.0,fieldturf,0
field_goal,made,48.0,00-0038402,A.Carlson,GB,NYG,2023,14,outdoors,39.0,14.0,fieldturf,1
field_goal,made,37.0,00-0029421,R.Bullock,NYG,GB,2023,14,outdoors,39.0,14.0,fieldturf,1
field_goal,made,51.0,00-0029621,G.Zuerlein,NYJ,HOU,2023,14,outdoors,58.0,7.0,fieldturf,1
field_goal,made,55.0,00-0029621,G.Zuerlein,NYJ,HOU,2023,14,outdoors,58.0,7.0,fieldturf,1
field_goal,made,44.0,00-0029621,G.Zuerlein,NYJ,HOU,2023,14,outdoors,58.0,7.0,fieldturf,1
field_goal,missed,38.0,00-0035269,M.Gay,IND,CIN,2023,14,outdoors,40.0,9.0,fieldturf,0
field_goal,made,32.0,00-0036854,E.McPherson,CIN,IND,2023,14,outdoors,40.0,9.0,fieldturf,1
field_goal,made,35.0,00-0036854,E.McPherson,CIN,IND,2023,14,outdoors,40.0,9.0,fieldturf,1
field_goal,made,55.0,00-0030098,D.Hopkins,CLE,JAX,2023,14,outdoors,39.0,11.0,grass,1
field_goal,made,27.0,00-0038152,L.Havrisik,LA,BAL,2023,14,outdoors,57.0,5.0,grass,1
field_goal,made,51.0,00-0038152,L.Havrisik,LA,BAL,2023,14,outdoors,57.0,5.0,grass,1
field_goal,made,31.0,00-0029597,J.Tucker,BAL,LA,2023,14,outdoors,57.0,5.0,grass,1
field_goal,made,47.0,00-0029597,J.Tucker,BAL,LA,2023,14,outdoors,57.0,5.0,grass,1
field_goal,made,33.0,00-0029597,J.Tucker,BAL,LA,2023,14,outdoors,57.0,5.0,grass,1
field_goal,made,36.0,00-0038152,L.Havrisik,LA,BAL,2023,14,outdoors,57.0,5.0,grass,1
field_goal,missed,49.0,00-0034450,G.Joseph,MIN,LV,2023,14,dome,,,grass,0
field_goal,made,36.0,00-0034450,G.Joseph,MIN,LV,2023,14,dome,,,grass,1
field_goal,made,56.0,00-0031136,C.Boswell,PIT,NE,2023,14,outdoors,42.0,5.0,grass,1
field_goal,made,60.0,00-0037692,B.Aubrey,DAL,PHI,2023,14,closed,,,matrixturf,1
field_goal,made,52.0,00-0033787,J.Elliott,PHI,DAL,2023,14,closed,,,matrixturf,1
field_goal,made,44.0,00-0033787,J.Elliott,PHI,DAL,2023,14,closed,,,matrixturf,1
field_goal,made,59.0,00-0037692,B.Aubrey,DAL,PHI,2023,14,closed,,,matrixturf,1
field_goal,made,45.0,00-0037692,B.Aubrey,DAL,PHI,2023,14,closed,,,matrixturf,1
field_goal,made,50.0,00-0037692,B.Aubrey,DAL,PHI,2023,14,closed,,,matrixturf,1
field_goal,made,40.0,00-0031492,J.Myers,SEA,SF,2023,14,outdoors,63.0,5.0,grass,1
field_goal,made,55.0,00-0035358,C.McLaughlin,TB,ATL,2023,14,closed,,,fieldturf,1
field_goal,made,20.0,00-0033702,Y.Koo,ATL,TB,2023,14,closed,,,fieldturf,1
field_goal,missed,50.0,00-0033702,Y.Koo,ATL,TB,2023,14,closed,,,fieldturf,0
field_goal,missed,52.0,00-0033702,Y.Koo,ATL,TB,2023,14,closed,,,fieldturf,0
field_goal,made,38.0,00-0035358,C.McLaughlin,TB,ATL,2023,14,closed,,,fieldturf,1
field_goal,blocked,44.0,00-0034794,J.Sanders,MIA,TEN,2023,14,outdoors,64.0,9.0,grass,0
field_goal,made,28.0,00-0025565,N.Folk,TEN,MIA,2023,14,outdoors,64.0,9.0,grass,1
field_goal,made,20.0,00-0034794,J.Sanders,MIA,TEN,2023,14,outdoors,64.0,9.0,grass,1
field_goal,made,23.0,00-0025565,N.Folk,TEN,MIA,2023,14,outdoors,64.0,9.0,grass,1
field_goal,made,31.0,00-0034794,J.Sanders,MIA,TEN,2023,14,outdoors,64.0,9.0,grass,1
field_goal,made,34.0,00-0034173,E.Pineiro,CAR,ATL,2023,15,outdoors,47.0,11.0,grass,1
field_goal,made,25.0,00-0034173,E.Pineiro,CAR,ATL,2023,15,outdoors,47.0,11.0,grass,1
field_goal,made,23.0,00-0034173,E.Pineiro,CAR,ATL,2023,15,outdoors,47.0,11.0,grass,1
field_goal,made,43.0,00-0029597,J.Tucker,BAL,JAX,2023,15,outdoors,58.0,13.0,grass,1
field_goal,missed,50.0,00-0029822,B.McManus,JAX,BAL,2023,15,outdoors,58.0,13.0,grass,0
field_goal,missed,55.0,00-0029822,B.McManus,JAX,BAL,2023,15,outdoors,58.0,13.0,grass,0
field_goal,made,26.0,00-0029597,J.Tucker,BAL,JAX,2023,15,outdoors,58.0,13.0,grass,1
field_goal,made,34.0,00-0029597,J.Tucker,BAL,JAX,2023,15,outdoors,58.0,13.0,grass,1
field_goal,made,41.0,00-0031203,C.Santos,CHI,CLE,2023,15,outdoors,45.0,15.0,grass,1
field_goal,made,33.0,00-0030098,D.Hopkins,CLE,CHI,2023,15,outdoors,45.0,15.0,grass,1
field_goal,made,34.0,00-0030098,D.Hopkins,CLE,CHI,2023,15,outdoors,45.0,15.0,grass,1
field_goal,made,32.0,00-0037692,B.Aubrey,DAL,BUF,2023,15,outdoors,48.0,9.0,a_turf,1
field_goal,made,23.0,00-0036162,T.Bass,BUF,DAL,2023,15,outdoors,48.0,9.0,a_turf,1
field_goal,made,23.0,00-0032569,W.Lutz,DEN,DET,2023,15,dome,,,fieldturf,1
field_goal,made,23.0,00-0032726,K.Fairbairn,HOU,TEN,2023,15,outdoors,48.0,9.0,grass,1
field_goal,made,27.0,00-0032726,K.Fairbairn,HOU,TEN,2023,15,outdoors,48.0,9.0,grass,1
field_goal,made,53.0,00-0032726,K.Fairbairn,HOU,TEN,2023,15,outdoors,48.0,9.0,grass,1
field_goal,made,45.0,00-0025565,N.Folk,TEN,HOU,2023,15,outdoors,48.0,9.0,grass,1
field_goal,made,54.0,00-0032726,K.Fairbairn,HOU,TEN,2023,15,outdoors,48.0,9.0,grass,1
field_goal,missed,39.0,00-0033303,H.Butker,KC,NE,2023,15,outdoors,53.0,7.0,fieldturf,0
field_goal,missed,41.0,00-0038567,C.Ryland,NE,KC,2023,15,outdoors,53.0,7.0,fieldturf,0
field_goal,made,25.0,00-0038567,C.Ryland,NE,KC,2023,15,outdoors,53.0,7.0,fieldturf,1
field_goal,made,29.0,00-0033303,H.Butker,KC,NE,2023,15,outdoors,53.0,7.0,fieldturf,1
field_goal,made,54.0,00-0033303,H.Butker,KC,NE,2023,15,outdoors,53.0,7.0,fieldturf,1
field_goal,made,34.0,00-0036854,E.McPherson,CIN,MIN,2023,15,outdoors,53.0,5.0,fieldturf,1
field_goal,made,39.0,00-0034450,G.Joseph,MIN,CIN,2023,15,outdoors,53.0,5.0,fieldturf,1
field_goal,made,29.0,00-0036854,E.McPherson,CIN,MIN,2023,15,outdoors,53.0,5.0,fieldturf,1
field_goal,made,56.0,00-0029421,R.Bullock,NYG,NO,2023,15,dome,,,sportturf,1
field_goal,made,40.0,00-0035042,J.Gillan,NYG,NO,2023,15,dome,,,sportturf,1
field_goal,made,50.0,00-0038905,B.Grupe,NO,NYG,2023,15,dome,,,sportturf,1
field_goal,made,37.0,00-0034794,J.Sanders,MIA,NYJ,2023,15,outdoors,76.0,15.0,grass,1
field_goal,made,27.0,00-0034794,J.Sanders,MIA,NYJ,2023,15,outdoors,76.0,15.0,grass,1
field_goal,made,35.0,00-0034794,J.Sanders,MIA,NYJ,2023,15,outdoors,76.0,15.0,grass,1
field_goal,made,27.0,00-0033787,J.Elliott,PHI,SEA,2023,15,outdoors,46.0,2.0,fieldturf,1
field_goal,made,26.0,00-0031492,J.Myers,SEA,PHI,2023,15,outdoors,46.0,2.0,fieldturf,1
field_goal,made,43.0,00-0031492,J.Myers,SEA,PHI,2023,15,outdoors,46.0,2.0,fieldturf,1
field_goal,missed,56.0,00-0035269,M.Gay,IND,PIT,2023,15,closed,,,fieldturf,0
field_goal,made,29.0,00-0035269,M.Gay,IND,PIT,2023,15,closed,,,fieldturf,1
field_goal,made,31.0,00-0035269,M.Gay,IND,PIT,2023,15,closed,,,fieldturf,1
field_goal,missed,43.0,00-0035269,M.Gay,IND,PIT,2023,15,closed,,,fieldturf,0
field_goal,made,42.0,00-0035269,M.Gay,IND,PIT,2023,15,closed,,,fieldturf,1
field_goal,made,58.0,00-0023853,M.Prater,ARI,SF,2023,15,open,,,grass,1
field_goal,made,43.0,00-0023853,M.Prater,ARI,SF,2023,15,open,,,grass,1
field_goal,made,28.0,00-0023853,M.Prater,ARI,SF,2023,15,open,,,grass,1
field_goal,made,43.0,00-0038562,J.Moody,SF,ARI,2023,15,open,,,grass,1
field_goal,made,39.0,00-0035358,C.McLaughlin,TB,GB,2023,15,outdoors,42.0,8.0,grass,1
field_goal,made,36.0,00-0038402,A.Carlson,GB,TB,2023,15,outdoors,42.0,8.0,grass,1
field_goal,made,46.0,00-0035358,C.McLaughlin,TB,GB,2023,15,outdoors,42.0,8.0,grass,1
field_goal,made,33.0,00-0038402,A.Carlson,GB,TB,2023,15,outdoors,42.0,8.0,grass,1
field_goal,made,22.0,00-0038152,L.Havrisik,LA,WAS,2023,15,dome,,,matrixturf,1
field_goal,made,27.0,00-0038152,L.Havrisik,LA,WAS,2023,15,dome,,,matrixturf,1
field_goal,missed,43.0,00-0038152,L.Havrisik,LA,WAS,2023,15,dome,,,matrixturf,0
field_goal,made,55.0,00-0023853,M.Prater,ARI,CHI,2023,16,outdoors,52.0,4.0,grass,1
field_goal,made,49.0,00-0031203,C.Santos,CHI,ARI,2023,16,outdoors,52.0,4.0,grass,1
field_goal,made,29.0,00-0031203,C.Santos,CHI,ARI,2023,16,outdoors,52.0,4.0,grass,1
field_goal,made,45.0,00-0038562,J.Moody,SF,BAL,2023,16,outdoors,56.0,8.0,grass,1
field_goal,made,28.0,00-0029597,J.Tucker,BAL,SF,2023,16,outdoors,56.0,8.0,grass,1
field_goal,made,41.0,00-0029597,J.Tucker,BAL,SF,2023,16,outdoors,56.0,8.0,grass,1
field_goal,made,28.0,00-0029597,J.Tucker,BAL,SF,2023,16,outdoors,56.0,8.0,grass,1
field_goal,made,24.0,00-0029597,J.Tucker,BAL,SF,2023,16,outdoors,56.0,8.0,grass,1
field_goal,made,20.0,00-0037224,C.Dicker,LAC,BUF,2023,16,dome,,,matrixturf,1
field_goal,made,40.0,00-0037224,C.Dicker,LAC,BUF,2023,16,dome,,,matrixturf,1
field_goal,made,47.0,00-0037224,C.Dicker,LAC,BUF,2023,16,dome,,,matrixturf,1
field_goal,made,45.0,00-0037224,C.Dicker,LAC,BUF,2023,16,dome,,,matrixturf,1
field_goal,made,53.0,00-0037224,C.Dicker,LAC,BUF,2023,16,dome,,,matrixturf,1
field_goal,made,29.0,00-0036162,T.Bass,BUF,LAC,2023,16,dome,,,matrixturf,1
field_goal,made,50.0,00-0031136,C.Boswell,PIT,CIN,2023,16,outdoors,49.0,5.0,grass,1
field_goal,made,35.0,00-0036854,E.McPherson,CIN,PIT,2023,16,outdoors,49.0,5.0,grass,1
field_goal,made,30.0,00-0031136,C.Boswell,PIT,CIN,2023,16,outdoors,49.0,5.0,grass,1
field_goal,made,57.0,00-0034794,J.Sanders,MIA,DAL,2023,16,outdoors,75.0,15.0,grass,1
field_goal,made,52.0,00-0034794,J.Sanders,MIA,DAL,2023,16,outdoors,75.0,15.0,grass,1
field_goal,made,54.0,00-0034794,J.Sanders,MIA,DAL,2023,16,outdoors,75.0,15.0,grass,1
field_goal,made,43.0,00-0037692,B.Aubrey,DAL,MIA,2023,16,outdoors,75.0,15.0,grass,1
field_goal,made,35.0,00-0034794,J.Sanders,MIA,DAL,2023,16,outdoors,75.0,15.0,grass,1
field_goal,made,33.0,00-0037692,B.Aubrey,DAL,MIA,2023,16,outdoors,75.0,15.0,grass,1
field_goal,made,29.0,00-0034794,J.Sanders,MIA,DAL,2023,16,outdoors,75.0,15.0,grass,1
field_goal,made,37.0,00-0034084,M.Badgley,DET,MIN,2023,16,dome,,,sportturf,1
field_goal,made,26.0,00-0034450,G.Joseph,MIN,DET,2023,16,dome,,,sportturf,1
field_goal,made,52.0,00-0034173,E.Pineiro,CAR,GB,2023,16,outdoors,67.0,1.0,grass,1
field_goal,made,53.0,00-0038402,A.Carlson,GB,CAR,2023,16,outdoors,67.0,1.0,grass,1
field_goal,made,32.0,00-0038402,A.Carlson,GB,CAR,2023,16,outdoors,67.0,1.0,grass,1
field_goal,made,23.0,00-0033702,Y.Koo,ATL,IND,2023,16,closed,,,fieldturf,1
field_goal,made,47.0,00-0033702,Y.Koo,ATL,IND,2023,16,closed,,,fieldturf,1
field_goal,made,33.0,00-0035269,M.Gay,IND,ATL,2023,16,closed,,,fieldturf,1
field_goal,made,41.0,00-0033702,Y.Koo,ATL,IND,2023,16,closed,,,fieldturf,1
field_goal,made,35.0,00-0033702,Y.Koo,ATL,IND,2023,16,closed,,,fieldturf,1
field_goal,made,25.0,00-0033702,Y.Koo,ATL,IND,2023,16,closed,,,fieldturf,1
field_goal,made,24.0,00-0035358,C.McLaughlin,TB,JAX,2023,16,outdoors,72.0,11.0,grass,1
field_goal,missed,52.0,00-0029822,B.McManus,JAX,TB,2023,16,outdoors,72.0,11.0,grass,0
field_goal,made,31.0,00-0035358,C.McLaughlin,TB,JAX,2023,16,outdoors,72.0,11.0,grass,1
field_goal,made,51.0,00-0035358,C.McLaughlin,TB,JAX,2023,16,outdoors,72.0,11.0,grass,1
field_goal,made,24.0,00-0034161,D.Carlson,LV,KC,2023,16,outdoors,38.0,11.0,grass,1
field_goal,missed,36.0,00-0033303,H.Butker,KC,LV,2023,16,outdoors,38.0,11.0,grass,0
field_goal,made,35.0,00-0034161,D.Carlson,LV,KC,2023,16,outdoors,38.0,11.0,grass,1
field_goal,made,33.0,00-0038567,C.Ryland,NE,DEN,2023,16,outdoors,28.0,9.0,grass,1
field_goal,missed,47.0,00-0038567,C.Ryland,NE,DEN,2023,16,outdoors,28.0,9.0,grass,0
field_goal,missed,57.0,00-0032569,W.Lutz,DEN,NE,2023,16,outdoors,28.0,9.0,grass,0
field_goal,made,56.0,00-0038567,C.Ryland,NE,DEN,2023,16,outdoors,28.0,9.0,grass,1
field_goal,made,20.0,00-0038152,L.Havrisik,LA,NO,2023,16,dome,,,matrixturf,1
field_goal,missed,47.0,00-0038152,L.Havrisik,LA,NO,2023,16,dome,,,matrixturf,0
field_goal,made,22.0,00-0038152,L.Havrisik,LA,NO,2023,16,dome,,,matrixturf,1
field_goal,made,32.0,00-0038152,L.Havrisik,LA,NO,2023,16,dome,,,matrixturf,1
field_goal,made,52.0,00-0025580,M.Crosby,NYG,PHI,2023,16,outdoors,51.0,5.0,grass,1
field_goal,made,28.0,00-0033787,J.Elliott,PHI,NYG,2023,16,outdoors,51.0,5.0,grass,1
field_goal,made,21.0,00-0033787,J.Elliott,PHI,NYG,2023,16,outdoors,51.0,5.0,grass,1
field_goal,made,44.0,00-0033787,J.Elliott,PHI,NYG,2023,16,outdoors,51.0,5.0,grass,1
field_goal,made,43.0,00-0033787,J.Elliott,PHI,NYG,2023,16,outdoors,51.0,5.0,grass,1
field_goal,made,28.0,00-0031492,J.Myers,SEA,TEN,2023,16,outdoors,61.0,4.0,grass,1
field_goal,made,33.0,00-0025565,N.Folk,TEN,SEA,2023,16,outdoors,61.0,4.0,grass,1
field_goal,made,27.0,00-0031492,J.Myers,SEA,TEN,2023,16,outdoors,61.0,4.0,grass,1
field_goal,made,25.0,00-0029621,G.Zuerlein,NYJ,WAS,2023,16,outdoors,45.0,2.0,fieldturf,1
field_goal,made,27.0,00-0029621,G.Zuerlein,NYJ,WAS,2023,16,outdoors,45.0,2.0,fieldturf,1
field_goal,made,54.0,00-0029621,G.Zuerlein,NYJ,WAS,2023,16,outdoors,45.0,2.0,fieldturf,1
field_goal,made,28.0,00-0023853,M.Prater,ARI,PHI,2023,17,outdoors,45.0,9.0,grass,1
field_goal,made,34.0,00-0023853,M.Prater,ARI,PHI,2023,17,outdoors,45.0,9.0,grass,1
field_goal,made,43.0,00-0033787,J.Elliott,PHI,ARI,2023,17,outdoors,45.0,9.0,grass,1
field_goal,missed,50.0,00-0033702,Y.Koo,ATL,CHI,2023,17,outdoors,32.0,5.0,grass,0
field_goal,missed,42.0,00-0033702,Y.Koo,ATL,CHI,2023,17,outdoors,32.0,5.0,grass,0
field_goal,missed,55.0,00-0031203,C.Santos,CHI,ATL,2023,17,outdoors,32.0,5.0,grass,0
field_goal,made,22.0,00-0031203,C.Santos,CHI,ATL,2023,17,outdoors,32.0,5.0,grass,1
field_goal,made,38.0,00-0033702,Y.Koo,ATL,CHI,2023,17,outdoors,32.0,5.0,grass,1
field_goal,made,42.0,00-0031203,C.Santos,CHI,ATL,2023,17,outdoors,32.0,5.0,grass,1
field_goal,made,42.0,00-0031203,C.Santos,CHI,ATL,2023,17,outdoors,32.0,5.0,grass,1
field_goal,made,35.0,00-0029822,B.McManus,JAX,CAR,2023,17,outdoors,56.0,8.0,grass,1
field_goal,made,26.0,00-0029822,B.McManus,JAX,CAR,2023,17,outdoors,56.0,8.0,grass,1
field_goal,made,24.0,00-0029822,B.McManus,JAX,CAR,2023,17,outdoors,56.0,8.0,grass,1
field_goal,made,34.0,00-0029822,B.McManus,JAX,CAR,2023,17,outdoors,56.0,8.0,grass,1
field_goal,made,34.0,00-0036854,E.McPherson,CIN,KC,2023,17,outdoors,36.0,12.0,grass,1
field_goal,made,54.0,00-0033303,H.Butker,KC,CIN,2023,17,outdoors,36.0,12.0,grass,1
field_goal,made,43.0,00-0033303,H.Butker,KC,CIN,2023,17,outdoors,36.0,12.0,grass,1
field_goal,made,27.0,00-0033303,H.Butker,KC,CIN,2023,17,outdoors,36.0,12.0,grass,1
field_goal,made,24.0,00-0033303,H.Butker,KC,CIN,2023,17,outdoors,36.0,12.0,grass,1
field_goal,made,48.0,00-0033303,H.Butker,KC,CIN,2023,17,outdoors,36.0,12.0,grass,1
field_goal,made,46.0,00-0033303,H.Butker,KC,CIN,2023,17,outdoors,36.0,12.0,grass,1
field_goal,made,41.0,00-0034084,M.Badgley,DET,DAL,2023,17,closed,,,matrixturf,1
field_goal,made,51.0,00-0037692,B.Aubrey,DAL,DET,2023,17,closed,,,matrixturf,1
field_goal,made,30.0,00-0034084,M.Badgley,DET,DAL,2023,17,closed,,,matrixturf,1
field_goal,made,43.0,00-0037692,B.Aubrey,DAL,DET,2023,17,closed,,,matrixturf,1
field_goal,made,34.0,00-0038402,A.Carlson,GB,MIN,2023,17,dome,,,sportturf,1
field_goal,made,54.0,00-0034450,G.Joseph,MIN,GB,2023,17,dome,,,sportturf,1
field_goal,made,37.0,00-0038402,A.Carlson,GB,MIN,2023,17,dome,,,sportturf,1
field_goal,made,32.0,00-0032569,W.Lutz,DEN,LAC,2023,17,outdoors,41.0,6.0,grass,1
field_goal,made,36.0,00-0037224,C.Dicker,LAC,DEN,2023,17,outdoors,41.0,6.0,grass,1
field_goal,made,43.0,00-0032569,W.Lutz,DEN,LAC,2023,17,outdoors,41.0,6.0,grass,1
field_goal,missed,48.0,00-0032569,W.Lutz,DEN,LAC,2023,17,outdoors,41.0,6.0,grass,0
field_goal,made,50.0,00-0037224,C.Dicker,LAC,DEN,2023,17,outdoors,41.0,6.0,grass,1
field_goal,made,20.0,00-0032569,W.Lutz,DEN,LAC,2023,17,outdoors,41.0,6.0,grass,1
field_goal,blocked,50.0,00-0037224,C.Dicker,LAC,DEN,2023,17,outdoors,41.0,6.0,grass,0
field_goal,made,52.0,00-0037224,C.Dicker,LAC,DEN,2023,17,outdoors,41.0,6.0,grass,1
field_goal,made,31.0,00-0025580,M.Crosby,NYG,LA,2023,17,outdoors,41.0,10.0,fieldturf,1
field_goal,made,32.0,00-0025580,M.Crosby,NYG,LA,2023,17,outdoors,41.0,10.0,fieldturf,1
field_goal,missed,54.0,00-0025580,M.Crosby,NYG,LA,2023,17,outdoors,41.0,10.0,fieldturf,0
field_goal,made,40.0,00-0034161,D.Carlson,LV,IND,2023,17,closed,,,fieldturf,1
field_goal,made,38.0,00-0035269,M.Gay,IND,LV,2023,17,closed,,,fieldturf,1
field_goal,made,33.0,00-0035269,M.Gay,IND,LV,2023,17,closed,,,fieldturf,1
field_goal,made,33.0,00-0034161,D.Carlson,LV,IND,2023,17,closed,,,fieldturf,1
field_goal,made,45.0,00-0035269,M.Gay,IND,LV,2023,17,closed,,,fieldturf,1
field_goal,made,27.0,00-0034794,J.Sanders,MIA,BAL,2023,17,outdoors,50.0,7.0,grass,1
field_goal,made,38.0,00-0034794,J.Sanders,MIA,BAL,2023,17,outdoors,50.0,7.0,grass,1
field_goal,made,35.0,00-0036162,T.Bass,BUF,NE,2023,17,outdoors,35.0,4.0,a_turf,1
field_goal,made,24.0,00-0036162,T.Bass,BUF,NE,2023,17,outdoors,35.0,4.0,a_turf,1
field_goal,missed,47.0,00-0038567,C.Ryland,NE,BUF,2023,17,outdoors,35.0,4.0,a_turf,0
field_goal,made,45.0,00-0038905,B.Grupe,NO,TB,2023,17,outdoors,66.0,5.0,grass,1
field_goal,made,28.0,00-0038905,B.Grupe,NO,TB,2023,17,outdoors,66.0,5.0,grass,1
field_goal,made,38.0,00-0038905,B.Grupe,NO,TB,2023,17,outdoors,66.0,5.0,grass,1
field_goal,made,46.0,00-0029621,G.Zuerlein,NYJ,CLE,2023,17,outdoors,47.0,6.0,grass,1
field_goal,blocked,31.0,00-0029621,G.Zuerlein,NYJ,CLE,2023,17,outdoors,47.0,6.0,grass,0
field_goal,made,44.0,00-0029621,G.Zuerlein,NYJ,CLE,2023,17,outdoors,47.0,6.0,grass,1
field_goal,made,33.0,00-0036816,R.Patterson,CLE,NYJ,2023,17,outdoors,47.0,6.0,grass,1
field_goal,made,39.0,00-0031136,C.Boswell,PIT,SEA,2023,17,outdoors,47.0,4.0,fieldturf,1
field_goal,made,43.0,00-0031492,J.Myers,SEA,PIT,2023,17,outdoors,47.0,4.0,fieldturf,1
field_goal,made,42.0,00-0031492,J.Myers,SEA,PIT,2023,17,outdoors,47.0,4.0,fieldturf,1
field_goal,made,26.0,00-0031136,C.Boswell,PIT,SEA,2023,17,outdoors,47.0,4.0,fieldturf,1
field_goal,made,21.0,00-0031136,C.Boswell,PIT,SEA,2023,17,outdoors,47.0,4.0,fieldturf,1
field_goal,made,24.0,00-0031492,J.Myers,SEA,PIT,2023,17,outdoors,47.0,4.0,fieldturf,1
field_goal,made,38.0,00-0038562,J.Moody,SF,WAS,2023,17,outdoors,48.0,7.0,grass,1
field_goal,made,47.0,00-0035192,J.Slye,WAS,SF,2023,17,outdoors,48.0,7.0,grass,1
field_goal,made,22.0,00-0038562,J.Moody,SF,WAS,2023,17,outdoors,48.0,7.0,grass,1
field_goal,made,28.0,00-0032726,K.Fairbairn,HOU,TEN,2023,17,closed,,,astroturf,1
field_goal,made,38.0,00-0032726,K.Fairbairn,HOU,TEN,2023,17,closed,,,astroturf,1
field_goal,made,53.0,00-0025565,N.Folk,TEN,HOU,2023,17,closed,,,astroturf,1
field_goal,made,27.0,00-0032726,K.Fairbairn,HOU,TEN,2023,17,closed,,,astroturf,1
field_goal,made,51.0,00-0032726,K.Fairbairn,HOU,TEN,2023,17,closed,,,astroturf,1
field_goal,made,24.0,00-0038905,B.Grupe,NO,ATL,2023,18,dome,,,sportturf,1
field_goal,made,30.0,00-0033702,Y.Koo,ATL,NO,2023,18,dome,,,sportturf,1
field_goal,made,24.0,00-0038905,B.Grupe,NO,ATL,2023,18,dome,,,sportturf,1
field_goal,made,50.0,00-0031203,C.Santos,CHI,GB,2023,18,outdoors,34.0,7.0,grass,1
field_goal,missed,41.0,00-0038402,A.Carlson,GB,CHI,2023,18,outdoors,34.0,7.0,grass,0
field_goal,made,39.0,00-0031203,C.Santos,CHI,GB,2023,18,outdoors,34.0,7.0,grass,1
field_goal,made,35.0,00-0031203,C.Santos,CHI,GB,2023,18,outdoors,34.0,7.0,grass,1
field_goal,made,25.0,00-0038402,A.Carlson,GB,CHI,2023,18,outdoors,34.0,7.0,grass,1
field_goal,made,45.0,00-0036854,E.McPherson,CIN,CLE,2023,18,outdoors,38.0,12.0,fieldturf,1
field_goal,blocked,32.0,00-0037692,B.Aubrey,DAL,WAS,2023,18,outdoors,48.0,13.0,grass,0
field_goal,made,36.0,00-0035192,J.Slye,WAS,DAL,2023,18,outdoors,48.0,13.0,grass,1
field_goal,missed,36.0,00-0037692,B.Aubrey,DAL,WAS,2023,18,outdoors,48.0,13.0,grass,0
field_goal,made,50.0,00-0037692,B.Aubrey,DAL,WAS,2023,18,outdoors,48.0,13.0,grass,1
field_goal,made,49.0,00-0034161,D.Carlson,LV,DEN,2023,18,dome,,,grass,1
field_goal,made,21.0,00-0034161,D.Carlson,LV,DEN,2023,18,dome,,,grass,1
field_goal,made,38.0,00-0035269,M.Gay,IND,HOU,2023,18,closed,,,fieldturf,1
field_goal,made,52.0,00-0035269,M.Gay,IND,HOU,2023,18,closed,,,fieldturf,1
field_goal,missed,57.0,00-0035269,M.Gay,IND,HOU,2023,18,closed,,,fieldturf,0
field_goal,made,51.0,00-0032726,K.Fairbairn,HOU,IND,2023,18,closed,,,fieldturf,1
field_goal,made,35.0,00-0035269,M.Gay,IND,HOU,2023,18,closed,,,fieldturf,1
field_goal,made,44.0,00-0029822,B.McManus,JAX,TEN,2023,18,outdoors,41.0,11.0,grass,1
field_goal,made,30.0,00-0029822,B.McManus,JAX,TEN,2023,18,outdoors,41.0,11.0,grass,1
field_goal,made,22.0,00-0033303,H.Butker,KC,LAC,2023,18,dome,,,matrixturf,1
field_goal,made,49.0,00-0037224,C.Dicker,LAC,KC,2023,18,dome,,,matrixturf,1
field_goal,made,40.0,00-0037224,C.Dicker,LAC,KC,2023,18,dome,,,matrixturf,1
field_goal,made,43.0,00-0037224,C.Dicker,LAC,KC,2023,18,dome,,,matrixturf,1
field_goal,made,20.0,00-0037224,C.Dicker,LAC,KC,2023,18,dome,,,matrixturf,1
field_goal,made,41.0,00-0033303,H.Butker,KC,LAC,2023,18,dome,,,matrixturf,1
field_goal,missed,38.0,00-0038562,J.Moody,SF,LA,2023,18,outdoors,52.0,11.0,grass,0
field_goal,made,39.0,00-0034450,G.Joseph,MIN,DET,2023,18,dome,,,fieldturf,1
field_goal,made,43.0,00-0034450,G.Joseph,MIN,DET,2023,18,dome,,,fieldturf,1
field_goal,made,39.0,00-0034084,M.Badgley,DET,MIN,2023,18,dome,,,fieldturf,1
field_goal,made,21.0,00-0029621,G.Zuerlein,NYJ,NE,2023,18,outdoors,33.0,14.0,fieldturf,1
field_goal,made,30.0,00-0038567,C.Ryland,NE,NYJ,2023,18,outdoors,33.0,14.0,fieldturf,1
field_goal,made,40.0,00-0029621,G.Zuerlein,NYJ,NE,2023,18,outdoors,33.0,14.0,fieldturf,1
field_goal,missed,49.0,00-0029621,G.Zuerlein,NYJ,NE,2023,18,outdoors,33.0,14.0,fieldturf,0
field_goal,made,33.0,00-0029621,G.Zuerlein,NYJ,NE,2023,18,outdoors,33.0,14.0,fieldturf,1
field_goal,made,24.0,00-0025580,M.Crosby,NYG,PHI,2023,18,outdoors,36.0,12.0,fieldturf,1
field_goal,made,36.0,00-0033787,J.Elliott,PHI,NYG,2023,18,outdoors,36.0,12.0,fieldturf,1
field_goal,made,21.0,00-0025580,M.Crosby,NYG,PHI,2023,18,outdoors,36.0,12.0,fieldturf,1
field_goal,missed,45.0,00-0025580,M.Crosby,NYG,PHI,2023,18,outdoors,36.0,12.0,fieldturf,0
field_goal,made,25.0,00-0031136,C.Boswell,PIT,BAL,2023,18,outdoors,38.0,15.0,grass,1
field_goal,made,36.0,00-0029597,J.Tucker,BAL,PIT,2023,18,outdoors,38.0,15.0,grass,1
field_goal,made,33.0,00-0031492,J.Myers,SEA,ARI,2023,18,closed,,,grass,1
field_goal,made,23.0,00-0023853,M.Prater,ARI,SEA,2023,18,closed,,,grass,1
field_goal,made,34.0,00-0023853,M.Prater,ARI,SEA,2023,18,closed,,,grass,1
field_goal,made,29.0,00-0031492,J.Myers,SEA,ARI,2023,18,closed,,,grass,1
field_goal,missed,43.0,00-0023853,M.Prater,ARI,SEA,2023,18,closed,,,grass,0
field_goal,missed,51.0,00-0023853,M.Prater,ARI,SEA,2023,18,closed,,,grass,0
field_goal,made,36.0,00-0035358,C.McLaughlin,TB,CAR,2023,18,outdoors,54.0,19.0,grass,1
field_goal,made,57.0,00-0035358,C.McLaughlin,TB,CAR,2023,18,outdoors,54.0,19.0,grass,1
field_goal,missed,52.0,00-0035189,M.Wright,CAR,TB,2023,18,outdoors,54.0,19.0,grass,0
field_goal,made,39.0,00-0035358,C.McLaughlin,TB,CAR,2023,18,outdoors,54.0,19.0,grass,1
field_goal,made,21.0,00-0032726,K.Fairbairn,HOU,CLE,2023,19,closed,,,astroturf,1
field_goal,made,34.0,00-0037692,B.Aubrey,DAL,GB,2023,19,closed,,,matrixturf,1
field_goal,made,24.0,00-0030332,B.Maher,LA,DET,2023,19,dome,,,fieldturf,1
field_goal,made,54.0,00-0034084,M.Badgley,DET,LA,2023,19,dome,,,fieldturf,1
field_goal,made,27.0,00-0030332,B.Maher,LA,DET,2023,19,dome,,,fieldturf,1
field_goal,made,29.0,00-0030332,B.Maher,LA,DET,2023,19,dome,,,fieldturf,1
field_goal,made,28.0,00-0033303,H.Butker,KC,MIA,2023,19,outdoors,-4.0,19.0,grass,1
field_goal,made,26.0,00-0033303,H.Butker,KC,MIA,2023,19,outdoors,-4.0,19.0,grass,1
field_goal,made,32.0,00-0033303,H.Butker,KC,MIA,2023,19,outdoors,-4.0,19.0,grass,1
field_goal,made,21.0,00-0033303,H.Butker,KC,MIA,2023,19,outdoors,-4.0,19.0,grass,1
field_goal,made,28.0,00-0035358,C.McLaughlin,TB,PHI,2023,19,outdoors,65.0,2.0,grass,1
field_goal,made,54.0,00-0035358,C.McLaughlin,TB,PHI,2023,19,outdoors,65.0,2.0,grass,1
field_goal,made,47.0,00-0033787,J.Elliott,PHI,TB,2023,19,outdoors,65.0,2.0,grass,1
field_goal,made,48.0,00-0035358,C.McLaughlin,TB,PHI,2023,19,outdoors,65.0,2.0,grass,1
field_goal,blocked,49.0,00-0036162,T.Bass,BUF,PIT,2023,19,outdoors,17.0,10.0,a_turf,0
field_goal,made,40.0,00-0031136,C.Boswell,PIT,BUF,2023,19,outdoors,17.0,10.0,a_turf,1
field_goal,made,45.0,00-0036162,T.Bass,BUF,PIT,2023,19,outdoors,17.0,10.0,a_turf,1
field_goal,missed,27.0,00-0036162,T.Bass,BUF,PIT,2023,19,outdoors,17.0,10.0,a_turf,0
field_goal,made,29.0,00-0038402,A.Carlson,GB,SF,2023,20,outdoors,59.0,8.0,grass,1
field_goal,made,29.0,00-0038402,A.Carlson,GB,SF,2023,20,outdoors,59.0,8.0,grass,1
field_goal,blocked,48.0,00-0038562,J.Moody,SF,GB,2023,20,outdoors,59.0,8.0,grass,0
field_goal,made,52.0,00-0038562,J.Moody,SF,GB,2023,20,outdoors,59.0,8.0,grass,1
field_goal,missed,41.0,00-0038402,A.Carlson,GB,SF,2023,20,outdoors,59.0,8.0,grass,0
field_goal,made,53.0,00-0029597,J.Tucker,BAL,HOU,2023,20,outdoors,27.0,16.0,grass,1
field_goal,made,50.0,00-0032726,K.Fairbairn,HOU,BAL,2023,20,outdoors,27.0,16.0,grass,1
field_goal,missed,47.0,00-0032726,K.Fairbairn,HOU,BAL,2023,20,outdoors,27.0,16.0,grass,0
field_goal,made,43.0,00-0029597,J.Tucker,BAL,HOU,2023,20,outdoors,27.0,16.0,grass,1
field_goal,made,27.0,00-0036162,T.Bass,BUF,KC,2023,20,outdoors,25.0,11.0,a_turf,1
field_goal,made,47.0,00-0033303,H.Butker,KC,BUF,2023,20,outdoors,25.0,11.0,a_turf,1
field_goal,made,29.0,00-0033303,H.Butker,KC,BUF,2023,20,outdoors,25.0,11.0,a_turf,1
field_goal,missed,44.0,00-0036162,T.Bass,BUF,KC,2023,20,outdoors,25.0,11.0,a_turf,0
field_goal,made,23.0,00-0034084,M.Badgley,DET,TB,2023,20,dome,,,fieldturf,1
field_goal,made,43.0,00-0035358,C.McLaughlin,TB,DET,2023,20,dome,,,fieldturf,1
field_goal,missed,50.0,00-0035358,C.McLaughlin,TB,DET,2023,20,dome,,,fieldturf,0
field_goal,missed,48.0,00-0038562,J.Moody,SF,DET,2023,21,outdoors,69.0,5.0,grass,0
field_goal,made,21.0,00-0034084,M.Badgley,DET,SF,2023,21,outdoors,69.0,5.0,grass,1
field_goal,made,43.0,00-0038562,J.Moody,SF,DET,2023,21,outdoors,69.0,5.0,grass,1
field_goal,made,33.0,00-0038562,J.Moody,SF,DET,2023,21,outdoors,69.0,5.0,grass,1
field_goal,made,52.0,00-0033303,H.Butker,KC,BAL,2023,21,outdoors,47.0,7.0,grass,1
field_goal,made,43.0,00-0029597,J.Tucker,BAL,KC,2023,21,outdoors,47.0,7.0,grass,1
field_goal,made,55.0,00-0038562,J.Moody,SF,KC,2023,22,dome,,,grass,1
field_goal,made,28.0,00-0033303,H.Butker,KC,SF,2023,22,dome,,,grass,1
field_goal,made,57.0,00-0033303,H.Butker,KC,SF,2023,22,dome,,,grass,1
field_goal,made,24.0,00-0033303,H.Butker,KC,SF,2023,22,dome,,,grass,1
field_goal,made,53.0,00-0038562,J.Moody,SF,KC,2023,22,dome,,,grass,1
field_goal,made,29.0,00-0033303,H.Butker,KC,SF,2023,22,dome,,,grass,1
field_goal,made,27.0,00-0038562,J.Moody,SF,KC,2023,22,dome,,,grass,1
field_goal,made,29.0,00-0023853,M.Prater,ARI,BUF,2024,1,outdoors,61.0,20.0,a_turf,1
field_goal,made,37.0,00-0036162,T.Bass,BUF,ARI,2024,1,outdoors,61.0,20.0,a_turf,1
field_goal,made,31.0,00-0023853,M.Prater,ARI,BUF,2024,1,outdoors,61.0,20.0,a_turf,1
field_goal,made,39.0,00-0036162,T.Bass,BUF,ARI,2024,1,outdoors,61.0,20.0,a_turf,1
field_goal,made,32.0,00-0033303,H.Butker,KC,BAL,2024,1,outdoors,67.0,8.0,grass,1
field_goal,made,31.0,00-0033303,H.Butker,KC,BAL,2024,1,outdoors,67.0,8.0,grass,1
field_goal,missed,53.0,00-0029597,J.Tucker,BAL,KC,2024,1,outdoors,67.0,8.0,grass,0
field_goal,made,25.0,00-0029597,J.Tucker,BAL,KC,2024,1,outdoors,67.0,8.0,grass,1
field_goal,made,32.0,00-0029597,J.Tucker,BAL,KC,2024,1,outdoors,67.0,8.0,grass,1
field_goal,made,57.0,00-0038905,B.Grupe,NO,CAR,2024,1,dome,,,sportturf,1
field_goal,made,44.0,00-0038905,B.Grupe,NO,CAR,2024,1,dome,,,sportturf,1
field_goal,made,52.0,00-0038905,B.Grupe,NO,CAR,2024,1,dome,,,sportturf,1
field_goal,made,43.0,00-0034173,E.Pineiro,CAR,NO,2024,1,dome,,,sportturf,1
field_goal,made,39.0,00-0038905,B.Grupe,NO,CAR,2024,1,dome,,,sportturf,1
field_goal,made,51.0,00-0030098,D.Hopkins,CLE,DAL,2024,1,outdoors,69.0,17.0,grass,1
field_goal,made,57.0,00-0037692,B.Aubrey,DAL,CLE,2024,1,outdoors,69.0,17.0,grass,1
field_goal,made,40.0,00-0037692,B.Aubrey,DAL,CLE,2024,1,outdoors,69.0,17.0,grass,1
field_goal,made,50.0,00-0037692,B.Aubrey,DAL,CLE,2024,1,outdoors,69.0,17.0,grass,1
field_goal,made,46.0,00-0037692,B.Aubrey,DAL,CLE,2024,1,outdoors,69.0,17.0,grass,1
field_goal,made,35.0,00-0032569,W.Lutz,DEN,SEA,2024,1,outdoors,65.0,7.0,fieldturf,1
field_goal,made,50.0,00-0031492,J.Myers,SEA,DEN,2024,1,outdoors,65.0,7.0,fieldturf,1
field_goal,made,30.0,00-0032569,W.Lutz,DEN,SEA,2024,1,outdoors,65.0,7.0,fieldturf,1
field_goal,made,45.0,00-0032569,W.Lutz,DEN,SEA,2024,1,outdoors,65.0,7.0,fieldturf,1
field_goal,made,28.0,00-0031492,J.Myers,SEA,DEN,2024,1,outdoors,65.0,7.0,fieldturf,1
field_goal,made,31.0,00-0039649,B.Narveson,GB,PHI,2024,1,outdoors,,,,1
field_goal,made,23.0,00-0039649,B.Narveson,GB,PHI,2024,1,outdoors,,,,1
field_goal,made,38.0,00-0033787,J.Elliott,PHI,GB,2024,1,outdoors,,,,1
field_goal,missed,43.0,00-0039649,B.Narveson,GB,PHI,2024,1,outdoors,,,,0
field_goal,made,26.0,00-0039649,B.Narveson,GB,PHI,2024,1,outdoors,,,,1
field_goal,made,21.0,00-0033787,J.Elliott,PHI,GB,2024,1,outdoors,,,,1
field_goal,made,51.0,00-0032726,K.Fairbairn,HOU,IND,2024,1,closed,,,fieldturf,1
field_goal,made,50.0,00-0032726,K.Fairbairn,HOU,IND,2024,1,closed,,,fieldturf,1
field_goal,made,51.0,00-0032726,K.Fairbairn,HOU,IND,2024,1,closed,,,fieldturf,1
field_goal,made,53.0,00-0039409,C.Little,JAX,MIA,2024,1,outdoors,91.0,10.0,grass,1
field_goal,missed,42.0,00-0034794,J.Sanders,MIA,JAX,2024,1,outdoors,91.0,10.0,grass,0
field_goal,made,37.0,00-0034794,J.Sanders,MIA,JAX,2024,1,outdoors,91.0,10.0,grass,1
field_goal,made,52.0,00-0034794,J.Sanders,MIA,JAX,2024,1,outdoors,91.0,10.0,grass,1
field_goal,made,41.0,00-0039750,J.Karty,LA,DET,2024,1,dome,,,fieldturf,1
field_goal,made,25.0,00-0039172,J.Bates,DET,LA,2024,1,dome,,,fieldturf,1
field_goal,made,26.0,00-0039750,J.Karty,LA,DET,2024,1,dome,,,fieldturf,1
field_goal,made,32.0,00-0039172,J.Bates,DET,LA,2024,1,dome,,,fieldturf,1
field_goal,made,53.0,00-0037224,C.Dicker,LAC,LV,2024,1,dome,,,matrixturf,1
field_goal,made,25.0,00-0037224,C.Dicker,LAC,LV,2024,1,dome,,,matrixturf,1
field_goal,made,24.0,00-0037224,C.Dicker,LAC,LV,2024,1,dome,,,matrixturf,1
field_goal,missed,49.0,00-0034161,D.Carlson,LV,LAC,2024,1,dome,,,matrixturf,0
field_goal,made,32.0,00-0034161,D.Carlson,LV,LAC,2024,1,dome,,,matrixturf,1
field_goal,made,23.0,00-0026858,G.Gano,NYG,MIN,2024,1,outdoors,64.0,10.0,fieldturf,1
field_goal,made,50.0,00-0026858,G.Gano,NYG,MIN,2024,1,outdoors,64.0,10.0,fieldturf,1
field_goal,made,32.0,00-0035192,J.Slye,NE,CIN,2024,1,outdoors,66.0,5.0,fieldturf,1
field_goal,made,35.0,00-0035192,J.Slye,NE,CIN,2024,1,outdoors,66.0,5.0,fieldturf,1
field_goal,made,37.0,00-0035192,J.Slye,NE,CIN,2024,1,outdoors,66.0,5.0,fieldturf,1
field_goal,made,51.0,00-0036854,E.McPherson,CIN,NE,2024,1,outdoors,66.0,5.0,fieldturf,1
field_goal,made,46.0,00-0038562,J.Moody,SF,NYJ,2024,1,outdoors,76.0,10.0,grass,1
field_goal,made,51.0,00-0038562,J.Moody,SF,NYJ,2024,1,outdoors,76.0,10.0,grass,1
field_goal,made,31.0,00-0038562,J.Moody,SF,NYJ,2024,1,outdoors,76.0,10.0,grass,1
field_goal,made,53.0,00-0038562,J.Moody,SF,NYJ,2024,1,outdoors,76.0,10.0,grass,1
field_goal,made,23.0,00-0038562,J.Moody,SF,NYJ,2024,1,outdoors,76.0,10.0,grass,1
field_goal,made,42.0,00-0038562,J.Moody,SF,NYJ,2024,1,outdoors,76.0,10.0,grass,1
field_goal,made,24.0,00-0033702,Y.Koo,ATL,PIT,2024,1,closed,,,fieldturf,1
field_goal,made,57.0,00-0031136,C.Boswell,PIT,ATL,2024,1,closed,,,fieldturf,1
field_goal,made,51.0,00-0031136,C.Boswell,PIT,ATL,2024,1,closed,,,fieldturf,1
field_goal,made,44.0,00-0031136,C.Boswell,PIT,ATL,2024,1,closed,,,fieldturf,1
field_goal,made,56.0,00-0031136,C.Boswell,PIT,ATL,2024,1,closed,,,fieldturf,1
field_goal,made,40.0,00-0031136,C.Boswell,PIT,ATL,2024,1,closed,,,fieldturf,1
field_goal,made,25.0,00-0031136,C.Boswell,PIT,ATL,2024,1,closed,,,fieldturf,1
field_goal,made,40.0,00-0025565,N.Folk,TEN,CHI,2024,1,outdoors,67.0,8.0,grass,1
field_goal,made,24.0,00-0031203,C.Santos,CHI,TEN,2024,1,outdoors,67.0,8.0,grass,1
field_goal,made,50.0,00-0031203,C.Santos,CHI,TEN,2024,1,outdoors,67.0,8.0,grass,1
field_goal,made,48.0,00-0031203,C.Santos,CHI,TEN,2024,1,outdoors,67.0,8.0,grass,1
field_goal,made,56.0,00-0035358,C.McLaughlin,TB,WAS,2024,1,outdoors,93.0,6.0,grass,1
field_goal,made,34.0,00-0035358,C.McLaughlin,TB,WAS,2024,1,outdoors,93.0,6.0,grass,1
field_goal,missed,47.0,00-0038097,C.York,WAS,TB,2024,1,outdoors,93.0,6.0,grass,0
field_goal,made,29.0,00-0035358,C.McLaughlin,TB,WAS,2024,1,outdoors,93.0,6.0,grass,1
field_goal,missed,56.0,00-0038097,C.York,WAS,TB,2024,1,outdoors,93.0,6.0,grass,0
field_goal,made,39.0,00-0033702,Y.Koo,ATL,PHI,2024,2,outdoors,71.0,9.0,grass,1
field_goal,made,22.0,00-0033702,Y.Koo,ATL,PHI,2024,2,outdoors,71.0,9.0,grass,1
field_goal,made,34.0,00-0033702,Y.Koo,ATL,PHI,2024,2,outdoors,71.0,9.0,grass,1
field_goal,made,29.0,00-0033787,J.Elliott,PHI,ATL,2024,2,outdoors,71.0,9.0,grass,1
field_goal,made,28.0,00-0033787,J.Elliott,PHI,ATL,2024,2,outdoors,71.0,9.0,grass,1
field_goal,made,43.0,00-0036162,T.Bass,BUF,MIA,2024,2,outdoors,86.0,3.0,grass,1
field_goal,made,34.0,00-0034794,J.Sanders,MIA,BUF,2024,2,outdoors,86.0,3.0,grass,1
field_goal,missed,45.0,00-0036162,T.Bass,BUF,MIA,2024,2,outdoors,86.0,3.0,grass,0
field_goal,made,56.0,00-0032726,K.Fairbairn,HOU,CHI,2024,2,closed,,,astroturf,1
field_goal,made,53.0,00-0031203,C.Santos,CHI,HOU,2024,2,closed,,,astroturf,1
field_goal,made,47.0,00-0032726,K.Fairbairn,HOU,CHI,2024,2,closed,,,astroturf,1
field_goal,made,59.0,00-0032726,K.Fairbairn,HOU,CHI,2024,2,closed,,,astroturf,1
field_goal,made,53.0,00-0032726,K.Fairbairn,HOU,CHI,2024,2,closed,,,astroturf,1
field_goal,made,54.0,00-0031203,C.Santos,CHI,HOU,2024,2,closed,,,astroturf,1
field_goal,made,22.0,00-0036854,E.McPherson,CIN,KC,2024,2,outdoors,89.0,8.0,grass,1
field_goal,made,19.0,00-0033303,H.Butker,KC,CIN,2024,2,outdoors,89.0,8.0,grass,1
field_goal,made,33.0,00-0036854,E.McPherson,CIN,KC,2024,2,outdoors,89.0,8.0,grass,1
field_goal,made,48.0,00-0036854,E.McPherson,CIN,KC,2024,2,outdoors,89.0,8.0,grass,1
field_goal,made,53.0,00-0036854,E.McPherson,CIN,KC,2024,2,outdoors,89.0,8.0,grass,1
field_goal,made,51.0,00-0033303,H.Butker,KC,CIN,2024,2,outdoors,89.0,8.0,grass,1
field_goal,made,53.0,00-0030098,D.Hopkins,CLE,JAX,2024,2,outdoors,80.0,12.0,grass,1
field_goal,made,22.0,00-0039409,C.Little,JAX,CLE,2024,2,outdoors,80.0,12.0,grass,1
field_goal,made,38.0,00-0030098,D.Hopkins,CLE,JAX,2024,2,outdoors,80.0,12.0,grass,1
field_goal,made,44.0,00-0030098,D.Hopkins,CLE,JAX,2024,2,outdoors,80.0,12.0,grass,1
field_goal,missed,43.0,00-0039409,C.Little,JAX,CLE,2024,2,outdoors,80.0,12.0,grass,0
field_goal,made,25.0,00-0039409,C.Little,JAX,CLE,2024,2,outdoors,80.0,12.0,grass,1
field_goal,made,46.0,00-0039649,B.Narveson,GB,IND,2024,2,outdoors,85.0,7.0,grass,1
field_goal,made,42.0,00-0039649,B.Narveson,GB,IND,2024,2,outdoors,85.0,7.0,grass,1
field_goal,made,34.0,00-0035269,M.Gay,IND,GB,2024,2,outdoors,85.0,7.0,grass,1
field_goal,missed,50.0,00-0035269,M.Gay,IND,GB,2024,2,outdoors,85.0,7.0,grass,0
field_goal,made,34.0,00-0039649,B.Narveson,GB,IND,2024,2,outdoors,85.0,7.0,grass,1
field_goal,missed,45.0,00-0039649,B.Narveson,GB,IND,2024,2,outdoors,85.0,7.0,grass,0
field_goal,made,38.0,00-0034173,E.Pineiro,CAR,LAC,2024,2,outdoors,78.0,13.0,grass,1
field_goal,made,46.0,00-0037224,C.Dicker,LAC,CAR,2024,2,outdoors,78.0,13.0,grass,1
field_goal,made,42.0,00-0037224,C.Dicker,LAC,CAR,2024,2,outdoors,78.0,13.0,grass,1
field_goal,made,29.0,00-0039750,J.Karty,LA,ARI,2024,2,closed,,,grass,1
field_goal,made,48.0,00-0023853,M.Prater,ARI,LA,2024,2,closed,,,grass,1
field_goal,made,57.0,00-0023853,M.Prater,ARI,LA,2024,2,closed,,,grass,1
field_goal,made,48.0,00-0029597,J.Tucker,BAL,LV,2024,2,outdoors,76.0,10.0,grass,1
field_goal,made,53.0,00-0034161,D.Carlson,LV,BAL,2024,2,outdoors,76.0,10.0,grass,1
field_goal,made,42.0,00-0029597,J.Tucker,BAL,LV,2024,2,outdoors,76.0,10.0,grass,1
field_goal,missed,56.0,00-0029597,J.Tucker,BAL,LV,2024,2,outdoors,76.0,10.0,grass,0
field_goal,made,51.0,00-0034161,D.Carlson,LV,BAL,2024,2,outdoors,76.0,10.0,grass,1
field_goal,made,32.0,00-0029597,J.Tucker,BAL,LV,2024,2,outdoors,76.0,10.0,grass,1
field_goal,made,25.0,00-0034161,D.Carlson,LV,BAL,2024,2,outdoors,76.0,10.0,grass,1
field_goal,made,38.0,00-0034161,D.Carlson,LV,BAL,2024,2,outdoors,76.0,10.0,grass,1
field_goal,made,52.0,00-0037692,B.Aubrey,DAL,NO,2024,2,closed,,,matrixturf,1
field_goal,made,38.0,00-0037692,B.Aubrey,DAL,NO,2024,2,closed,,,matrixturf,1
field_goal,made,48.0,00-0037692,B.Aubrey,DAL,NO,2024,2,closed,,,matrixturf,1
field_goal,made,40.0,00-0037692,B.Aubrey,DAL,NO,2024,2,closed,,,matrixturf,1
field_goal,made,26.0,00-0038905,B.Grupe,NO,DAL,2024,2,closed,,,matrixturf,1
field_goal,made,27.0,00-0035145,A.Seibert,WAS,NYG,2024,2,outdoors,82.0,11.0,grass,1
field_goal,made,45.0,00-0035145,A.Seibert,WAS,NYG,2024,2,outdoors,82.0,11.0,grass,1
field_goal,made,26.0,00-0035145,A.Seibert,WAS,NYG,2024,2,outdoors,82.0,11.0,grass,1
field_goal,made,27.0,00-0035145,A.Seibert,WAS,NYG,2024,2,outdoors,82.0,11.0,grass,1
field_goal,made,29.0,00-0035145,A.Seibert,WAS,NYG,2024,2,outdoors,82.0,11.0,grass,1
field_goal,made,33.0,00-0035145,A.Seibert,WAS,NYG,2024,2,outdoors,82.0,11.0,grass,1
field_goal,made,30.0,00-0035145,A.Seibert,WAS,NYG,2024,2,outdoors,82.0,11.0,grass,1
field_goal,made,41.0,00-0025565,N.Folk,TEN,NYJ,2024,2,outdoors,80.0,13.0,grass,1
field_goal,made,33.0,00-0029621,G.Zuerlein,NYJ,TEN,2024,2,outdoors,80.0,13.0,grass,1
field_goal,made,22.0,00-0031136,C.Boswell,PIT,DEN,2024,2,outdoors,83.0,4.0,grass,1
field_goal,made,53.0,00-0031136,C.Boswell,PIT,DEN,2024,2,outdoors,83.0,4.0,grass,1
field_goal,made,35.0,00-0032569,W.Lutz,DEN,PIT,2024,2,outdoors,83.0,4.0,grass,1
field_goal,made,29.0,00-0032569,W.Lutz,DEN,PIT,2024,2,outdoors,83.0,4.0,grass,1
field_goal,made,29.0,00-0035192,J.Slye,NE,SEA,2024,2,outdoors,77.0,5.0,fieldturf,1
field_goal,made,28.0,00-0035192,J.Slye,NE,SEA,2024,2,outdoors,77.0,5.0,fieldturf,1
field_goal,made,44.0,00-0031492,J.Myers,SEA,NE,2024,2,outdoors,77.0,5.0,fieldturf,1
field_goal,blocked,48.0,00-0035192,J.Slye,NE,SEA,2024,2,outdoors,77.0,5.0,fieldturf,0
field_goal,made,38.0,00-0031492,J.Myers,SEA,NE,2024,2,outdoors,77.0,5.0,fieldturf,1
field_goal,made,31.0,00-0031492,J.Myers,SEA,NE,2024,2,outdoors,77.0,5.0,fieldturf,1
field_goal,made,22.0,00-0039404,W.Reichard,MIN,SF,2024,2,dome,,,sportturf,1
field_goal,made,39.0,00-0039404,W.Reichard,MIN,SF,2024,2,dome,,,sportturf,1
field_goal,made,27.0,00-0039404,W.Reichard,MIN,SF,2024,2,dome,,,sportturf,1
field_goal,made,31.0,00-0038562,J.Moody,SF,MIN,2024,2,dome,,,sportturf,1
field_goal,made,30.0,00-0035358,C.McLaughlin,TB,DET,2024,2,dome,,,fieldturf,1
field_goal,made,55.0,00-0035358,C.McLaughlin,TB,DET,2024,2,dome,,,fieldturf,1
field_goal,made,22.0,00-0039172,J.Bates,DET,TB,2024,2,dome,,,fieldturf,1
field_goal,made,35.0,00-0039172,J.Bates,DET,TB,2024,2,dome,,,fieldturf,1
field_goal,made,32.0,00-0039172,J.Bates,DET,TB,2024,2,dome,,,fieldturf,1
field_goal,made,65.0,00-0037692,B.Aubrey,DAL,BAL,2024,3,closed,,,matrixturf,1
field_goal,made,51.0,00-0037692,B.Aubrey,DAL,BAL,2024,3,closed,,,matrixturf,1
field_goal,missed,46.0,00-0029597,J.Tucker,BAL,DAL,2024,3,closed,,,matrixturf,0
field_goal,missed,57.0,00-0034161,D.Carlson,LV,CAR,2024,3,dome,,,grass,0
field_goal,made,43.0,00-0034173,E.Pineiro,CAR,LV,2024,3,dome,,,grass,1
field_goal,made,35.0,00-0034173,E.Pineiro,CAR,LV,2024,3,dome,,,grass,1
field_goal,made,26.0,00-0034173,E.Pineiro,CAR,LV,2024,3,dome,,,grass,1
field_goal,missed,56.0,00-0031203,C.Santos,CHI,IND,2024,3,closed,,,fieldturf,0
field_goal,made,53.0,00-0031203,C.Santos,CHI,IND,2024,3,closed,,,fieldturf,1
field_goal,made,43.0,00-0032569,W.Lutz,DEN,TB,2024,3,outdoors,85.0,6.0,grass,1
field_goal,made,38.0,00-0032569,W.Lutz,DEN,TB,2024,3,outdoors,85.0,6.0,grass,1
field_goal,made,33.0,00-0032569,W.Lutz,DEN,TB,2024,3,outdoors,85.0,6.0,grass,1
field_goal,made,43.0,00-0032569,W.Lutz,DEN,TB,2024,3,outdoors,85.0,6.0,grass,1
field_goal,made,42.0,00-0023853,M.Prater,ARI,DET,2024,3,closed,,,grass,1
field_goal,made,45.0,00-0023853,M.Prater,ARI,DET,2024,3,closed,,,grass,1
field_goal,made,21.0,00-0039649,B.Narveson,GB,TEN,2024,3,outdoors,87.0,7.0,grass,1
field_goal,made,26.0,00-0039649,B.Narveson,GB,TEN,2024,3,outdoors,87.0,7.0,grass,1
field_goal,made,47.0,00-0039649,B.Narveson,GB,TEN,2024,3,outdoors,87.0,7.0,grass,1
field_goal,missed,54.0,00-0032726,K.Fairbairn,HOU,MIN,2024,3,dome,,,sportturf,0
field_goal,made,35.0,00-0039404,W.Reichard,MIN,HOU,2024,3,dome,,,sportturf,1
field_goal,made,58.0,00-0039404,W.Reichard,MIN,HOU,2024,3,dome,,,sportturf,1
field_goal,made,41.0,00-0039409,C.Little,JAX,BUF,2024,3,outdoors,68.0,5.0,a_turf,1
field_goal,made,27.0,00-0036162,T.Bass,BUF,JAX,2024,3,outdoors,68.0,5.0,a_turf,1
field_goal,made,43.0,00-0036162,T.Bass,BUF,JAX,2024,3,outdoors,68.0,5.0,a_turf,1
field_goal,made,53.0,00-0033303,H.Butker,KC,ATL,2024,3,closed,,,fieldturf,1
field_goal,made,44.0,00-0033303,H.Butker,KC,ATL,2024,3,closed,,,fieldturf,1
field_goal,made,21.0,00-0033303,H.Butker,KC,ATL,2024,3,closed,,,fieldturf,1
field_goal,made,54.0,00-0033702,Y.Koo,ATL,KC,2024,3,closed,,,fieldturf,1
field_goal,made,28.0,00-0037224,C.Dicker,LAC,PIT,2024,3,outdoors,72.0,2.0,grass,1
field_goal,missed,62.0,00-0031136,C.Boswell,PIT,LAC,2024,3,outdoors,72.0,2.0,grass,0
field_goal,made,38.0,00-0031136,C.Boswell,PIT,LAC,2024,3,outdoors,72.0,2.0,grass,1
field_goal,made,30.0,00-0031136,C.Boswell,PIT,LAC,2024,3,outdoors,72.0,2.0,grass,1
field_goal,made,56.0,00-0031492,J.Myers,SEA,MIA,2024,3,outdoors,64.0,2.0,fieldturf,1
field_goal,missed,57.0,00-0034794,J.Sanders,MIA,SEA,2024,3,outdoors,64.0,2.0,fieldturf,0
field_goal,made,23.0,00-0034794,J.Sanders,MIA,SEA,2024,3,outdoors,64.0,2.0,fieldturf,1
field_goal,missed,53.0,00-0031492,J.Myers,SEA,MIA,2024,3,outdoors,64.0,2.0,fieldturf,0
field_goal,made,44.0,00-0035192,J.Slye,NE,NYJ,2024,3,outdoors,75.0,5.0,fieldturf,1
field_goal,missed,45.0,00-0029621,G.Zuerlein,NYJ,NE,2024,3,outdoors,75.0,5.0,fieldturf,0
field_goal,made,28.0,00-0029621,G.Zuerlein,NYJ,NE,2024,3,outdoors,75.0,5.0,fieldturf,1
field_goal,missed,53.0,00-0030098,D.Hopkins,CLE,NYG,2024,3,outdoors,76.0,4.0,grass,0
field_goal,missed,48.0,00-0034450,G.Joseph,NYG,CLE,2024,3,outdoors,76.0,4.0,grass,0
field_goal,made,34.0,00-0038905,B.Grupe,NO,PHI,2024,3,dome,,,sportturf,1
field_goal,made,38.0,00-0038905,B.Grupe,NO,PHI,2024,3,dome,,,sportturf,1
field_goal,missed,60.0,00-0033787,J.Elliott,PHI,NO,2024,3,dome,,,sportturf,0
field_goal,made,26.0,00-0038562,J.Moody,SF,LA,2024,3,dome,,,matrixturf,1
field_goal,made,33.0,00-0039750,J.Karty,LA,SF,2024,3,dome,,,matrixturf,1
field_goal,missed,55.0,00-0038562,J.Moody,SF,LA,2024,3,dome,,,matrixturf,0
field_goal,made,37.0,00-0039750,J.Karty,LA,SF,2024,3,dome,,,matrixturf,1
field_goal,missed,48.0,00-0036854,E.McPherson,CIN,WAS,2024,3,outdoors,69.0,5.0,fieldturf,0
field_goal,made,28.0,00-0036854,E.McPherson,CIN,WAS,2024,3,outdoors,69.0,5.0,fieldturf,1
field_goal,made,31.0,00-0036854,E.McPherson,CIN,WAS,2024,3,outdoors,69.0,5.0,fieldturf,1
field_goal,made,42.0,00-0035145,A.Seibert,WAS,CIN,2024,3,outdoors,69.0,5.0,fieldturf,1
field_goal,made,50.0,00-0036162,T.Bass,BUF,BAL,2024,4,outdoors,68.0,8.0,grass,1
field_goal,missed,48.0,00-0036162,T.Bass,BUF,BAL,2024,4,outdoors,68.0,8.0,grass,0
field_goal,made,56.0,00-0036854,E.McPherson,CIN,CAR,2024,4,outdoors,78.0,6.0,grass,1
field_goal,made,48.0,00-0034173,E.Pineiro,CAR,CIN,2024,4,outdoors,78.0,6.0,grass,1
field_goal,made,46.0,00-0036854,E.McPherson,CIN,CAR,2024,4,outdoors,78.0,6.0,grass,1
field_goal,made,56.0,00-0030098,D.Hopkins,CLE,LV,2024,4,dome,,,grass,1
field_goal,made,52.0,00-0034161,D.Carlson,LV,CLE,2024,4,dome,,,grass,1
field_goal,made,34.0,00-0034161,D.Carlson,LV,CLE,2024,4,dome,,,grass,1
field_goal,made,52.0,00-0034450,G.Joseph,NYG,DAL,2024,4,outdoors,74.0,3.0,fieldturf,1
field_goal,made,41.0,00-0034450,G.Joseph,NYG,DAL,2024,4,outdoors,74.0,3.0,fieldturf,1
field_goal,made,38.0,00-0034450,G.Joseph,NYG,DAL,2024,4,outdoors,74.0,3.0,fieldturf,1
field_goal,made,22.0,00-0034450,G.Joseph,NYG,DAL,2024,4,outdoors,74.0,3.0,fieldturf,1
field_goal,made,60.0,00-0037692,B.Aubrey,DAL,NYG,2024,4,outdoors,74.0,3.0,fieldturf,1
field_goal,made,42.0,00-0034450,G.Joseph,NYG,DAL,2024,4,outdoors,74.0,3.0,fieldturf,1
field_goal,made,40.0,00-0037692,B.Aubrey,DAL,NYG,2024,4,outdoors,74.0,3.0,fieldturf,1
field_goal,missed,51.0,00-0037692,B.Aubrey,DAL,NYG,2024,4,outdoors,74.0,3.0,fieldturf,0
field_goal,made,23.0,00-0029621,G.Zuerlein,NYJ,DEN,2024,4,outdoors,67.0,8.0,fieldturf,1
field_goal,made,35.0,00-0029621,G.Zuerlein,NYJ,DEN,2024,4,outdoors,67.0,8.0,fieldturf,1
field_goal,made,40.0,00-0029621,G.Zuerlein,NYJ,DEN,2024,4,outdoors,67.0,8.0,fieldturf,1
field_goal,made,47.0,00-0032569,W.Lutz,DEN,NYJ,2024,4,outdoors,67.0,8.0,fieldturf,1
field_goal,missed,50.0,00-0032569,W.Lutz,DEN,NYJ,2024,4,outdoors,67.0,8.0,fieldturf,0
field_goal,missed,50.0,00-0029621,G.Zuerlein,NYJ,DEN,2024,4,outdoors,67.0,8.0,fieldturf,0
field_goal,made,41.0,00-0039409,C.Little,JAX,HOU,2024,4,closed,,,astroturf,1
field_goal,made,52.0,00-0039409,C.Little,JAX,HOU,2024,4,closed,,,astroturf,1
field_goal,made,30.0,00-0032726,K.Fairbairn,HOU,JAX,2024,4,closed,,,astroturf,1
field_goal,made,50.0,00-0037224,C.Dicker,LAC,KC,2024,4,dome,,,matrixturf,1
field_goal,missed,65.0,00-0033303,H.Butker,KC,LAC,2024,4,dome,,,matrixturf,0
field_goal,missed,55.0,00-0037224,C.Dicker,LAC,KC,2024,4,dome,,,matrixturf,0
field_goal,made,37.0,00-0033303,H.Butker,KC,LAC,2024,4,dome,,,matrixturf,1
field_goal,made,46.0,00-0039750,J.Karty,LA,CHI,2024,4,outdoors,70.0,16.0,grass,1
field_goal,made,37.0,00-0039750,J.Karty,LA,CHI,2024,4,outdoors,70.0,16.0,grass,1
field_goal,missed,43.0,00-0039750,J.Karty,LA,CHI,2024,4,outdoors,70.0,16.0,grass,0
field_goal,made,40.0,00-0031203,C.Santos,CHI,LA,2024,4,outdoors,70.0,16.0,grass,1
field_goal,made,25.0,00-0039750,J.Karty,LA,CHI,2024,4,outdoors,70.0,16.0,grass,1
field_goal,made,52.0,00-0039750,J.Karty,LA,CHI,2024,4,outdoors,70.0,16.0,grass,1
field_goal,missed,37.0,00-0039649,B.Narveson,GB,MIN,2024,4,outdoors,71.0,15.0,grass,0
field_goal,missed,49.0,00-0039649,B.Narveson,GB,MIN,2024,4,outdoors,71.0,15.0,grass,0
field_goal,made,33.0,00-0039404,W.Reichard,MIN,GB,2024,4,outdoors,71.0,15.0,grass,1
field_goal,made,22.0,00-0038562,J.Moody,SF,NE,2024,4,outdoors,71.0,5.0,grass,1
field_goal,made,26.0,00-0038562,J.Moody,SF,NE,2024,4,outdoors,71.0,5.0,grass,1
field_goal,made,63.0,00-0035192,J.Slye,NE,SF,2024,4,outdoors,71.0,5.0,grass,1
field_goal,made,54.0,00-0035192,J.Slye,NE,SF,2024,4,outdoors,71.0,5.0,grass,1
field_goal,made,41.0,00-0038562,J.Moody,SF,NE,2024,4,outdoors,71.0,5.0,grass,1
field_goal,made,53.0,00-0033702,Y.Koo,ATL,NO,2024,4,closed,,,fieldturf,1
field_goal,made,44.0,00-0033702,Y.Koo,ATL,NO,2024,4,closed,,,fieldturf,1
field_goal,made,43.0,00-0038905,B.Grupe,NO,ATL,2024,4,closed,,,fieldturf,1
field_goal,made,42.0,00-0033702,Y.Koo,ATL,NO,2024,4,closed,,,fieldturf,1
field_goal,made,58.0,00-0033702,Y.Koo,ATL,NO,2024,4,closed,,,fieldturf,1
field_goal,made,21.0,00-0035358,C.McLaughlin,TB,PHI,2024,4,outdoors,88.0,9.0,grass,1
field_goal,made,52.0,00-0035358,C.McLaughlin,TB,PHI,2024,4,outdoors,88.0,9.0,grass,1
field_goal,made,33.0,00-0035269,M.Gay,IND,PIT,2024,4,closed,,,fieldturf,1
field_goal,made,50.0,00-0031136,C.Boswell,PIT,IND,2024,4,closed,,,fieldturf,1
field_goal,missed,54.0,00-0035269,M.Gay,IND,PIT,2024,4,closed,,,fieldturf,0
field_goal,made,35.0,00-0035269,M.Gay,IND,PIT,2024,4,closed,,,fieldturf,1
field_goal,missed,62.0,00-0031492,J.Myers,SEA,DET,2024,4,dome,,,fieldturf,0
field_goal,made,53.0,00-0025565,N.Folk,TEN,MIA,2024,4,outdoors,86.0,9.0,grass,1
field_goal,made,52.0,00-0025565,N.Folk,TEN,MIA,2024,4,outdoors,86.0,9.0,grass,1
field_goal,made,44.0,00-0034794,J.Sanders,MIA,TEN,2024,4,outdoors,86.0,9.0,grass,1
field_goal,made,47.0,00-0025565,N.Folk,TEN,MIA,2024,4,outdoors,86.0,9.0,grass,1
field_goal,made,56.0,00-0034794,J.Sanders,MIA,TEN,2024,4,outdoors,86.0,9.0,grass,1
field_goal,made,51.0,00-0025565,N.Folk,TEN,MIA,2024,4,outdoors,86.0,9.0,grass,1
field_goal,made,29.0,00-0025565,N.Folk,TEN,MIA,2024,4,outdoors,86.0,9.0,grass,1
field_goal,made,45.0,00-0035145,A.Seibert,WAS,ARI,2024,4,closed,,,grass,1
field_goal,made,38.0,00-0035145,A.Seibert,WAS,ARI,2024,4,closed,,,grass,1
field_goal,made,28.0,00-0038562,J.Moody,SF,ARI,2024,5,outdoors,89.0,3.0,grass,1
field_goal,made,30.0,00-0038567,C.Ryland,ARI,SF,2024,5,outdoors,89.0,3.0,grass,1
field_goal,made,20.0,00-0038562,J.Moody,SF,ARI,2024,5,outdoors,89.0,3.0,grass,1
field_goal,blocked,45.0,00-0038567,C.Ryland,ARI,SF,2024,5,outdoors,89.0,3.0,grass,0
field_goal,made,26.0,00-0034941,M.Wishnowsky,SF,ARI,2024,5,outdoors,89.0,3.0,grass,1
field_goal,made,42.0,00-0038567,C.Ryland,ARI,SF,2024,5,outdoors,89.0,3.0,grass,1
field_goal,made,35.0,00-0038567,C.Ryland,ARI,SF,2024,5,outdoors,89.0,3.0,grass,1
field_goal,made,56.0,00-0029597,J.Tucker,BAL,CIN,2024,5,outdoors,81.0,10.0,fieldturf,1
field_goal,missed,53.0,00-0036854,E.McPherson,CIN,BAL,2024,5,outdoors,81.0,10.0,fieldturf,0
field_goal,made,24.0,00-0029597,J.Tucker,BAL,CIN,2024,5,outdoors,81.0,10.0,fieldturf,1
field_goal,made,38.0,00-0036162,T.Bass,BUF,HOU,2024,5,closed,,,astroturf,1
field_goal,made,50.0,00-0032726,K.Fairbairn,HOU,BUF,2024,5,closed,,,astroturf,1
field_goal,made,47.0,00-0032726,K.Fairbairn,HOU,BUF,2024,5,closed,,,astroturf,1
field_goal,made,33.0,00-0036162,T.Bass,BUF,HOU,2024,5,closed,,,astroturf,1
field_goal,made,59.0,00-0032726,K.Fairbairn,HOU,BUF,2024,5,closed,,,astroturf,1
field_goal,missed,45.0,00-0034173,E.Pineiro,CAR,CHI,2024,5,outdoors,74.0,7.0,grass,0
field_goal,made,33.0,00-0031203,C.Santos,CHI,CAR,2024,5,outdoors,74.0,7.0,grass,1
field_goal,made,27.0,00-0034173,E.Pineiro,CAR,CHI,2024,5,outdoors,74.0,7.0,grass,1
field_goal,made,51.0,00-0030098,D.Hopkins,CLE,WAS,2024,5,outdoors,73.0,5.0,grass,1
field_goal,made,27.0,00-0035145,A.Seibert,WAS,CLE,2024,5,outdoors,73.0,5.0,grass,1
field_goal,made,31.0,00-0030098,D.Hopkins,CLE,WAS,2024,5,outdoors,73.0,5.0,grass,1
field_goal,made,30.0,00-0035145,A.Seibert,WAS,CLE,2024,5,outdoors,73.0,5.0,grass,1
field_goal,made,55.0,00-0037692,B.Aubrey,DAL,PIT,2024,5,outdoors,67.0,6.0,grass,1
field_goal,made,41.0,00-0031136,C.Boswell,PIT,DAL,2024,5,outdoors,67.0,6.0,grass,1
field_goal,made,33.0,00-0037692,B.Aubrey,DAL,PIT,2024,5,outdoors,67.0,6.0,grass,1
field_goal,blocked,38.0,00-0037692,B.Aubrey,DAL,PIT,2024,5,outdoors,67.0,6.0,grass,0
field_goal,made,46.0,00-0039649,B.Narveson,GB,LA,2024,5,dome,,,matrixturf,1
field_goal,made,23.0,00-0039409,C.Little,JAX,IND,2024,5,outdoors,74.0,4.0,grass,1
field_goal,made,30.0,00-0035269,M.Gay,IND,JAX,2024,5,outdoors,74.0,4.0,grass,1
field_goal,made,30.0,00-0039409,C.Little,JAX,IND,2024,5,outdoors,74.0,4.0,grass,1
field_goal,made,37.0,00-0035269,M.Gay,IND,JAX,2024,5,outdoors,74.0,4.0,grass,1
field_goal,made,49.0,00-0039409,C.Little,JAX,IND,2024,5,outdoors,74.0,4.0,grass,1
field_goal,made,40.0,00-0034161,D.Carlson,LV,DEN,2024,5,outdoors,73.0,7.0,grass,1
field_goal,made,51.0,00-0032569,W.Lutz,DEN,LV,2024,5,outdoors,73.0,7.0,grass,1
field_goal,made,44.0,00-0032569,W.Lutz,DEN,LV,2024,5,outdoors,73.0,7.0,grass,1
field_goal,made,54.0,00-0034794,J.Sanders,MIA,NE,2024,5,outdoors,65.0,2.0,fieldturf,1
field_goal,missed,41.0,00-0034794,J.Sanders,MIA,NE,2024,5,outdoors,65.0,2.0,fieldturf,0
field_goal,missed,33.0,00-0035192,J.Slye,NE,MIA,2024,5,outdoors,65.0,2.0,fieldturf,0
field_goal,made,38.0,00-0035192,J.Slye,NE,MIA,2024,5,outdoors,65.0,2.0,fieldturf,1
field_goal,made,32.0,00-0034794,J.Sanders,MIA,NE,2024,5,outdoors,65.0,2.0,fieldturf,1
field_goal,made,47.0,00-0034794,J.Sanders,MIA,NE,2024,5,outdoors,65.0,2.0,fieldturf,1
field_goal,made,26.0,00-0033303,H.Butker,KC,NO,2024,5,outdoors,70.0,1.0,grass,1
field_goal,made,34.0,00-0033303,H.Butker,KC,NO,2024,5,outdoors,70.0,1.0,grass,1
field_goal,made,28.0,00-0033303,H.Butker,KC,NO,2024,5,outdoors,70.0,1.0,grass,1
field_goal,missed,51.0,00-0033303,H.Butker,KC,NO,2024,5,outdoors,70.0,1.0,grass,0
field_goal,made,38.0,00-0033303,H.Butker,KC,NO,2024,5,outdoors,70.0,1.0,grass,1
field_goal,made,38.0,00-0034450,G.Joseph,NYG,SEA,2024,5,outdoors,61.0,3.0,fieldturf,1
field_goal,made,43.0,00-0031492,J.Myers,SEA,NYG,2024,5,outdoors,61.0,3.0,fieldturf,1
field_goal,made,48.0,00-0031492,J.Myers,SEA,NYG,2024,5,outdoors,61.0,3.0,fieldturf,1
field_goal,made,31.0,00-0034450,G.Joseph,NYG,SEA,2024,5,outdoors,61.0,3.0,fieldturf,1
field_goal,made,24.0,00-0034450,G.Joseph,NYG,SEA,2024,5,outdoors,61.0,3.0,fieldturf,1
field_goal,blocked,47.0,00-0031492,J.Myers,SEA,NYG,2024,5,outdoors,61.0,3.0,fieldturf,0
field_goal,made,54.0,00-0039404,W.Reichard,MIN,NYJ,2024,5,outdoors,59.0,8.0,grass,1
field_goal,made,32.0,00-0029621,G.Zuerlein,NYJ,MIN,2024,5,outdoors,59.0,8.0,grass,1
field_goal,made,53.0,00-0039404,W.Reichard,MIN,NYJ,2024,5,outdoors,59.0,8.0,grass,1
field_goal,made,41.0,00-0039404,W.Reichard,MIN,NYJ,2024,5,outdoors,59.0,8.0,grass,1
field_goal,missed,41.0,00-0033702,Y.Koo,ATL,TB,2024,5,closed,,,fieldturf,0
field_goal,made,53.0,00-0035358,C.McLaughlin,TB,ATL,2024,5,closed,,,fieldturf,1
field_goal,made,54.0,00-0033702,Y.Koo,ATL,TB,2024,5,closed,,,fieldturf,1
field_goal,made,48.0,00-0033702,Y.Koo,ATL,TB,2024,5,closed,,,fieldturf,1
field_goal,made,32.0,00-0035358,C.McLaughlin,TB,ATL,2024,5,closed,,,fieldturf,1
field_goal,made,53.0,00-0035358,C.McLaughlin,TB,ATL,2024,5,closed,,,fieldturf,1
field_goal,blocked,54.0,00-0033702,Y.Koo,ATL,TB,2024,5,closed,,,fieldturf,0
field_goal,made,52.0,00-0033702,Y.Koo,ATL,TB,2024,5,closed,,,fieldturf,1
field_goal,made,36.0,00-0039649,B.Narveson,GB,ARI,2024,6,outdoors,50.0,4.0,grass,1
field_goal,made,38.0,00-0038567,C.Ryland,ARI,GB,2024,6,outdoors,50.0,4.0,grass,1
field_goal,made,40.0,00-0038567,C.Ryland,ARI,GB,2024,6,outdoors,50.0,4.0,grass,1
field_goal,missed,44.0,00-0039649,B.Narveson,GB,ARI,2024,6,outdoors,50.0,4.0,grass,0
field_goal,made,41.0,00-0039649,B.Narveson,GB,ARI,2024,6,outdoors,50.0,4.0,grass,1
field_goal,made,24.0,00-0034173,E.Pineiro,CAR,ATL,2024,6,outdoors,79.0,9.0,grass,1
field_goal,made,21.0,00-0033702,Y.Koo,ATL,CAR,2024,6,outdoors,79.0,9.0,grass,1
field_goal,made,40.0,00-0034173,E.Pineiro,CAR,ATL,2024,6,outdoors,79.0,9.0,grass,1
field_goal,made,31.0,00-0033702,Y.Koo,ATL,CAR,2024,6,outdoors,79.0,9.0,grass,1
field_goal,made,35.0,00-0033702,Y.Koo,ATL,CAR,2024,6,outdoors,79.0,9.0,grass,1
field_goal,made,34.0,00-0029621,G.Zuerlein,NYJ,BUF,2024,6,outdoors,49.0,14.0,fieldturf,1
field_goal,missed,47.0,00-0036162,T.Bass,BUF,NYJ,2024,6,outdoors,49.0,14.0,fieldturf,0
field_goal,made,22.0,00-0029621,G.Zuerlein,NYJ,BUF,2024,6,outdoors,49.0,14.0,fieldturf,1
field_goal,missed,32.0,00-0029621,G.Zuerlein,NYJ,BUF,2024,6,outdoors,49.0,14.0,fieldturf,0
field_goal,missed,43.0,00-0029621,G.Zuerlein,NYJ,BUF,2024,6,outdoors,49.0,14.0,fieldturf,0
field_goal,made,22.0,00-0036162,T.Bass,BUF,NYJ,2024,6,outdoors,49.0,14.0,fieldturf,1
field_goal,made,37.0,00-0036854,E.McPherson,CIN,NYG,2024,6,outdoors,63.0,2.0,fieldturf,1
field_goal,missed,47.0,00-0034450,G.Joseph,NYG,CIN,2024,6,outdoors,63.0,2.0,fieldturf,0
field_goal,missed,45.0,00-0034450,G.Joseph,NYG,CIN,2024,6,outdoors,63.0,2.0,fieldturf,0
field_goal,made,49.0,00-0033787,J.Elliott,PHI,CLE,2024,6,outdoors,82.0,10.0,grass,1
field_goal,made,43.0,00-0030098,D.Hopkins,CLE,PHI,2024,6,outdoors,82.0,10.0,grass,1
field_goal,blocked,57.0,00-0033787,J.Elliott,PHI,CLE,2024,6,outdoors,82.0,10.0,grass,0
field_goal,missed,52.0,00-0030098,D.Hopkins,CLE,PHI,2024,6,outdoors,82.0,10.0,grass,0
field_goal,made,44.0,00-0033787,J.Elliott,PHI,CLE,2024,6,outdoors,82.0,10.0,grass,1
field_goal,made,49.0,00-0030098,D.Hopkins,CLE,PHI,2024,6,outdoors,82.0,10.0,grass,1
field_goal,made,31.0,00-0030098,D.Hopkins,CLE,PHI,2024,6,outdoors,82.0,10.0,grass,1
field_goal,made,34.0,00-0037692,B.Aubrey,DAL,DET,2024,6,closed,,,matrixturf,1
field_goal,made,40.0,00-0039172,J.Bates,DET,DAL,2024,6,closed,,,matrixturf,1
field_goal,made,48.0,00-0039172,J.Bates,DET,DAL,2024,6,closed,,,matrixturf,1
field_goal,made,47.0,00-0037692,B.Aubrey,DAL,DET,2024,6,closed,,,matrixturf,1
field_goal,made,50.0,00-0037692,B.Aubrey,DAL,DET,2024,6,closed,,,matrixturf,1
field_goal,made,33.0,00-0039172,J.Bates,DET,DAL,2024,6,closed,,,matrixturf,1
field_goal,made,33.0,00-0039172,J.Bates,DET,DAL,2024,6,closed,,,matrixturf,1
field_goal,missed,40.0,00-0032726,K.Fairbairn,HOU,NE,2024,6,outdoors,53.0,5.0,fieldturf,0
field_goal,made,39.0,00-0032726,K.Fairbairn,HOU,NE,2024,6,outdoors,53.0,5.0,fieldturf,1
field_goal,made,46.0,00-0032726,K.Fairbairn,HOU,NE,2024,6,outdoors,53.0,5.0,fieldturf,1
field_goal,made,44.0,00-0025565,N.Folk,TEN,IND,2024,6,outdoors,80.0,12.0,grass,1
field_goal,made,26.0,00-0035269,M.Gay,IND,TEN,2024,6,outdoors,80.0,12.0,grass,1
field_goal,made,22.0,00-0035269,M.Gay,IND,TEN,2024,6,outdoors,80.0,12.0,grass,1
field_goal,made,30.0,00-0039409,C.Little,JAX,CHI,2024,6,outdoors,54.0,3.0,grass,1
field_goal,blocked,43.0,00-0031203,C.Santos,CHI,JAX,2024,6,outdoors,54.0,3.0,grass,0
field_goal,made,20.0,00-0037224,C.Dicker,LAC,DEN,2024,6,outdoors,65.0,7.0,grass,1
field_goal,made,33.0,00-0037224,C.Dicker,LAC,DEN,2024,6,outdoors,65.0,7.0,grass,1
field_goal,made,46.0,00-0037224,C.Dicker,LAC,DEN,2024,6,outdoors,65.0,7.0,grass,1
field_goal,made,40.0,00-0032569,W.Lutz,DEN,LAC,2024,6,outdoors,65.0,7.0,grass,1
field_goal,made,52.0,00-0031136,C.Boswell,PIT,LV,2024,6,dome,,,grass,1
field_goal,made,49.0,00-0031136,C.Boswell,PIT,LV,2024,6,dome,,,grass,1
field_goal,made,37.0,00-0031136,C.Boswell,PIT,LV,2024,6,dome,,,grass,1
field_goal,made,36.0,00-0031136,C.Boswell,PIT,LV,2024,6,dome,,,grass,1
field_goal,made,25.0,00-0035189,M.Wright,SF,SEA,2024,6,outdoors,59.0,10.0,fieldturf,1
field_goal,made,41.0,00-0035189,M.Wright,SF,SEA,2024,6,outdoors,59.0,10.0,fieldturf,1
field_goal,made,35.0,00-0035189,M.Wright,SF,SEA,2024,6,outdoors,59.0,10.0,fieldturf,1
field_goal,made,20.0,00-0031492,J.Myers,SEA,SF,2024,6,outdoors,59.0,10.0,fieldturf,1
field_goal,made,26.0,00-0035358,C.McLaughlin,TB,NO,2024,6,dome,,,sportturf,1
field_goal,made,42.0,00-0038905,B.Grupe,NO,TB,2024,6,dome,,,sportturf,1
field_goal,made,29.0,00-0038905,B.Grupe,NO,TB,2024,6,dome,,,sportturf,1
field_goal,made,42.0,00-0035145,A.Seibert,WAS,BAL,2024,6,outdoors,75.0,8.0,grass,1
field_goal,made,45.0,00-0029597,J.Tucker,BAL,WAS,2024,6,outdoors,75.0,8.0,grass,1
field_goal,blocked,52.0,00-0035145,A.Seibert,WAS,BAL,2024,6,outdoors,75.0,8.0,grass,0
field_goal,made,55.0,00-0035145,A.Seibert,WAS,BAL,2024,6,outdoors,75.0,8.0,grass,1
field_goal,made,32.0,00-0029597,J.Tucker,BAL,WAS,2024,6,outdoors,75.0,8.0,grass,1
field_goal,made,39.0,00-0029597,J.Tucker,BAL,WAS,2024,6,outdoors,75.0,8.0,grass,1
field_goal,made,49.0,00-0035145,A.Seibert,WAS,BAL,2024,6,outdoors,75.0,8.0,grass,1
field_goal,made,23.0,00-0035358,C.McLaughlin,TB,BAL,2024,7,outdoors,80.0,8.0,grass,1
field_goal,made,28.0,00-0029597,J.Tucker,BAL,TB,2024,7,outdoors,80.0,8.0,grass,1
field_goal,made,52.0,00-0029597,J.Tucker,BAL,TB,2024,7,outdoors,80.0,8.0,grass,1
field_goal,missed,55.0,00-0035358,C.McLaughlin,TB,BAL,2024,7,outdoors,80.0,8.0,grass,0
field_goal,made,23.0,00-0035145,A.Seibert,WAS,CAR,2024,7,outdoors,76.0,2.0,grass,1
field_goal,made,49.0,00-0035145,A.Seibert,WAS,CAR,2024,7,outdoors,76.0,2.0,grass,1
field_goal,made,31.0,00-0035145,A.Seibert,WAS,CAR,2024,7,outdoors,76.0,2.0,grass,1
field_goal,made,29.0,00-0035145,A.Seibert,WAS,CAR,2024,7,outdoors,76.0,2.0,grass,1
field_goal,missed,49.0,00-0030098,D.Hopkins,CLE,CIN,2024,7,outdoors,62.0,8.0,grass,0
field_goal,missed,50.0,00-0036854,E.McPherson,CIN,CLE,2024,7,outdoors,62.0,8.0,grass,0
field_goal,made,46.0,00-0032569,W.Lutz,DEN,NO,2024,7,dome,,,sportturf,1
field_goal,made,32.0,00-0032569,W.Lutz,DEN,NO,2024,7,dome,,,sportturf,1
field_goal,made,35.0,00-0038905,B.Grupe,NO,DEN,2024,7,dome,,,sportturf,1
field_goal,made,52.0,00-0032569,W.Lutz,DEN,NO,2024,7,dome,,,sportturf,1
field_goal,made,38.0,00-0032569,W.Lutz,DEN,NO,2024,7,dome,,,sportturf,1
field_goal,made,57.0,00-0039404,W.Reichard,MIN,DET,2024,7,dome,,,sportturf,1
field_goal,made,42.0,00-0039404,W.Reichard,MIN,DET,2024,7,dome,,,sportturf,1
field_goal,made,48.0,00-0039404,W.Reichard,MIN,DET,2024,7,dome,,,sportturf,1
field_goal,made,44.0,00-0039172,J.Bates,DET,MIN,2024,7,dome,,,sportturf,1
field_goal,made,23.0,00-0032726,K.Fairbairn,HOU,GB,2024,7,outdoors,72.0,3.0,grass,1
field_goal,made,52.0,00-0032726,K.Fairbairn,HOU,GB,2024,7,outdoors,72.0,3.0,grass,1
field_goal,made,35.0,00-0032726,K.Fairbairn,HOU,GB,2024,7,outdoors,72.0,3.0,grass,1
field_goal,made,45.0,00-0029822,B.McManus,GB,HOU,2024,7,outdoors,72.0,3.0,grass,1
field_goal,made,55.0,00-0038402,A.Carlson,SF,KC,2024,7,outdoors,78.0,3.0,grass,1
field_goal,made,24.0,00-0038402,A.Carlson,SF,KC,2024,7,outdoors,78.0,3.0,grass,1
field_goal,made,59.0,00-0037224,C.Dicker,LAC,ARI,2024,7,closed,,,grass,1
field_goal,made,50.0,00-0037224,C.Dicker,LAC,ARI,2024,7,closed,,,grass,1
field_goal,made,28.0,00-0037224,C.Dicker,LAC,ARI,2024,7,closed,,,grass,1
field_goal,made,47.0,00-0037224,C.Dicker,LAC,ARI,2024,7,closed,,,grass,1
field_goal,made,40.0,00-0037224,C.Dicker,LAC,ARI,2024,7,closed,,,grass,1
field_goal,made,32.0,00-0038567,C.Ryland,ARI,LAC,2024,7,closed,,,grass,1
field_goal,made,38.0,00-0034161,D.Carlson,LV,LA,2024,7,dome,,,matrixturf,1
field_goal,made,47.0,00-0034161,D.Carlson,LV,LA,2024,7,dome,,,matrixturf,1
field_goal,made,38.0,00-0034161,D.Carlson,LV,LA,2024,7,dome,,,matrixturf,1
field_goal,made,27.0,00-0034161,D.Carlson,LV,LA,2024,7,dome,,,matrixturf,1
field_goal,missed,35.0,00-0039750,J.Karty,LA,LV,2024,7,dome,,,matrixturf,0
field_goal,made,27.0,00-0034161,D.Carlson,LV,LA,2024,7,dome,,,matrixturf,1
field_goal,made,33.0,00-0034794,J.Sanders,MIA,IND,2024,7,closed,,,fieldturf,1
field_goal,made,52.0,00-0035269,M.Gay,IND,MIA,2024,7,closed,,,fieldturf,1
field_goal,made,22.0,00-0035269,M.Gay,IND,MIA,2024,7,closed,,,fieldturf,1
field_goal,missed,54.0,00-0034794,J.Sanders,MIA,IND,2024,7,closed,,,fieldturf,0
field_goal,made,38.0,00-0035269,M.Gay,IND,MIA,2024,7,closed,,,fieldturf,1
field_goal,made,41.0,00-0035192,J.Slye,NE,JAX,2024,7,outdoors,63.0,12.0,grass,1
field_goal,made,21.0,00-0039409,C.Little,JAX,NE,2024,7,outdoors,63.0,12.0,grass,1
field_goal,made,46.0,00-0031136,C.Boswell,PIT,NYJ,2024,7,outdoors,60.0,4.0,grass,1
field_goal,made,29.0,00-0031136,C.Boswell,PIT,NYJ,2024,7,outdoors,60.0,4.0,grass,1
field_goal,made,21.0,00-0031136,C.Boswell,PIT,NYJ,2024,7,outdoors,60.0,4.0,grass,1
field_goal,blocked,35.0,00-0029621,G.Zuerlein,NYJ,PIT,2024,7,outdoors,60.0,4.0,grass,0
field_goal,made,38.0,00-0034450,G.Joseph,NYG,PHI,2024,7,outdoors,71.0,4.0,fieldturf,1
field_goal,made,38.0,00-0031492,J.Myers,SEA,ATL,2024,7,closed,,,fieldturf,1
field_goal,missed,54.0,00-0033702,Y.Koo,ATL,SEA,2024,7,closed,,,fieldturf,0
field_goal,made,59.0,00-0031492,J.Myers,SEA,ATL,2024,7,closed,,,fieldturf,1
field_goal,made,25.0,00-0025565,N.Folk,TEN,BUF,2024,7,outdoors,66.0,12.0,a_turf,1
field_goal,made,28.0,00-0036162,T.Bass,BUF,TEN,2024,7,outdoors,66.0,12.0,a_turf,1
field_goal,made,30.0,00-0036162,T.Bass,BUF,TEN,2024,7,outdoors,66.0,12.0,a_turf,1
field_goal,made,53.0,00-0034794,J.Sanders,MIA,ARI,2024,8,outdoors,82.0,14.0,grass,1
field_goal,made,25.0,00-0034794,J.Sanders,MIA,ARI,2024,8,outdoors,82.0,14.0,grass,1
field_goal,made,57.0,00-0038567,C.Ryland,ARI,MIA,2024,8,outdoors,82.0,14.0,grass,1
field_goal,made,34.0,00-0038567,C.Ryland,ARI,MIA,2024,8,outdoors,82.0,14.0,grass,1
field_goal,made,52.0,00-0035358,C.McLaughlin,TB,ATL,2024,8,outdoors,79.0,6.0,grass,1
field_goal,made,39.0,00-0033702,Y.Koo,ATL,TB,2024,8,outdoors,79.0,6.0,grass,1
field_goal,missed,46.0,00-0033702,Y.Koo,ATL,TB,2024,8,outdoors,79.0,6.0,grass,0
field_goal,made,28.0,00-0030098,D.Hopkins,CLE,BAL,2024,8,outdoors,52.0,4.0,grass,1
field_goal,made,49.0,00-0029597,J.Tucker,BAL,CLE,2024,8,outdoors,52.0,4.0,grass,1
field_goal,made,33.0,00-0030098,D.Hopkins,CLE,BAL,2024,8,outdoors,52.0,4.0,grass,1
field_goal,missed,50.0,00-0029597,J.Tucker,BAL,CLE,2024,8,outdoors,52.0,4.0,grass,0
field_goal,made,48.0,00-0030098,D.Hopkins,CLE,BAL,2024,8,outdoors,52.0,4.0,grass,1
field_goal,made,38.0,00-0031492,J.Myers,SEA,BUF,2024,8,outdoors,55.0,14.0,fieldturf,1
field_goal,made,27.0,00-0036162,T.Bass,BUF,SEA,2024,8,outdoors,55.0,14.0,fieldturf,1
field_goal,made,27.0,00-0035145,A.Seibert,WAS,CHI,2024,8,outdoors,58.0,2.0,grass,1
field_goal,made,30.0,00-0035145,A.Seibert,WAS,CHI,2024,8,outdoors,58.0,2.0,grass,1
field_goal,made,28.0,00-0035145,A.Seibert,WAS,CHI,2024,8,outdoors,58.0,2.0,grass,1
field_goal,made,47.0,00-0035145,A.Seibert,WAS,CHI,2024,8,outdoors,58.0,2.0,grass,1
field_goal,missed,51.0,00-0035145,A.Seibert,WAS,CHI,2024,8,outdoors,58.0,2.0,grass,0
field_goal,made,50.0,00-0038402,A.Carlson,SF,DAL,2024,8,outdoors,69.0,9.0,grass,1
field_goal,made,29.0,00-0037692,B.Aubrey,DAL,SF,2024,8,outdoors,69.0,9.0,grass,1
field_goal,made,44.0,00-0038402,A.Carlson,SF,DAL,2024,8,outdoors,69.0,9.0,grass,1
field_goal,made,41.0,00-0038402,A.Carlson,SF,DAL,2024,8,outdoors,69.0,9.0,grass,1
field_goal,made,31.0,00-0029822,B.McManus,GB,JAX,2024,8,outdoors,84.0,4.0,grass,1
field_goal,made,38.0,00-0029822,B.McManus,GB,JAX,2024,8,outdoors,84.0,4.0,grass,1
field_goal,made,39.0,00-0039409,C.Little,JAX,GB,2024,8,outdoors,84.0,4.0,grass,1
field_goal,made,47.0,00-0039409,C.Little,JAX,GB,2024,8,outdoors,84.0,4.0,grass,1
field_goal,made,24.0,00-0029822,B.McManus,GB,JAX,2024,8,outdoors,84.0,4.0,grass,1
field_goal,made,35.0,00-0032726,K.Fairbairn,HOU,IND,2024,8,closed,,,astroturf,1
field_goal,made,46.0,00-0035269,M.Gay,IND,HOU,2024,8,closed,,,astroturf,1
field_goal,made,35.0,00-0032726,K.Fairbairn,HOU,IND,2024,8,closed,,,astroturf,1
field_goal,made,37.0,00-0035269,M.Gay,IND,HOU,2024,8,closed,,,astroturf,1
field_goal,made,34.0,00-0032726,K.Fairbairn,HOU,IND,2024,8,closed,,,astroturf,1
field_goal,made,54.0,00-0034161,D.Carlson,LV,KC,2024,8,dome,,,grass,1
field_goal,made,42.0,00-0033303,H.Butker,KC,LV,2024,8,dome,,,grass,1
field_goal,made,32.0,00-0034161,D.Carlson,LV,KC,2024,8,dome,,,grass,1
field_goal,made,24.0,00-0033303,H.Butker,KC,LV,2024,8,dome,,,grass,1
field_goal,made,23.0,00-0039404,W.Reichard,MIN,LA,2024,8,dome,,,matrixturf,1
field_goal,made,35.0,00-0039404,W.Reichard,MIN,LA,2024,8,dome,,,matrixturf,1
field_goal,made,46.0,00-0037224,C.Dicker,LAC,NO,2024,8,dome,,,matrixturf,1
field_goal,made,40.0,00-0038905,B.Grupe,NO,LAC,2024,8,dome,,,matrixturf,1
field_goal,made,43.0,00-0038905,B.Grupe,NO,LAC,2024,8,dome,,,matrixturf,1
field_goal,made,29.0,00-0037224,C.Dicker,LAC,NO,2024,8,dome,,,matrixturf,1
field_goal,missed,44.0,00-0038905,B.Grupe,NO,LAC,2024,8,dome,,,matrixturf,0
field_goal,made,31.0,00-0031136,C.Boswell,PIT,NYG,2024,8,outdoors,54.0,7.0,grass,1
field_goal,made,29.0,00-0034450,G.Joseph,NYG,PIT,2024,8,outdoors,54.0,7.0,grass,1
field_goal,made,25.0,00-0031136,C.Boswell,PIT,NYG,2024,8,outdoors,54.0,7.0,grass,1
field_goal,made,39.0,00-0034450,G.Joseph,NYG,PIT,2024,8,outdoors,54.0,7.0,grass,1
field_goal,made,27.0,00-0031136,C.Boswell,PIT,NYG,2024,8,outdoors,54.0,7.0,grass,1
field_goal,made,44.0,00-0034450,G.Joseph,NYG,PIT,2024,8,outdoors,54.0,7.0,grass,1
field_goal,made,27.0,00-0031136,C.Boswell,PIT,NYG,2024,8,outdoors,54.0,7.0,grass,1
field_goal,made,48.0,00-0034450,G.Joseph,NYG,PIT,2024,8,outdoors,54.0,7.0,grass,1
field_goal,made,29.0,00-0029621,G.Zuerlein,NYJ,NE,2024,8,outdoors,53.0,8.0,fieldturf,1
field_goal,missed,44.0,00-0029621,G.Zuerlein,NYJ,NE,2024,8,outdoors,53.0,8.0,fieldturf,0
field_goal,made,23.0,00-0035192,J.Slye,NE,NYJ,2024,8,outdoors,53.0,8.0,fieldturf,1
field_goal,made,39.0,00-0033787,J.Elliott,PHI,CIN,2024,8,outdoors,59.0,6.0,fieldturf,1
field_goal,made,27.0,00-0036854,E.McPherson,CIN,PHI,2024,8,outdoors,59.0,6.0,fieldturf,1
field_goal,missed,54.0,00-0036854,E.McPherson,CIN,PHI,2024,8,outdoors,59.0,6.0,fieldturf,0
field_goal,made,49.0,00-0033787,J.Elliott,PHI,CIN,2024,8,outdoors,59.0,6.0,fieldturf,1
field_goal,made,47.0,00-0033787,J.Elliott,PHI,CIN,2024,8,outdoors,59.0,6.0,fieldturf,1
field_goal,made,51.0,00-0039172,J.Bates,DET,TEN,2024,8,dome,,,fieldturf,1
field_goal,made,29.0,00-0031203,C.Santos,CHI,ARI,2024,9,closed,,,grass,1
field_goal,made,53.0,00-0031203,C.Santos,CHI,ARI,2024,9,closed,,,grass,1
field_goal,made,53.0,00-0031203,C.Santos,CHI,ARI,2024,9,closed,,,grass,1
field_goal,made,29.0,00-0038567,C.Ryland,ARI,CHI,2024,9,closed,,,grass,1
field_goal,made,55.0,00-0038567,C.Ryland,ARI,CHI,2024,9,closed,,,grass,1
field_goal,made,34.0,00-0037692,B.Aubrey,DAL,ATL,2024,9,closed,,,fieldturf,1
field_goal,made,57.0,00-0037692,B.Aubrey,DAL,ATL,2024,9,closed,,,fieldturf,1
field_goal,made,33.0,00-0029597,J.Tucker,BAL,DEN,2024,9,outdoors,57.0,3.0,grass,1
field_goal,made,37.0,00-0032569,W.Lutz,DEN,BAL,2024,9,outdoors,57.0,3.0,grass,1
field_goal,made,37.0,00-0029597,J.Tucker,BAL,DEN,2024,9,outdoors,57.0,3.0,grass,1
field_goal,made,30.0,00-0029822,B.McManus,GB,DET,2024,9,outdoors,50.0,15.0,grass,1
field_goal,missed,46.0,00-0029822,B.McManus,GB,DET,2024,9,outdoors,50.0,15.0,grass,0
field_goal,made,27.0,00-0039172,J.Bates,DET,GB,2024,9,outdoors,50.0,15.0,grass,1
field_goal,made,38.0,00-0029822,B.McManus,GB,DET,2024,9,outdoors,50.0,15.0,grass,1
field_goal,missed,56.0,00-0032726,K.Fairbairn,HOU,NYJ,2024,9,outdoors,71.0,8.0,fieldturf,0
field_goal,made,54.0,00-0032726,K.Fairbairn,HOU,NYJ,2024,9,outdoors,71.0,8.0,fieldturf,1
field_goal,missed,27.0,00-0032726,K.Fairbairn,HOU,NYJ,2024,9,outdoors,71.0,8.0,fieldturf,0
field_goal,made,29.0,00-0032726,K.Fairbairn,HOU,NYJ,2024,9,outdoors,71.0,8.0,fieldturf,1
field_goal,missed,53.0,00-0039404,W.Reichard,MIN,IND,2024,9,dome,,,sportturf,0
field_goal,missed,53.0,00-0035269,M.Gay,IND,MIN,2024,9,dome,,,sportturf,0
field_goal,missed,31.0,00-0039404,W.Reichard,MIN,IND,2024,9,dome,,,sportturf,0
field_goal,made,42.0,00-0035269,M.Gay,IND,MIN,2024,9,dome,,,sportturf,1
field_goal,made,54.0,00-0035269,M.Gay,IND,MIN,2024,9,dome,,,sportturf,1
field_goal,made,43.0,00-0033787,J.Elliott,PHI,JAX,2024,9,outdoors,57.0,6.0,grass,1
field_goal,missed,57.0,00-0033787,J.Elliott,PHI,JAX,2024,9,outdoors,57.0,6.0,grass,0
field_goal,made,38.0,00-0030098,D.Hopkins,CLE,LAC,2024,9,outdoors,57.0,10.0,grass,1
field_goal,missed,44.0,00-0037224,C.Dicker,LAC,CLE,2024,9,outdoors,57.0,10.0,grass,0
field_goal,blocked,51.0,00-0030098,D.Hopkins,CLE,LAC,2024,9,outdoors,57.0,10.0,grass,0
field_goal,made,38.0,00-0039750,J.Karty,LA,SEA,2024,9,outdoors,52.0,4.0,fieldturf,1
field_goal,made,21.0,00-0039750,J.Karty,LA,SEA,2024,9,outdoors,52.0,4.0,fieldturf,1
field_goal,made,44.0,00-0036854,E.McPherson,CIN,LV,2024,9,outdoors,67.0,7.0,fieldturf,1
field_goal,made,46.0,00-0034161,D.Carlson,LV,CIN,2024,9,outdoors,67.0,7.0,fieldturf,1
field_goal,made,27.0,00-0036854,E.McPherson,CIN,LV,2024,9,outdoors,67.0,7.0,fieldturf,1
field_goal,made,40.0,00-0036162,T.Bass,BUF,MIA,2024,9,outdoors,54.0,9.0,a_turf,1
field_goal,made,39.0,00-0034794,J.Sanders,MIA,BUF,2024,9,outdoors,54.0,9.0,a_turf,1
field_goal,made,49.0,00-0036162,T.Bass,BUF,MIA,2024,9,outdoors,54.0,9.0,a_turf,1
field_goal,made,23.0,00-0034794,J.Sanders,MIA,BUF,2024,9,outdoors,54.0,9.0,a_turf,1
field_goal,made,61.0,00-0036162,T.Bass,BUF,MIA,2024,9,outdoors,54.0,9.0,a_turf,1
field_goal,missed,56.0,00-0035192,J.Slye,NE,TEN,2024,9,outdoors,75.0,10.0,grass,0
field_goal,made,52.0,00-0035192,J.Slye,NE,TEN,2024,9,outdoors,75.0,10.0,grass,1
field_goal,made,21.0,00-0025565,N.Folk,TEN,NE,2024,9,outdoors,75.0,10.0,grass,1
field_goal,made,25.0,00-0025565,N.Folk,TEN,NE,2024,9,outdoors,75.0,10.0,grass,1
field_goal,made,29.0,00-0038905,B.Grupe,NO,CAR,2024,9,outdoors,66.0,7.0,grass,1
field_goal,made,33.0,00-0038905,B.Grupe,NO,CAR,2024,9,outdoors,66.0,7.0,grass,1
field_goal,made,48.0,00-0034173,E.Pineiro,CAR,NO,2024,9,outdoors,66.0,7.0,grass,1
field_goal,made,51.0,00-0038905,B.Grupe,NO,CAR,2024,9,outdoors,66.0,7.0,grass,1
field_goal,made,40.0,00-0033303,H.Butker,KC,TB,2024,9,outdoors,63.0,6.0,grass,1
field_goal,made,47.0,00-0035358,C.McLaughlin,TB,KC,2024,9,outdoors,63.0,6.0,grass,1
field_goal,made,31.0,00-0039934,J.McAtamney,NYG,WAS,2024,9,outdoors,52.0,6.0,fieldturf,1
field_goal,made,31.0,00-0035145,A.Seibert,WAS,NYG,2024,9,outdoors,52.0,6.0,fieldturf,1
field_goal,made,20.0,00-0035145,A.Seibert,WAS,NYG,2024,9,outdoors,52.0,6.0,fieldturf,1
field_goal,made,38.0,00-0038905,B.Grupe,NO,ATL,2024,10,dome,,,sportturf,1
field_goal,missed,53.0,00-0033702,Y.Koo,ATL,NO,2024,10,dome,,,sportturf,0
field_goal,blocked,35.0,00-0033702,Y.Koo,ATL,NO,2024,10,dome,,,sportturf,0
field_goal,made,27.0,00-0033702,Y.Koo,ATL,NO,2024,10,dome,,,sportturf,1
field_goal,made,26.0,00-0038905,B.Grupe,NO,ATL,2024,10,dome,,,sportturf,1
field_goal,missed,46.0,00-0033702,Y.Koo,ATL,NO,2024,10,dome,,,sportturf,0
field_goal,made,29.0,00-0036162,T.Bass,BUF,IND,2024,10,closed,,,fieldturf,1
field_goal,made,27.0,00-0035269,M.Gay,IND,BUF,2024,10,closed,,,fieldturf,1
field_goal,made,23.0,00-0035269,M.Gay,IND,BUF,2024,10,closed,,,fieldturf,1
field_goal,made,47.0,00-0036162,T.Bass,BUF,IND,2024,10,closed,,,fieldturf,1
field_goal,made,28.0,00-0036162,T.Bass,BUF,IND,2024,10,closed,,,fieldturf,1
field_goal,made,36.0,00-0033303,H.Butker,KC,DEN,2024,10,outdoors,57.0,12.0,grass,1
field_goal,missed,60.0,00-0032569,W.Lutz,DEN,KC,2024,10,outdoors,57.0,12.0,grass,0
field_goal,made,28.0,00-0033303,H.Butker,KC,DEN,2024,10,outdoors,57.0,12.0,grass,1
field_goal,made,20.0,00-0033303,H.Butker,KC,DEN,2024,10,outdoors,57.0,12.0,grass,1
field_goal,blocked,35.0,00-0032569,W.Lutz,DEN,KC,2024,10,outdoors,57.0,12.0,grass,0
field_goal,made,34.0,00-0032726,K.Fairbairn,HOU,DET,2024,10,closed,,,astroturf,1
field_goal,made,56.0,00-0032726,K.Fairbairn,HOU,DET,2024,10,closed,,,astroturf,1
field_goal,made,29.0,00-0032726,K.Fairbairn,HOU,DET,2024,10,closed,,,astroturf,1
field_goal,made,58.0,00-0039172,J.Bates,DET,HOU,2024,10,closed,,,astroturf,1
field_goal,missed,58.0,00-0032726,K.Fairbairn,HOU,DET,2024,10,closed,,,astroturf,0
field_goal,made,52.0,00-0039172,J.Bates,DET,HOU,2024,10,closed,,,astroturf,1
field_goal,made,50.0,00-0034794,J.Sanders,MIA,LA,2024,10,dome,,,matrixturf,1
field_goal,made,34.0,00-0039750,J.Karty,LA,MIA,2024,10,dome,,,matrixturf,1
field_goal,made,55.0,00-0039750,J.Karty,LA,MIA,2024,10,dome,,,matrixturf,1
field_goal,missed,57.0,00-0039750,J.Karty,LA,MIA,2024,10,dome,,,matrixturf,0
field_goal,made,53.0,00-0039750,J.Karty,LA,MIA,2024,10,dome,,,matrixturf,1
field_goal,made,37.0,00-0034794,J.Sanders,MIA,LA,2024,10,dome,,,matrixturf,1
field_goal,made,22.0,00-0039750,J.Karty,LA,MIA,2024,10,dome,,,matrixturf,1
field_goal,made,50.0,00-0034794,J.Sanders,MIA,LA,2024,10,dome,,,matrixturf,1
field_goal,made,31.0,00-0039750,J.Karty,LA,MIA,2024,10,dome,,,matrixturf,1
field_goal,made,45.0,00-0037542,J.Romo,MIN,JAX,2024,10,outdoors,79.0,7.0,grass,1
field_goal,made,33.0,00-0037542,J.Romo,MIN,JAX,2024,10,outdoors,79.0,7.0,grass,1
field_goal,made,34.0,00-0037542,J.Romo,MIN,JAX,2024,10,outdoors,79.0,7.0,grass,1
field_goal,made,29.0,00-0037542,J.Romo,MIN,JAX,2024,10,outdoors,79.0,7.0,grass,1
field_goal,made,30.0,00-0035192,J.Slye,NE,CHI,2024,10,outdoors,60.0,6.0,grass,1
field_goal,made,33.0,00-0031203,C.Santos,CHI,NE,2024,10,outdoors,60.0,6.0,grass,1
field_goal,made,37.0,00-0035192,J.Slye,NE,CHI,2024,10,outdoors,60.0,6.0,grass,1
field_goal,made,25.0,00-0035192,J.Slye,NE,CHI,2024,10,outdoors,60.0,6.0,grass,1
field_goal,made,33.0,00-0035192,J.Slye,NE,CHI,2024,10,outdoors,60.0,6.0,grass,1
field_goal,made,53.0,00-0034173,E.Pineiro,CAR,NYG,2024,10,outdoors,,,,1
field_goal,missed,43.0,00-0026858,G.Gano,NYG,CAR,2024,10,outdoors,,,,0
field_goal,made,42.0,00-0026858,G.Gano,NYG,CAR,2024,10,outdoors,,,,1
field_goal,made,36.0,00-0034173,E.Pineiro,CAR,NYG,2024,10,outdoors,,,,1
field_goal,made,25.0,00-0039576,S.Shrader,NYJ,ARI,2024,10,closed,,,grass,1
field_goal,made,45.0,00-0039576,S.Shrader,NYJ,ARI,2024,10,closed,,,grass,1
field_goal,made,37.0,00-0038567,C.Ryland,ARI,NYJ,2024,10,closed,,,grass,1
field_goal,made,46.0,00-0037692,B.Aubrey,DAL,PHI,2024,10,closed,,,matrixturf,1
field_goal,made,23.0,00-0037692,B.Aubrey,DAL,PHI,2024,10,closed,,,matrixturf,1
field_goal,made,39.0,00-0033787,J.Elliott,PHI,DAL,2024,10,closed,,,matrixturf,1
field_goal,made,38.0,00-0033787,J.Elliott,PHI,DAL,2024,10,closed,,,matrixturf,1
field_goal,made,48.0,00-0033862,Z.Gonzalez,WAS,PIT,2024,10,outdoors,57.0,9.0,grass,1
field_goal,made,41.0,00-0033862,Z.Gonzalez,WAS,PIT,2024,10,outdoors,57.0,9.0,grass,1
field_goal,made,28.0,00-0038562,J.Moody,SF,TB,2024,10,outdoors,85.0,9.0,grass,1
field_goal,made,30.0,00-0035358,C.McLaughlin,TB,SF,2024,10,outdoors,85.0,9.0,grass,1
field_goal,missed,49.0,00-0038562,J.Moody,SF,TB,2024,10,outdoors,85.0,9.0,grass,0
field_goal,made,33.0,00-0038562,J.Moody,SF,TB,2024,10,outdoors,85.0,9.0,grass,1
field_goal,missed,50.0,00-0038562,J.Moody,SF,TB,2024,10,outdoors,85.0,9.0,grass,0
field_goal,missed,44.0,00-0038562,J.Moody,SF,TB,2024,10,outdoors,85.0,9.0,grass,0
field_goal,made,26.0,00-0035358,C.McLaughlin,TB,SF,2024,10,outdoors,85.0,9.0,grass,1
field_goal,made,44.0,00-0038562,J.Moody,SF,TB,2024,10,outdoors,85.0,9.0,grass,1
field_goal,made,21.0,00-0037224,C.Dicker,LAC,TEN,2024,10,dome,,,matrixturf,1
field_goal,made,37.0,00-0037224,C.Dicker,LAC,TEN,2024,10,dome,,,matrixturf,1
field_goal,missed,49.0,00-0025565,N.Folk,TEN,LAC,2024,10,dome,,,matrixturf,0
field_goal,made,27.0,00-0025565,N.Folk,TEN,LAC,2024,10,dome,,,matrixturf,1
field_goal,made,41.0,00-0033702,Y.Koo,ATL,DEN,2024,11,outdoors,55.0,9.0,grass,1
field_goal,made,51.0,00-0033702,Y.Koo,ATL,DEN,2024,11,outdoors,55.0,9.0,grass,1
field_goal,made,45.0,00-0032569,W.Lutz,DEN,ATL,2024,11,outdoors,55.0,9.0,grass,1
field_goal,made,32.0,00-0031136,C.Boswell,PIT,BAL,2024,11,outdoors,52.0,5.0,grass,1
field_goal,missed,47.0,00-0029597,J.Tucker,BAL,PIT,2024,11,outdoors,52.0,5.0,grass,0
field_goal,missed,50.0,00-0029597,J.Tucker,BAL,PIT,2024,11,outdoors,52.0,5.0,grass,0
field_goal,made,52.0,00-0031136,C.Boswell,PIT,BAL,2024,11,outdoors,52.0,5.0,grass,1
field_goal,made,32.0,00-0031136,C.Boswell,PIT,BAL,2024,11,outdoors,52.0,5.0,grass,1
field_goal,made,57.0,00-0031136,C.Boswell,PIT,BAL,2024,11,outdoors,52.0,5.0,grass,1
field_goal,made,54.0,00-0029597,J.Tucker,BAL,PIT,2024,11,outdoors,52.0,5.0,grass,1
field_goal,made,27.0,00-0031136,C.Boswell,PIT,BAL,2024,11,outdoors,52.0,5.0,grass,1
field_goal,made,50.0,00-0031136,C.Boswell,PIT,BAL,2024,11,outdoors,52.0,5.0,grass,1
field_goal,made,26.0,00-0036854,E.McPherson,CIN,LAC,2024,11,dome,,,matrixturf,1
field_goal,made,27.0,00-0036854,E.McPherson,CIN,LAC,2024,11,dome,,,matrixturf,1
field_goal,made,19.0,00-0037224,C.Dicker,LAC,CIN,2024,11,dome,,,matrixturf,1
field_goal,made,53.0,00-0037224,C.Dicker,LAC,CIN,2024,11,dome,,,matrixturf,1
field_goal,missed,48.0,00-0036854,E.McPherson,CIN,LAC,2024,11,dome,,,matrixturf,0
field_goal,missed,51.0,00-0036854,E.McPherson,CIN,LAC,2024,11,dome,,,matrixturf,0
field_goal,missed,51.0,00-0030098,D.Hopkins,CLE,NO,2024,11,dome,,,sportturf,0
field_goal,missed,27.0,00-0030098,D.Hopkins,CLE,NO,2024,11,dome,,,sportturf,0
field_goal,made,53.0,00-0031203,C.Santos,CHI,GB,2024,11,outdoors,54.0,5.0,grass,1
field_goal,made,27.0,00-0031203,C.Santos,CHI,GB,2024,11,outdoors,54.0,5.0,grass,1
field_goal,blocked,46.0,00-0031203,C.Santos,CHI,GB,2024,11,outdoors,54.0,5.0,grass,0
field_goal,made,33.0,00-0032726,K.Fairbairn,HOU,DAL,2024,11,closed,,,matrixturf,1
field_goal,made,53.0,00-0037692,B.Aubrey,DAL,HOU,2024,11,closed,,,matrixturf,1
field_goal,missed,40.0,00-0037692,B.Aubrey,DAL,HOU,2024,11,closed,,,matrixturf,0
field_goal,made,29.0,00-0032726,K.Fairbairn,HOU,DAL,2024,11,closed,,,matrixturf,1
field_goal,made,41.0,00-0035269,M.Gay,IND,NYJ,2024,11,outdoors,62.0,4.0,fieldturf,1
field_goal,made,47.0,00-0035269,M.Gay,IND,NYJ,2024,11,outdoors,62.0,4.0,fieldturf,1
field_goal,made,56.0,00-0035269,M.Gay,IND,NYJ,2024,11,outdoors,62.0,4.0,fieldturf,1
field_goal,made,58.0,00-0038402,A.Carlson,NYJ,IND,2024,11,outdoors,62.0,4.0,fieldturf,1
field_goal,made,35.0,00-0038402,A.Carlson,NYJ,IND,2024,11,outdoors,62.0,4.0,fieldturf,1
field_goal,made,59.0,00-0039409,C.Little,JAX,DET,2024,11,dome,,,fieldturf,1
field_goal,made,35.0,00-0039409,C.Little,JAX,DET,2024,11,dome,,,fieldturf,1
field_goal,made,54.0,00-0039172,J.Bates,DET,JAX,2024,11,dome,,,fieldturf,1
field_goal,made,33.0,00-0036162,T.Bass,BUF,KC,2024,11,outdoors,50.0,3.0,a_turf,1
field_goal,made,32.0,00-0035192,J.Slye,NE,LA,2024,11,outdoors,59.0,9.0,fieldturf,1
field_goal,missed,26.0,00-0039750,J.Karty,LA,NE,2024,11,outdoors,59.0,9.0,fieldturf,0
field_goal,made,25.0,00-0035192,J.Slye,NE,LA,2024,11,outdoors,59.0,9.0,fieldturf,1
field_goal,made,42.0,00-0035192,J.Slye,NE,LA,2024,11,outdoors,59.0,9.0,fieldturf,1
field_goal,made,27.0,00-0034161,D.Carlson,LV,MIA,2024,11,outdoors,80.0,16.0,grass,1
field_goal,made,31.0,00-0034794,J.Sanders,MIA,LV,2024,11,outdoors,80.0,16.0,grass,1
field_goal,made,22.0,00-0034161,D.Carlson,LV,MIA,2024,11,outdoors,80.0,16.0,grass,1
field_goal,made,46.0,00-0034794,J.Sanders,MIA,LV,2024,11,outdoors,80.0,16.0,grass,1
field_goal,made,30.0,00-0025565,N.Folk,TEN,MIN,2024,11,outdoors,66.0,7.0,grass,1
field_goal,made,40.0,00-0037542,J.Romo,MIN,TEN,2024,11,outdoors,66.0,7.0,grass,1
field_goal,made,43.0,00-0025565,N.Folk,TEN,MIN,2024,11,outdoors,66.0,7.0,grass,1
field_goal,made,52.0,00-0031492,J.Myers,SEA,SF,2024,11,outdoors,59.0,4.0,grass,1
field_goal,made,57.0,00-0031492,J.Myers,SEA,SF,2024,11,outdoors,59.0,4.0,grass,1
field_goal,made,33.0,00-0038562,J.Moody,SF,SEA,2024,11,outdoors,59.0,4.0,grass,1
field_goal,missed,44.0,00-0033787,J.Elliott,PHI,WAS,2024,11,outdoors,46.0,9.0,grass,0
field_goal,missed,51.0,00-0033787,J.Elliott,PHI,WAS,2024,11,outdoors,46.0,9.0,grass,0
field_goal,made,21.0,00-0033787,J.Elliott,PHI,WAS,2024,11,outdoors,46.0,9.0,grass,1
field_goal,made,45.0,00-0033862,Z.Gonzalez,WAS,PHI,2024,11,outdoors,46.0,9.0,grass,1
field_goal,made,31.0,00-0033787,J.Elliott,PHI,WAS,2024,11,outdoors,46.0,9.0,grass,1
field_goal,made,35.0,00-0038567,C.Ryland,ARI,SEA,2024,12,outdoors,45.0,5.0,fieldturf,1
field_goal,made,22.0,00-0038567,C.Ryland,ARI,SEA,2024,12,outdoors,45.0,5.0,fieldturf,1
field_goal,made,50.0,00-0031492,J.Myers,SEA,ARI,2024,12,outdoors,45.0,5.0,fieldturf,1
field_goal,missed,47.0,00-0038567,C.Ryland,ARI,SEA,2024,12,outdoors,45.0,5.0,fieldturf,0
field_goal,made,42.0,00-0037224,C.Dicker,LAC,BAL,2024,12,dome,,,matrixturf,1
field_goal,made,52.0,00-0037224,C.Dicker,LAC,BAL,2024,12,dome,,,matrixturf,1
field_goal,made,45.0,00-0029597,J.Tucker,BAL,LAC,2024,12,dome,,,matrixturf,1
field_goal,made,52.0,00-0037224,C.Dicker,LAC,BAL,2024,12,dome,,,matrixturf,1
field_goal,blocked,35.0,00-0037692,B.Aubrey,DAL,WAS,2024,12,outdoors,55.0,5.0,grass,0
field_goal,made,41.0,00-0035145,A.Seibert,WAS,DAL,2024,12,outdoors,55.0,5.0,grass,1
field_goal,missed,42.0,00-0037692,B.Aubrey,DAL,WAS,2024,12,outdoors,55.0,5.0,grass,0
field_goal,missed,51.0,00-0035145,A.Seibert,WAS,DAL,2024,12,outdoors,55.0,5.0,grass,0
field_goal,made,46.0,00-0037692,B.Aubrey,DAL,WAS,2024,12,outdoors,55.0,5.0,grass,1
field_goal,made,48.0,00-0037692,B.Aubrey,DAL,WAS,2024,12,outdoors,55.0,5.0,grass,1
field_goal,made,51.0,00-0035145,A.Seibert,WAS,DAL,2024,12,outdoors,55.0,5.0,grass,1
field_goal,made,38.0,00-0032569,W.Lutz,DEN,LV,2024,12,dome,,,grass,1
field_goal,made,53.0,00-0032569,W.Lutz,DEN,LV,2024,12,dome,,,grass,1
field_goal,made,34.0,00-0034161,D.Carlson,LV,DEN,2024,12,dome,,,grass,1
field_goal,made,54.0,00-0032569,W.Lutz,DEN,LV,2024,12,dome,,,grass,1
field_goal,made,34.0,00-0034161,D.Carlson,LV,DEN,2024,12,dome,,,grass,1
field_goal,made,45.0,00-0032569,W.Lutz,DEN,LV,2024,12,dome,,,grass,1
field_goal,made,53.0,00-0034161,D.Carlson,LV,DEN,2024,12,dome,,,grass,1
field_goal,made,22.0,00-0034161,D.Carlson,LV,DEN,2024,12,dome,,,grass,1
field_goal,made,33.0,00-0032569,W.Lutz,DEN,LV,2024,12,dome,,,grass,1
field_goal,made,27.0,00-0035269,M.Gay,IND,DET,2024,12,closed,,,fieldturf,1
field_goal,made,29.0,00-0035269,M.Gay,IND,DET,2024,12,closed,,,fieldturf,1
field_goal,made,56.0,00-0039172,J.Bates,DET,IND,2024,12,closed,,,fieldturf,1
field_goal,made,30.0,00-0034173,E.Pineiro,CAR,KC,2024,12,outdoors,61.0,5.0,grass,1
field_goal,made,25.0,00-0039576,S.Shrader,KC,CAR,2024,12,outdoors,61.0,5.0,grass,1
field_goal,made,32.0,00-0034173,E.Pineiro,CAR,KC,2024,12,outdoors,61.0,5.0,grass,1
field_goal,made,41.0,00-0039576,S.Shrader,KC,CAR,2024,12,outdoors,61.0,5.0,grass,1
field_goal,made,29.0,00-0034173,E.Pineiro,CAR,KC,2024,12,outdoors,61.0,5.0,grass,1
field_goal,made,33.0,00-0034173,E.Pineiro,CAR,KC,2024,12,outdoors,61.0,5.0,grass,1
field_goal,made,31.0,00-0039576,S.Shrader,KC,CAR,2024,12,outdoors,61.0,5.0,grass,1
field_goal,blocked,48.0,00-0031203,C.Santos,CHI,MIN,2024,12,outdoors,47.0,5.0,grass,0
field_goal,made,49.0,00-0031203,C.Santos,CHI,MIN,2024,12,outdoors,47.0,5.0,grass,1
field_goal,made,40.0,00-0037542,J.Romo,MIN,CHI,2024,12,outdoors,47.0,5.0,grass,1
field_goal,made,26.0,00-0037542,J.Romo,MIN,CHI,2024,12,outdoors,47.0,5.0,grass,1
field_goal,made,48.0,00-0031203,C.Santos,CHI,MIN,2024,12,outdoors,47.0,5.0,grass,1
field_goal,made,29.0,00-0037542,J.Romo,MIN,CHI,2024,12,outdoors,47.0,5.0,grass,1
field_goal,missed,45.0,00-0035192,J.Slye,NE,MIA,2024,12,outdoors,77.0,6.0,grass,0
field_goal,made,21.0,00-0034794,J.Sanders,MIA,NE,2024,12,outdoors,77.0,6.0,grass,1
field_goal,made,51.0,00-0034794,J.Sanders,MIA,NE,2024,12,outdoors,77.0,6.0,grass,1
field_goal,made,21.0,00-0033787,J.Elliott,PHI,LA,2024,12,dome,,,matrixturf,1
field_goal,made,31.0,00-0033787,J.Elliott,PHI,LA,2024,12,dome,,,matrixturf,1
field_goal,missed,47.0,00-0039750,J.Karty,LA,PHI,2024,12,dome,,,matrixturf,0
field_goal,made,26.0,00-0033787,J.Elliott,PHI,LA,2024,12,dome,,,matrixturf,1
field_goal,missed,58.0,00-0031136,C.Boswell,PIT,CLE,2024,12,outdoors,36.0,13.0,grass,0
field_goal,made,48.0,00-0031136,C.Boswell,PIT,CLE,2024,12,outdoors,36.0,13.0,grass,1
field_goal,made,34.0,00-0030098,D.Hopkins,CLE,PIT,2024,12,outdoors,36.0,13.0,grass,1
field_goal,made,28.0,00-0031136,C.Boswell,PIT,CLE,2024,12,outdoors,36.0,13.0,grass,1
field_goal,made,51.0,00-0029822,B.McManus,GB,SF,2024,12,outdoors,43.0,11.0,grass,1
field_goal,made,48.0,00-0038562,J.Moody,SF,GB,2024,12,outdoors,43.0,11.0,grass,1
field_goal,made,23.0,00-0035358,C.McLaughlin,TB,NYG,2024,12,outdoors,50.0,13.0,fieldturf,1
field_goal,made,51.0,00-0025565,N.Folk,TEN,HOU,2024,12,closed,,,astroturf,1
field_goal,made,28.0,00-0032726,K.Fairbairn,HOU,TEN,2024,12,closed,,,astroturf,1
field_goal,made,56.0,00-0025565,N.Folk,TEN,HOU,2024,12,closed,,,astroturf,1
field_goal,made,51.0,00-0025565,N.Folk,TEN,HOU,2024,12,closed,,,astroturf,1
field_goal,made,54.0,00-0032726,K.Fairbairn,HOU,TEN,2024,12,closed,,,astroturf,1
field_goal,missed,28.0,00-0032726,K.Fairbairn,HOU,TEN,2024,12,closed,,,astroturf,0
field_goal,made,32.0,00-0038567,C.Ryland,ARI,MIN,2024,13,dome,,,sportturf,1
field_goal,made,44.0,00-0037542,J.Romo,MIN,ARI,2024,13,dome,,,sportturf,1
field_goal,missed,45.0,00-0038567,C.Ryland,ARI,MIN,2024,13,dome,,,sportturf,0
field_goal,made,31.0,00-0038567,C.Ryland,ARI,MIN,2024,13,dome,,,sportturf,1
field_goal,made,55.0,00-0037542,J.Romo,MIN,ARI,2024,13,dome,,,sportturf,1
field_goal,made,24.0,00-0038567,C.Ryland,ARI,MIN,2024,13,dome,,,sportturf,1
field_goal,missed,43.0,00-0037542,J.Romo,MIN,ARI,2024,13,dome,,,sportturf,0
field_goal,made,40.0,00-0038567,C.Ryland,ARI,MIN,2024,13,dome,,,sportturf,1
field_goal,made,31.0,00-0037542,J.Romo,MIN,ARI,2024,13,dome,,,sportturf,1
field_goal,made,23.0,00-0038567,C.Ryland,ARI,MIN,2024,13,dome,,,sportturf,1
field_goal,made,30.0,00-0039172,J.Bates,DET,CHI,2024,13,dome,,,fieldturf,1
field_goal,made,36.0,00-0039172,J.Bates,DET,CHI,2024,13,dome,,,fieldturf,1
field_goal,made,48.0,00-0039172,J.Bates,DET,CHI,2024,13,dome,,,fieldturf,1
field_goal,missed,45.0,00-0039172,J.Bates,DET,CHI,2024,13,dome,,,fieldturf,0
field_goal,missed,47.0,00-0030098,D.Hopkins,CLE,DEN,2024,13,outdoors,48.0,4.0,grass,0
field_goal,made,45.0,00-0030098,D.Hopkins,CLE,DEN,2024,13,outdoors,48.0,4.0,grass,1
field_goal,made,36.0,00-0032569,W.Lutz,DEN,CLE,2024,13,outdoors,48.0,4.0,grass,1
field_goal,made,27.0,00-0032569,W.Lutz,DEN,CLE,2024,13,outdoors,48.0,4.0,grass,1
field_goal,made,53.0,00-0032726,K.Fairbairn,HOU,JAX,2024,13,outdoors,,,grass,1
field_goal,made,30.0,00-0032726,K.Fairbairn,HOU,JAX,2024,13,outdoors,,,grass,1
field_goal,made,33.0,00-0039409,C.Little,JAX,HOU,2024,13,outdoors,,,grass,1
field_goal,made,30.0,00-0039409,C.Little,JAX,HOU,2024,13,outdoors,,,grass,1
field_goal,made,28.0,00-0032726,K.Fairbairn,HOU,JAX,2024,13,outdoors,,,grass,1
field_goal,missed,55.0,00-0039409,C.Little,JAX,HOU,2024,13,outdoors,,,grass,0
field_goal,made,35.0,00-0035192,J.Slye,NE,IND,2024,13,outdoors,36.0,9.0,fieldturf,1
field_goal,made,31.0,00-0035192,J.Slye,NE,IND,2024,13,outdoors,36.0,9.0,fieldturf,1
field_goal,made,54.0,00-0035192,J.Slye,NE,IND,2024,13,outdoors,36.0,9.0,fieldturf,1
field_goal,missed,25.0,00-0035192,J.Slye,NE,IND,2024,13,outdoors,36.0,9.0,fieldturf,0
field_goal,made,25.0,00-0035269,M.Gay,IND,NE,2024,13,outdoors,36.0,9.0,fieldturf,1
field_goal,missed,68.0,00-0035192,J.Slye,NE,IND,2024,13,outdoors,36.0,9.0,fieldturf,0
field_goal,missed,35.0,00-0033702,Y.Koo,ATL,LAC,2024,13,closed,,,fieldturf,0
field_goal,made,45.0,00-0037224,C.Dicker,LAC,ATL,2024,13,closed,,,fieldturf,1
field_goal,made,51.0,00-0037224,C.Dicker,LAC,ATL,2024,13,closed,,,fieldturf,1
field_goal,made,34.0,00-0037224,C.Dicker,LAC,ATL,2024,13,closed,,,fieldturf,1
field_goal,made,41.0,00-0033702,Y.Koo,ATL,LAC,2024,13,closed,,,fieldturf,1
field_goal,made,26.0,00-0033702,Y.Koo,ATL,LAC,2024,13,closed,,,fieldturf,1
field_goal,made,54.0,00-0038905,B.Grupe,NO,LA,2024,13,dome,,,sportturf,1
field_goal,missed,36.0,00-0038905,B.Grupe,NO,LA,2024,13,dome,,,sportturf,0
field_goal,made,54.0,00-0038905,B.Grupe,NO,LA,2024,13,dome,,,sportturf,1
field_goal,made,25.0,00-0035189,M.Wright,KC,LV,2024,13,outdoors,37.0,5.0,grass,1
field_goal,made,27.0,00-0034161,D.Carlson,LV,KC,2024,13,outdoors,37.0,5.0,grass,1
field_goal,missed,56.0,00-0034161,D.Carlson,LV,KC,2024,13,outdoors,37.0,5.0,grass,0
field_goal,missed,59.0,00-0035189,M.Wright,KC,LV,2024,13,outdoors,37.0,5.0,grass,0
field_goal,made,42.0,00-0035189,M.Wright,KC,LV,2024,13,outdoors,37.0,5.0,grass,1
field_goal,missed,55.0,00-0034161,D.Carlson,LV,KC,2024,13,outdoors,37.0,5.0,grass,0
field_goal,made,35.0,00-0035189,M.Wright,KC,LV,2024,13,outdoors,37.0,5.0,grass,1
field_goal,made,32.0,00-0035189,M.Wright,KC,LV,2024,13,outdoors,37.0,5.0,grass,1
field_goal,missed,58.0,00-0034161,D.Carlson,LV,KC,2024,13,outdoors,37.0,5.0,grass,0
field_goal,made,33.0,00-0034794,J.Sanders,MIA,GB,2024,13,outdoors,27.0,10.0,grass,1
field_goal,made,46.0,00-0029822,B.McManus,GB,MIA,2024,13,outdoors,27.0,10.0,grass,1
field_goal,made,24.0,00-0029822,B.McManus,GB,MIA,2024,13,outdoors,27.0,10.0,grass,1
field_goal,made,33.0,00-0029822,B.McManus,GB,MIA,2024,13,outdoors,27.0,10.0,grass,1
field_goal,made,23.0,00-0037692,B.Aubrey,DAL,NYG,2024,13,closed,,,matrixturf,1
field_goal,made,33.0,00-0037692,B.Aubrey,DAL,NYG,2024,13,closed,,,matrixturf,1
field_goal,made,46.0,00-0026858,G.Gano,NYG,DAL,2024,13,closed,,,matrixturf,1
field_goal,made,47.0,00-0026858,G.Gano,NYG,DAL,2024,13,closed,,,matrixturf,1
field_goal,made,34.0,00-0029597,J.Tucker,BAL,PHI,2024,13,outdoors,41.0,7.0,grass,1
field_goal,made,50.0,00-0029597,J.Tucker,BAL,PHI,2024,13,outdoors,41.0,7.0,grass,1
field_goal,missed,47.0,00-0029597,J.Tucker,BAL,PHI,2024,13,outdoors,41.0,7.0,grass,0
field_goal,missed,53.0,00-0029597,J.Tucker,BAL,PHI,2024,13,outdoors,41.0,7.0,grass,0
field_goal,made,35.0,00-0033787,J.Elliott,PHI,BAL,2024,13,outdoors,41.0,7.0,grass,1
field_goal,made,50.0,00-0031136,C.Boswell,PIT,CIN,2024,13,outdoors,32.0,9.0,fieldturf,1
field_goal,made,34.0,00-0031136,C.Boswell,PIT,CIN,2024,13,outdoors,32.0,9.0,fieldturf,1
field_goal,blocked,42.0,00-0031136,C.Boswell,PIT,CIN,2024,13,outdoors,32.0,9.0,fieldturf,0
field_goal,made,38.0,00-0036854,E.McPherson,CIN,PIT,2024,13,outdoors,32.0,9.0,fieldturf,1
field_goal,made,30.0,00-0031136,C.Boswell,PIT,CIN,2024,13,outdoors,32.0,9.0,fieldturf,1
field_goal,made,54.0,00-0031492,J.Myers,SEA,NYJ,2024,13,outdoors,37.0,12.0,fieldturf,1
field_goal,made,43.0,00-0031492,J.Myers,SEA,NYJ,2024,13,outdoors,37.0,12.0,fieldturf,1
field_goal,made,33.0,00-0038562,J.Moody,SF,BUF,2024,13,outdoors,28.0,11.0,a_turf,1
field_goal,missed,45.0,00-0038562,J.Moody,SF,BUF,2024,13,outdoors,28.0,11.0,a_turf,0
field_goal,missed,55.0,00-0038562,J.Moody,SF,BUF,2024,13,outdoors,28.0,11.0,a_turf,0
field_goal,missed,49.0,00-0036162,T.Bass,BUF,SF,2024,13,outdoors,28.0,11.0,a_turf,0
field_goal,made,47.0,00-0034173,E.Pineiro,CAR,TB,2024,13,outdoors,51.0,7.0,grass,1
field_goal,missed,38.0,00-0034173,E.Pineiro,CAR,TB,2024,13,outdoors,51.0,7.0,grass,0
field_goal,made,27.0,00-0035358,C.McLaughlin,TB,CAR,2024,13,outdoors,51.0,7.0,grass,1
field_goal,missed,45.0,00-0034173,E.Pineiro,CAR,TB,2024,13,outdoors,51.0,7.0,grass,0
field_goal,made,27.0,00-0034173,E.Pineiro,CAR,TB,2024,13,outdoors,51.0,7.0,grass,1
field_goal,made,22.0,00-0034173,E.Pineiro,CAR,TB,2024,13,outdoors,51.0,7.0,grass,1
field_goal,made,26.0,00-0035358,C.McLaughlin,TB,CAR,2024,13,outdoors,51.0,7.0,grass,1
field_goal,made,51.0,00-0035358,C.McLaughlin,TB,CAR,2024,13,outdoors,51.0,7.0,grass,1
field_goal,missed,55.0,00-0035358,C.McLaughlin,TB,CAR,2024,13,outdoors,51.0,7.0,grass,0
field_goal,made,30.0,00-0035358,C.McLaughlin,TB,CAR,2024,13,outdoors,51.0,7.0,grass,1
field_goal,missed,46.0,00-0033862,Z.Gonzalez,WAS,TEN,2024,13,outdoors,42.0,6.0,grass,0
field_goal,made,41.0,00-0025565,N.Folk,TEN,WAS,2024,13,outdoors,42.0,6.0,grass,1
field_goal,made,44.0,00-0025565,N.Folk,TEN,WAS,2024,13,outdoors,42.0,6.0,grass,1
field_goal,missed,52.0,00-0033862,Z.Gonzalez,WAS,TEN,2024,13,outdoors,42.0,6.0,grass,0
field_goal,made,20.0,00-0033702,Y.Koo,ATL,MIN,2024,14,dome,,,sportturf,1
field_goal,missed,47.0,00-0039404,W.Reichard,MIN,ATL,2024,14,dome,,,sportturf,0
field_goal,made,29.0,00-0033702,Y.Koo,ATL,MIN,2024,14,dome,,,sportturf,1
field_goal,made,22.0,00-0039750,J.Karty,LA,BUF,2024,14,dome,,,matrixturf,1
field_goal,made,38.0,00-0034173,E.Pineiro,CAR,PHI,2024,14,outdoors,55.0,16.0,grass,1
field_goal,missed,52.0,00-0033787,J.Elliott,PHI,CAR,2024,14,outdoors,55.0,16.0,grass,0
field_goal,made,23.0,00-0038562,J.Moody,SF,CHI,2024,14,outdoors,65.0,4.0,grass,1
field_goal,made,35.0,00-0037692,B.Aubrey,DAL,CIN,2024,14,closed,,,matrixturf,1
field_goal,made,37.0,00-0038097,C.York,CIN,DAL,2024,14,closed,,,matrixturf,1
field_goal,made,47.0,00-0037692,B.Aubrey,DAL,CIN,2024,14,closed,,,matrixturf,1
field_goal,made,29.0,00-0038097,C.York,CIN,DAL,2024,14,closed,,,matrixturf,1
field_goal,made,30.0,00-0031136,C.Boswell,PIT,CLE,2024,14,outdoors,49.0,12.0,grass,1
field_goal,made,54.0,00-0031136,C.Boswell,PIT,CLE,2024,14,outdoors,49.0,12.0,grass,1
field_goal,missed,38.0,00-0030098,D.Hopkins,CLE,PIT,2024,14,outdoors,49.0,12.0,grass,0
field_goal,missed,43.0,00-0030098,D.Hopkins,CLE,PIT,2024,14,outdoors,49.0,12.0,grass,0
field_goal,made,43.0,00-0039172,J.Bates,DET,GB,2024,14,dome,,,fieldturf,1
field_goal,made,32.0,00-0029822,B.McManus,GB,DET,2024,14,dome,,,fieldturf,1
field_goal,made,35.0,00-0039172,J.Bates,DET,GB,2024,14,dome,,,fieldturf,1
field_goal,made,46.0,00-0025565,N.Folk,TEN,JAX,2024,14,outdoors,53.0,9.0,grass,1
field_goal,made,39.0,00-0025565,N.Folk,TEN,JAX,2024,14,outdoors,53.0,9.0,grass,1
field_goal,made,23.0,00-0039409,C.Little,JAX,TEN,2024,14,outdoors,53.0,9.0,grass,1
field_goal,made,47.0,00-0035189,M.Wright,KC,LAC,2024,14,outdoors,50.0,10.0,grass,1
field_goal,made,33.0,00-0035189,M.Wright,KC,LAC,2024,14,outdoors,50.0,10.0,grass,1
field_goal,made,50.0,00-0035189,M.Wright,KC,LAC,2024,14,outdoors,50.0,10.0,grass,1
field_goal,made,37.0,00-0037224,C.Dicker,LAC,KC,2024,14,outdoors,50.0,10.0,grass,1
field_goal,made,31.0,00-0035189,M.Wright,KC,LAC,2024,14,outdoors,50.0,10.0,grass,1
field_goal,made,25.0,00-0034161,D.Carlson,LV,TB,2024,14,outdoors,71.0,4.0,grass,1
field_goal,made,27.0,00-0034161,D.Carlson,LV,TB,2024,14,outdoors,71.0,4.0,grass,1
field_goal,missed,53.0,00-0038905,B.Grupe,NO,NYG,2024,14,outdoors,54.0,13.0,fieldturf,0
field_goal,made,43.0,00-0026858,G.Gano,NYG,NO,2024,14,outdoors,54.0,13.0,fieldturf,1
field_goal,blocked,60.0,00-0038905,B.Grupe,NO,NYG,2024,14,outdoors,54.0,13.0,fieldturf,0
field_goal,blocked,35.0,00-0026858,G.Gano,NYG,NO,2024,14,outdoors,54.0,13.0,fieldturf,0
field_goal,made,28.0,00-0038402,A.Carlson,NYJ,MIA,2024,14,outdoors,77.0,12.0,grass,1
field_goal,made,39.0,00-0034794,J.Sanders,MIA,NYJ,2024,14,outdoors,77.0,12.0,grass,1
field_goal,made,24.0,00-0034794,J.Sanders,MIA,NYJ,2024,14,outdoors,77.0,12.0,grass,1
field_goal,made,30.0,00-0038402,A.Carlson,NYJ,MIA,2024,14,outdoors,77.0,12.0,grass,1
field_goal,made,57.0,00-0034794,J.Sanders,MIA,NYJ,2024,14,outdoors,77.0,12.0,grass,1
field_goal,made,40.0,00-0038402,A.Carlson,NYJ,MIA,2024,14,outdoors,77.0,12.0,grass,1
field_goal,made,42.0,00-0038402,A.Carlson,NYJ,MIA,2024,14,outdoors,77.0,12.0,grass,1
field_goal,made,52.0,00-0034794,J.Sanders,MIA,NYJ,2024,14,outdoors,77.0,12.0,grass,1
field_goal,made,20.0,00-0031492,J.Myers,SEA,ARI,2024,14,closed,,,grass,1
field_goal,made,28.0,00-0038567,C.Ryland,ARI,SEA,2024,14,closed,,,grass,1
field_goal,made,36.0,00-0031492,J.Myers,SEA,ARI,2024,14,closed,,,grass,1
field_goal,missed,40.0,00-0038567,C.Ryland,ARI,SEA,2024,14,closed,,,grass,0
field_goal,made,35.0,00-0031492,J.Myers,SEA,ARI,2024,14,closed,,,grass,1
field_goal,made,52.0,00-0034161,D.Carlson,LV,ATL,2024,15,dome,,,grass,1
field_goal,made,40.0,00-0033702,Y.Koo,ATL,LV,2024,15,dome,,,grass,1
field_goal,made,48.0,00-0033702,Y.Koo,ATL,LV,2024,15,dome,,,grass,1
field_goal,missed,42.0,00-0033702,Y.Koo,ATL,LV,2024,15,dome,,,grass,0
field_goal,missed,24.0,00-0036162,T.Bass,BUF,DET,2024,15,dome,,,fieldturf,0
field_goal,missed,52.0,00-0039172,J.Bates,DET,BUF,2024,15,dome,,,fieldturf,0
field_goal,made,50.0,00-0036162,T.Bass,BUF,DET,2024,15,dome,,,fieldturf,1
field_goal,made,41.0,00-0036162,T.Bass,BUF,DET,2024,15,dome,,,fieldturf,1
field_goal,made,52.0,00-0039404,W.Reichard,MIN,CHI,2024,15,dome,,,sportturf,1
field_goal,made,31.0,00-0039404,W.Reichard,MIN,CHI,2024,15,dome,,,sportturf,1
field_goal,made,29.0,00-0031203,C.Santos,CHI,MIN,2024,15,dome,,,sportturf,1
field_goal,made,39.0,00-0031203,C.Santos,CHI,MIN,2024,15,dome,,,sportturf,1
field_goal,made,46.0,00-0039404,W.Reichard,MIN,CHI,2024,15,dome,,,sportturf,1
field_goal,made,21.0,00-0038097,C.York,CIN,TEN,2024,15,outdoors,52.0,12.0,grass,1
field_goal,made,52.0,00-0037692,B.Aubrey,DAL,CAR,2024,15,outdoors,45.0,7.0,grass,1
field_goal,missed,70.0,00-0037692,B.Aubrey,DAL,CAR,2024,15,outdoors,45.0,7.0,grass,0
field_goal,made,45.0,00-0037692,B.Aubrey,DAL,CAR,2024,15,outdoors,45.0,7.0,grass,1
field_goal,made,41.0,00-0037692,B.Aubrey,DAL,CAR,2024,15,outdoors,45.0,7.0,grass,1
field_goal,made,48.0,00-0031492,J.Myers,SEA,GB,2024,15,outdoors,43.0,3.0,fieldturf,1
field_goal,made,39.0,00-0029822,B.McManus,GB,SEA,2024,15,outdoors,43.0,3.0,fieldturf,1
field_goal,made,21.0,00-0029822,B.McManus,GB,SEA,2024,15,outdoors,43.0,3.0,fieldturf,1
field_goal,made,45.0,00-0031492,J.Myers,SEA,GB,2024,15,outdoors,43.0,3.0,fieldturf,1
field_goal,made,23.0,00-0029822,B.McManus,GB,SEA,2024,15,outdoors,43.0,3.0,fieldturf,1
field_goal,made,37.0,00-0035269,M.Gay,IND,DEN,2024,15,outdoors,55.0,15.0,grass,1
field_goal,made,49.0,00-0035269,M.Gay,IND,DEN,2024,15,outdoors,55.0,15.0,grass,1
field_goal,made,44.0,00-0032569,W.Lutz,DEN,IND,2024,15,outdoors,55.0,15.0,grass,1
field_goal,missed,29.0,00-0033303,H.Butker,KC,CLE,2024,15,outdoors,40.0,18.0,grass,0
field_goal,made,53.0,00-0038562,J.Moody,SF,LA,2024,15,outdoors,53.0,4.0,grass,1
field_goal,made,48.0,00-0039750,J.Karty,LA,SF,2024,15,outdoors,53.0,4.0,grass,1
field_goal,made,47.0,00-0038562,J.Moody,SF,LA,2024,15,outdoors,53.0,4.0,grass,1
field_goal,made,23.0,00-0039750,J.Karty,LA,SF,2024,15,outdoors,53.0,4.0,grass,1
field_goal,made,27.0,00-0039750,J.Karty,LA,SF,2024,15,outdoors,53.0,4.0,grass,1
field_goal,made,29.0,00-0039750,J.Karty,LA,SF,2024,15,outdoors,53.0,4.0,grass,1
field_goal,made,44.0,00-0032726,K.Fairbairn,HOU,MIA,2024,15,closed,,,astroturf,1
field_goal,made,55.0,00-0034794,J.Sanders,MIA,HOU,2024,15,closed,,,astroturf,1
field_goal,made,36.0,00-0034794,J.Sanders,MIA,HOU,2024,15,closed,,,astroturf,1
field_goal,made,23.0,00-0032726,K.Fairbairn,HOU,MIA,2024,15,closed,,,astroturf,1
field_goal,missed,53.0,00-0035192,J.Slye,NE,ARI,2024,15,closed,,,grass,0
field_goal,made,49.0,00-0038567,C.Ryland,ARI,NE,2024,15,closed,,,grass,1
field_goal,made,50.0,00-0035192,J.Slye,NE,ARI,2024,15,closed,,,grass,1
field_goal,made,35.0,00-0038567,C.Ryland,ARI,NE,2024,15,closed,,,grass,1
field_goal,made,40.0,00-0038567,C.Ryland,ARI,NE,2024,15,closed,,,grass,1
field_goal,made,28.0,00-0039409,C.Little,JAX,NYJ,2024,15,outdoors,,,grass,1
field_goal,made,23.0,00-0039409,C.Little,JAX,NYJ,2024,15,outdoors,,,grass,1
field_goal,made,43.0,00-0038402,A.Carlson,NYJ,JAX,2024,15,outdoors,,,grass,1
field_goal,made,43.0,00-0039409,C.Little,JAX,NYJ,2024,15,outdoors,,,grass,1
field_goal,missed,48.0,00-0038402,A.Carlson,NYJ,JAX,2024,15,outdoors,,,grass,0
field_goal,made,43.0,00-0039409,C.Little,JAX,NYJ,2024,15,outdoors,,,grass,1
field_goal,made,34.0,00-0033787,J.Elliott,PHI,PIT,2024,15,outdoors,37.0,5.0,grass,1
field_goal,made,37.0,00-0031136,C.Boswell,PIT,PHI,2024,15,outdoors,37.0,5.0,grass,1
field_goal,made,49.0,00-0031136,C.Boswell,PIT,PHI,2024,15,outdoors,37.0,5.0,grass,1
field_goal,made,41.0,00-0033787,J.Elliott,PHI,PIT,2024,15,outdoors,37.0,5.0,grass,1
field_goal,made,22.0,00-0035358,C.McLaughlin,TB,LAC,2024,15,dome,,,matrixturf,1
field_goal,made,41.0,00-0037224,C.Dicker,LAC,TB,2024,15,dome,,,matrixturf,1
field_goal,made,37.0,00-0035358,C.McLaughlin,TB,LAC,2024,15,dome,,,matrixturf,1
field_goal,made,42.0,00-0035358,C.McLaughlin,TB,LAC,2024,15,dome,,,matrixturf,1
field_goal,made,43.0,00-0035358,C.McLaughlin,TB,LAC,2024,15,dome,,,matrixturf,1
field_goal,made,23.0,00-0034450,G.Joseph,WAS,NO,2024,15,dome,,,sportturf,1
field_goal,made,41.0,00-0034450,G.Joseph,WAS,NO,2024,15,dome,,,sportturf,1
field_goal,made,41.0,00-0038905,B.Grupe,NO,WAS,2024,15,dome,,,sportturf,1
field_goal,made,51.0,00-0038905,B.Grupe,NO,WAS,2024,15,dome,,,sportturf,1
field_goal,missed,54.0,00-0034450,G.Joseph,WAS,NO,2024,15,dome,,,sportturf,0
field_goal,made,48.0,00-0038567,C.Ryland,ARI,CAR,2024,16,outdoors,37.0,10.0,grass,1
field_goal,made,29.0,00-0034173,E.Pineiro,CAR,ARI,2024,16,outdoors,37.0,10.0,grass,1
field_goal,made,30.0,00-0038567,C.Ryland,ARI,CAR,2024,16,outdoors,37.0,10.0,grass,1
field_goal,made,58.0,00-0038567,C.Ryland,ARI,CAR,2024,16,outdoors,37.0,10.0,grass,1
field_goal,missed,47.0,00-0038097,C.York,CIN,CLE,2024,16,outdoors,33.0,6.0,fieldturf,0
field_goal,made,59.0,00-0038097,C.York,CIN,CLE,2024,16,outdoors,33.0,6.0,fieldturf,1
field_goal,made,37.0,00-0037224,C.Dicker,LAC,DEN,2024,16,dome,,,matrixturf,1
field_goal,made,57.0,00-0037224,C.Dicker,LAC,DEN,2024,16,dome,,,matrixturf,1
field_goal,made,41.0,00-0032569,W.Lutz,DEN,LAC,2024,16,dome,,,matrixturf,1
field_goal,made,55.0,00-0032569,W.Lutz,DEN,LAC,2024,16,dome,,,matrixturf,1
field_goal,made,30.0,00-0039172,J.Bates,DET,CHI,2024,16,outdoors,29.0,7.0,grass,1
field_goal,made,34.0,00-0039172,J.Bates,DET,CHI,2024,16,outdoors,29.0,7.0,grass,1
field_goal,missed,65.0,00-0039172,J.Bates,DET,CHI,2024,16,outdoors,29.0,7.0,grass,0
field_goal,made,30.0,00-0031203,C.Santos,CHI,DET,2024,16,outdoors,29.0,7.0,grass,1
field_goal,made,33.0,00-0032726,K.Fairbairn,HOU,KC,2024,16,outdoors,30.0,5.0,grass,1
field_goal,made,44.0,00-0033303,H.Butker,KC,HOU,2024,16,outdoors,30.0,5.0,grass,1
field_goal,made,38.0,00-0032726,K.Fairbairn,HOU,KC,2024,16,outdoors,30.0,5.0,grass,1
field_goal,made,27.0,00-0033303,H.Butker,KC,HOU,2024,16,outdoors,30.0,5.0,grass,1
field_goal,made,49.0,00-0034161,D.Carlson,LV,JAX,2024,16,dome,,,grass,1
field_goal,made,37.0,00-0034161,D.Carlson,LV,JAX,2024,16,dome,,,grass,1
field_goal,missed,46.0,00-0034161,D.Carlson,LV,JAX,2024,16,dome,,,grass,0
field_goal,made,21.0,00-0038402,A.Carlson,NYJ,LA,2024,16,outdoors,23.0,8.0,fieldturf,1
field_goal,made,38.0,00-0039750,J.Karty,LA,NYJ,2024,16,outdoors,23.0,8.0,fieldturf,1
field_goal,made,45.0,00-0039750,J.Karty,LA,NYJ,2024,16,outdoors,23.0,8.0,fieldturf,1
field_goal,missed,49.0,00-0038402,A.Carlson,NYJ,LA,2024,16,outdoors,23.0,8.0,fieldturf,0
field_goal,made,52.0,00-0039404,W.Reichard,MIN,SEA,2024,16,outdoors,48.0,5.0,fieldturf,1
field_goal,made,43.0,00-0031492,J.Myers,SEA,MIN,2024,16,outdoors,48.0,5.0,fieldturf,1
field_goal,made,48.0,00-0039404,W.Reichard,MIN,SEA,2024,16,outdoors,48.0,5.0,fieldturf,1
field_goal,missed,60.0,00-0031492,J.Myers,SEA,MIN,2024,16,outdoors,48.0,5.0,fieldturf,0
field_goal,made,50.0,00-0036162,T.Bass,BUF,NE,2024,16,outdoors,14.0,2.0,a_turf,1
field_goal,made,55.0,00-0029822,B.McManus,GB,NO,2024,16,outdoors,34.0,12.0,grass,1
field_goal,made,46.0,00-0029822,B.McManus,GB,NO,2024,16,outdoors,34.0,12.0,grass,1
field_goal,missed,43.0,00-0036816,R.Patterson,ATL,NYG,2024,16,closed,,,fieldturf,0
field_goal,made,52.0,00-0036816,R.Patterson,ATL,NYG,2024,16,closed,,,fieldturf,1
field_goal,made,37.0,00-0036816,R.Patterson,ATL,NYG,2024,16,closed,,,fieldturf,1
field_goal,missed,56.0,00-0033787,J.Elliott,PHI,WAS,2024,16,outdoors,32.0,8.0,grass,0
field_goal,made,24.0,00-0033787,J.Elliott,PHI,WAS,2024,16,outdoors,32.0,8.0,grass,1
field_goal,made,40.0,00-0033787,J.Elliott,PHI,WAS,2024,16,outdoors,32.0,8.0,grass,1
field_goal,made,50.0,00-0033787,J.Elliott,PHI,WAS,2024,16,outdoors,32.0,8.0,grass,1
field_goal,made,40.0,00-0033787,J.Elliott,PHI,WAS,2024,16,outdoors,32.0,8.0,grass,1
field_goal,made,51.0,00-0029597,J.Tucker,BAL,PIT,2024,16,outdoors,35.0,15.0,grass,1
field_goal,made,51.0,00-0031136,C.Boswell,PIT,BAL,2024,16,outdoors,35.0,15.0,grass,1
field_goal,made,23.0,00-0029597,J.Tucker,BAL,PIT,2024,16,outdoors,35.0,15.0,grass,1
field_goal,made,44.0,00-0034794,J.Sanders,MIA,SF,2024,16,outdoors,73.0,12.0,grass,1
field_goal,made,38.0,00-0034794,J.Sanders,MIA,SF,2024,16,outdoors,73.0,12.0,grass,1
field_goal,made,21.0,00-0038562,J.Moody,SF,MIA,2024,16,outdoors,73.0,12.0,grass,1
field_goal,made,54.0,00-0034794,J.Sanders,MIA,SF,2024,16,outdoors,73.0,12.0,grass,1
field_goal,missed,41.0,00-0038562,J.Moody,SF,MIA,2024,16,outdoors,73.0,12.0,grass,0
field_goal,made,33.0,00-0034794,J.Sanders,MIA,SF,2024,16,outdoors,73.0,12.0,grass,1
field_goal,made,48.0,00-0034794,J.Sanders,MIA,SF,2024,16,outdoors,73.0,12.0,grass,1
field_goal,made,58.0,00-0037692,B.Aubrey,DAL,TB,2024,16,closed,,,matrixturf,1
field_goal,made,49.0,00-0037692,B.Aubrey,DAL,TB,2024,16,closed,,,matrixturf,1
field_goal,made,58.0,00-0037692,B.Aubrey,DAL,TB,2024,16,closed,,,matrixturf,1
field_goal,made,53.0,00-0037692,B.Aubrey,DAL,TB,2024,16,closed,,,matrixturf,1
field_goal,made,45.0,00-0035358,C.McLaughlin,TB,DAL,2024,16,closed,,,matrixturf,1
field_goal,missed,53.0,00-0039649,B.Narveson,TEN,IND,2024,16,closed,,,fieldturf,0
field_goal,made,31.0,00-0035269,M.Gay,IND,TEN,2024,16,closed,,,fieldturf,1
field_goal,missed,55.0,00-0035269,M.Gay,IND,TEN,2024,16,closed,,,fieldturf,0
field_goal,made,53.0,00-0039750,J.Karty,LA,ARI,2024,17,dome,,,matrixturf,1
field_goal,made,28.0,00-0038567,C.Ryland,ARI,LA,2024,17,dome,,,matrixturf,1
field_goal,made,25.0,00-0039750,J.Karty,LA,ARI,2024,17,dome,,,matrixturf,1
field_goal,made,39.0,00-0036816,R.Patterson,ATL,WAS,2024,17,outdoors,58.0,10.0,grass,1
field_goal,made,31.0,00-0033862,Z.Gonzalez,WAS,ATL,2024,17,outdoors,58.0,10.0,grass,1
field_goal,missed,56.0,00-0036816,R.Patterson,ATL,WAS,2024,17,outdoors,58.0,10.0,grass,0
field_goal,made,52.0,00-0029597,J.Tucker,BAL,HOU,2024,17,closed,,,astroturf,1
field_goal,made,23.0,00-0035358,C.McLaughlin,TB,CAR,2024,17,outdoors,76.0,8.0,grass,1
field_goal,made,34.0,00-0035358,C.McLaughlin,TB,CAR,2024,17,outdoors,76.0,8.0,grass,1
field_goal,missed,53.0,00-0034173,E.Pineiro,CAR,TB,2024,17,outdoors,76.0,8.0,grass,0
field_goal,made,31.0,00-0033787,J.Elliott,PHI,DAL,2024,17,outdoors,62.0,10.0,grass,1
field_goal,made,26.0,00-0033787,J.Elliott,PHI,DAL,2024,17,outdoors,62.0,10.0,grass,1
field_goal,missed,61.0,00-0037692,B.Aubrey,DAL,PHI,2024,17,outdoors,62.0,10.0,grass,0
field_goal,made,30.0,00-0032569,W.Lutz,DEN,CIN,2024,17,outdoors,60.0,8.0,fieldturf,1
field_goal,made,22.0,00-0038097,C.York,CIN,DEN,2024,17,outdoors,60.0,8.0,fieldturf,1
field_goal,missed,33.0,00-0038097,C.York,CIN,DEN,2024,17,outdoors,60.0,8.0,fieldturf,0
field_goal,missed,51.0,00-0038562,J.Moody,SF,DET,2024,17,outdoors,,,grass,0
field_goal,made,57.0,00-0039172,J.Bates,DET,SF,2024,17,outdoors,,,grass,1
field_goal,missed,58.0,00-0038562,J.Moody,SF,DET,2024,17,outdoors,,,grass,0
field_goal,made,42.0,00-0039172,J.Bates,DET,SF,2024,17,outdoors,,,grass,1
field_goal,missed,57.0,00-0039404,W.Reichard,MIN,GB,2024,17,dome,,,sportturf,0
field_goal,made,22.0,00-0029822,B.McManus,GB,MIN,2024,17,dome,,,sportturf,1
field_goal,made,25.0,00-0039404,W.Reichard,MIN,GB,2024,17,dome,,,sportturf,1
field_goal,made,50.0,00-0039404,W.Reichard,MIN,GB,2024,17,dome,,,sportturf,1
field_goal,missed,43.0,00-0039404,W.Reichard,MIN,GB,2024,17,dome,,,sportturf,0
field_goal,made,32.0,00-0035269,M.Gay,IND,NYG,2024,17,outdoors,54.0,0.0,fieldturf,1
field_goal,missed,54.0,00-0035269,M.Gay,IND,NYG,2024,17,outdoors,54.0,0.0,fieldturf,0
field_goal,made,29.0,00-0035269,M.Gay,IND,NYG,2024,17,outdoors,54.0,0.0,fieldturf,1
field_goal,made,30.0,00-0026858,G.Gano,NYG,IND,2024,17,outdoors,54.0,0.0,fieldturf,1
field_goal,made,32.0,00-0033303,H.Butker,KC,PIT,2024,17,outdoors,39.0,2.0,grass,1
field_goal,made,36.0,00-0031136,C.Boswell,PIT,KC,2024,17,outdoors,39.0,2.0,grass,1
field_goal,made,27.0,00-0037224,C.Dicker,LAC,NE,2024,17,outdoors,40.0,4.0,fieldturf,1
field_goal,made,38.0,00-0037224,C.Dicker,LAC,NE,2024,17,outdoors,40.0,4.0,fieldturf,1
field_goal,made,41.0,00-0037224,C.Dicker,LAC,NE,2024,17,outdoors,40.0,4.0,fieldturf,1
field_goal,made,35.0,00-0037224,C.Dicker,LAC,NE,2024,17,outdoors,40.0,4.0,fieldturf,1
field_goal,made,31.0,00-0034161,D.Carlson,LV,NO,2024,17,dome,,,sportturf,1
field_goal,made,39.0,00-0034161,D.Carlson,LV,NO,2024,17,dome,,,sportturf,1
field_goal,made,34.0,00-0038905,B.Grupe,NO,LV,2024,17,dome,,,sportturf,1
field_goal,made,54.0,00-0034161,D.Carlson,LV,NO,2024,17,dome,,,sportturf,1
field_goal,made,25.0,00-0034161,D.Carlson,LV,NO,2024,17,dome,,,sportturf,1
field_goal,made,54.0,00-0034794,J.Sanders,MIA,CLE,2024,17,outdoors,54.0,15.0,grass,1
field_goal,made,25.0,00-0030098,D.Hopkins,CLE,MIA,2024,17,outdoors,54.0,15.0,grass,1
field_goal,made,39.0,00-0034794,J.Sanders,MIA,CLE,2024,17,outdoors,54.0,15.0,grass,1
field_goal,made,39.0,00-0036162,T.Bass,BUF,NYJ,2024,17,outdoors,54.0,15.0,a_turf,1
field_goal,made,27.0,00-0031492,J.Myers,SEA,CHI,2024,17,outdoors,47.0,5.0,grass,1
field_goal,made,42.0,00-0031203,C.Santos,CHI,SEA,2024,17,outdoors,47.0,5.0,grass,1
field_goal,made,50.0,00-0031492,J.Myers,SEA,CHI,2024,17,outdoors,47.0,5.0,grass,1
field_goal,made,48.0,00-0039409,C.Little,JAX,TEN,2024,17,outdoors,72.0,16.0,grass,1
field_goal,made,44.0,00-0039409,C.Little,JAX,TEN,2024,17,outdoors,72.0,16.0,grass,1
field_goal,made,39.0,00-0035189,M.Wright,TEN,JAX,2024,17,outdoors,72.0,16.0,grass,1
field_goal,made,28.0,00-0035189,M.Wright,TEN,JAX,2024,17,outdoors,72.0,16.0,grass,1
field_goal,made,49.0,00-0036162,T.Bass,BUF,NE,2024,18,outdoors,33.0,14.0,fieldturf,1
field_goal,made,41.0,00-0035192,J.Slye,NE,BUF,2024,18,outdoors,33.0,14.0,fieldturf,1
field_goal,made,42.0,00-0035192,J.Slye,NE,BUF,2024,18,outdoors,33.0,14.0,fieldturf,1
field_goal,made,50.0,00-0035192,J.Slye,NE,BUF,2024,18,outdoors,33.0,14.0,fieldturf,1
field_goal,made,31.0,00-0036816,R.Patterson,ATL,CAR,2024,18,closed,,,fieldturf,1
field_goal,made,35.0,00-0034173,E.Pineiro,CAR,ATL,2024,18,closed,,,fieldturf,1
field_goal,missed,52.0,00-0036816,R.Patterson,ATL,CAR,2024,18,closed,,,fieldturf,0
field_goal,made,37.0,00-0029822,B.McManus,GB,CHI,2024,18,outdoors,16.0,13.0,grass,1
field_goal,made,30.0,00-0029822,B.McManus,GB,CHI,2024,18,outdoors,16.0,13.0,grass,1
field_goal,made,55.0,00-0029822,B.McManus,GB,CHI,2024,18,outdoors,16.0,13.0,grass,1
field_goal,made,51.0,00-0031203,C.Santos,CHI,GB,2024,18,outdoors,16.0,13.0,grass,1
field_goal,made,48.0,00-0038097,C.York,CIN,PIT,2024,18,outdoors,19.0,10.0,grass,1
field_goal,made,27.0,00-0038097,C.York,CIN,PIT,2024,18,outdoors,19.0,10.0,grass,1
field_goal,made,35.0,00-0038097,C.York,CIN,PIT,2024,18,outdoors,19.0,10.0,grass,1
field_goal,made,23.0,00-0038097,C.York,CIN,PIT,2024,18,outdoors,19.0,10.0,grass,1
field_goal,made,54.0,00-0031136,C.Boswell,PIT,CIN,2024,18,outdoors,19.0,10.0,grass,1
field_goal,made,23.0,00-0030098,D.Hopkins,CLE,BAL,2024,18,outdoors,31.0,16.0,grass,1
field_goal,made,35.0,00-0035189,M.Wright,TEN,HOU,2024,18,outdoors,35.0,10.0,grass,1
field_goal,made,27.0,00-0032726,K.Fairbairn,HOU,TEN,2024,18,outdoors,35.0,10.0,grass,1
field_goal,made,38.0,00-0035189,M.Wright,TEN,HOU,2024,18,outdoors,35.0,10.0,grass,1
field_goal,made,53.0,00-0039409,C.Little,JAX,IND,2024,18,closed,,,fieldturf,1
field_goal,made,49.0,00-0035269,M.Gay,IND,JAX,2024,18,closed,,,fieldturf,1
field_goal,made,28.0,00-0039409,C.Little,JAX,IND,2024,18,closed,,,fieldturf,1
field_goal,made,36.0,00-0035269,M.Gay,IND,JAX,2024,18,closed,,,fieldturf,1
field_goal,missed,51.0,00-0035269,M.Gay,IND,JAX,2024,18,closed,,,fieldturf,0
field_goal,made,45.0,00-0035269,M.Gay,IND,JAX,2024,18,closed,,,fieldturf,1
field_goal,made,53.0,00-0039409,C.Little,JAX,IND,2024,18,closed,,,fieldturf,1
field_goal,made,38.0,00-0035269,M.Gay,IND,JAX,2024,18,closed,,,fieldturf,1
field_goal,missed,51.0,00-0033303,H.Butker,KC,DEN,2024,18,outdoors,28.0,5.0,grass,0
field_goal,made,33.0,00-0032569,W.Lutz,DEN,KC,2024,18,outdoors,28.0,5.0,grass,1
field_goal,missed,51.0,00-0037224,C.Dicker,LAC,LV,2024,18,dome,,,grass,0
field_goal,made,40.0,00-0034161,D.Carlson,LV,LAC,2024,18,dome,,,grass,1
field_goal,made,33.0,00-0037224,C.Dicker,LAC,LV,2024,18,dome,,,grass,1
field_goal,made,32.0,00-0037224,C.Dicker,LAC,LV,2024,18,dome,,,grass,1
field_goal,made,49.0,00-0037224,C.Dicker,LAC,LV,2024,18,dome,,,grass,1
field_goal,made,20.0,00-0037224,C.Dicker,LAC,LV,2024,18,dome,,,grass,1
field_goal,made,47.0,00-0034161,D.Carlson,LV,LAC,2024,18,dome,,,grass,1
field_goal,made,26.0,00-0034794,J.Sanders,MIA,NYJ,2024,18,outdoors,34.0,10.0,fieldturf,1
field_goal,made,28.0,00-0034794,J.Sanders,MIA,NYJ,2024,18,outdoors,34.0,10.0,fieldturf,1
field_goal,made,20.0,00-0034450,G.Joseph,NYJ,MIA,2024,18,outdoors,34.0,10.0,fieldturf,1
field_goal,made,25.0,00-0039404,W.Reichard,MIN,DET,2024,18,dome,,,fieldturf,1
field_goal,made,31.0,00-0039404,W.Reichard,MIN,DET,2024,18,dome,,,fieldturf,1
field_goal,made,48.0,00-0039172,J.Bates,DET,MIN,2024,18,dome,,,fieldturf,1
field_goal,made,51.0,00-0039404,W.Reichard,MIN,DET,2024,18,dome,,,fieldturf,1
field_goal,missed,51.0,00-0039404,W.Reichard,MIN,DET,2024,18,dome,,,fieldturf,0
field_goal,made,35.0,00-0038905,B.Grupe,NO,TB,2024,18,outdoors,68.0,6.0,grass,1
field_goal,made,52.0,00-0035358,C.McLaughlin,TB,NO,2024,18,outdoors,68.0,6.0,grass,1
field_goal,made,39.0,00-0038905,B.Grupe,NO,TB,2024,18,outdoors,68.0,6.0,grass,1
field_goal,made,25.0,00-0035358,C.McLaughlin,TB,NO,2024,18,outdoors,68.0,6.0,grass,1
field_goal,made,39.0,00-0038905,B.Grupe,NO,TB,2024,18,outdoors,68.0,6.0,grass,1
field_goal,made,49.0,00-0038905,B.Grupe,NO,TB,2024,18,outdoors,68.0,6.0,grass,1
field_goal,missed,39.0,00-0033787,J.Elliott,PHI,NYG,2024,18,outdoors,31.0,19.0,grass,0
field_goal,made,24.0,00-0033787,J.Elliott,PHI,NYG,2024,18,outdoors,31.0,19.0,grass,1
field_goal,made,25.0,00-0026858,G.Gano,NYG,PHI,2024,18,outdoors,31.0,19.0,grass,1
field_goal,made,53.0,00-0026858,G.Gano,NYG,PHI,2024,18,outdoors,31.0,19.0,grass,1
field_goal,made,32.0,00-0033787,J.Elliott,PHI,NYG,2024,18,outdoors,31.0,19.0,grass,1
field_goal,made,37.0,00-0039750,J.Karty,LA,SEA,2024,18,dome,,,matrixturf,1
field_goal,made,56.0,00-0031492,J.Myers,SEA,LA,2024,18,dome,,,matrixturf,1
field_goal,made,58.0,00-0039750,J.Karty,LA,SEA,2024,18,dome,,,matrixturf,1
field_goal,made,57.0,00-0039750,J.Karty,LA,SEA,2024,18,dome,,,matrixturf,1
field_goal,made,38.0,00-0039750,J.Karty,LA,SEA,2024,18,dome,,,matrixturf,1
field_goal,made,51.0,00-0038562,J.Moody,SF,ARI,2024,18,closed,,,grass,1
field_goal,missed,47.0,00-0038562,J.Moody,SF,ARI,2024,18,closed,,,grass,0
field_goal,made,51.0,00-0038567,C.Ryland,ARI,SF,2024,18,closed,,,grass,1
field_goal,made,49.0,00-0038567,C.Ryland,ARI,SF,2024,18,closed,,,grass,1
field_goal,made,34.0,00-0037692,B.Aubrey,DAL,WAS,2024,18,closed,,,matrixturf,1
field_goal,made,41.0,00-0037692,B.Aubrey,DAL,WAS,2024,18,closed,,,matrixturf,1
field_goal,made,47.0,00-0033862,Z.Gonzalez,WAS,DAL,2024,18,closed,,,matrixturf,1
field_goal,made,36.0,00-0037692,B.Aubrey,DAL,WAS,2024,18,closed,,,matrixturf,1
field_goal,made,22.0,00-0037692,B.Aubrey,DAL,WAS,2024,18,closed,,,matrixturf,1
field_goal,made,26.0,00-0036162,T.Bass,BUF,DEN,2024,19,outdoors,32.0,10.0,a_turf,1
field_goal,missed,50.0,00-0032569,W.Lutz,DEN,BUF,2024,19,outdoors,32.0,10.0,a_turf,0
field_goal,made,27.0,00-0036162,T.Bass,BUF,DEN,2024,19,outdoors,32.0,10.0,a_turf,1
field_goal,made,34.0,00-0036162,T.Bass,BUF,DEN,2024,19,outdoors,32.0,10.0,a_turf,1
field_goal,made,31.0,00-0033787,J.Elliott,PHI,GB,2024,19,outdoors,40.0,6.0,grass,1
field_goal,missed,38.0,00-0029822,B.McManus,GB,PHI,2024,19,outdoors,40.0,6.0,grass,0
field_goal,made,26.0,00-0029822,B.McManus,GB,PHI,2024,19,outdoors,40.0,6.0,grass,1
field_goal,made,30.0,00-0033787,J.Elliott,PHI,GB,2024,19,outdoors,40.0,6.0,grass,1
field_goal,made,32.0,00-0033787,J.Elliott,PHI,GB,2024,19,outdoors,40.0,6.0,grass,1
field_goal,made,35.0,00-0037224,C.Dicker,LAC,HOU,2024,19,closed,,,astroturf,1
field_goal,made,39.0,00-0037224,C.Dicker,LAC,HOU,2024,19,closed,,,astroturf,1
field_goal,made,41.0,00-0032726,K.Fairbairn,HOU,LAC,2024,19,closed,,,astroturf,1
field_goal,made,37.0,00-0032726,K.Fairbairn,HOU,LAC,2024,19,closed,,,astroturf,1
field_goal,made,30.0,00-0032726,K.Fairbairn,HOU,LAC,2024,19,closed,,,astroturf,1
field_goal,made,34.0,00-0039750,J.Karty,LA,MIN,2024,19,closed,,,grass,1
field_goal,made,34.0,00-0039404,W.Reichard,MIN,LA,2024,19,closed,,,grass,1
field_goal,made,44.0,00-0039750,J.Karty,LA,MIN,2024,19,closed,,,grass,1
field_goal,made,50.0,00-0035358,C.McLaughlin,TB,WAS,2024,19,outdoors,58.0,2.0,grass,1
field_goal,made,52.0,00-0033862,Z.Gonzalez,WAS,TB,2024,19,outdoors,58.0,2.0,grass,1
field_goal,made,22.0,00-0033862,Z.Gonzalez,WAS,TB,2024,19,outdoors,58.0,2.0,grass,1
field_goal,made,32.0,00-0035358,C.McLaughlin,TB,WAS,2024,19,outdoors,58.0,2.0,grass,1
field_goal,made,37.0,00-0033862,Z.Gonzalez,WAS,TB,2024,19,outdoors,58.0,2.0,grass,1
field_goal,made,26.0,00-0029597,J.Tucker,BAL,BUF,2024,20,outdoors,19.0,4.0,a_turf,1
field_goal,made,47.0,00-0029597,J.Tucker,BAL,BUF,2024,20,outdoors,19.0,4.0,a_turf,1
field_goal,made,51.0,00-0036162,T.Bass,BUF,BAL,2024,20,outdoors,19.0,4.0,a_turf,1
field_goal,made,21.0,00-0036162,T.Bass,BUF,BAL,2024,20,outdoors,19.0,4.0,a_turf,1
field_goal,made,32.0,00-0033303,H.Butker,KC,HOU,2024,20,outdoors,23.0,17.0,grass,1
field_goal,made,30.0,00-0032726,K.Fairbairn,HOU,KC,2024,20,outdoors,23.0,17.0,grass,1
field_goal,made,36.0,00-0033303,H.Butker,KC,HOU,2024,20,outdoors,23.0,17.0,grass,1
field_goal,missed,55.0,00-0032726,K.Fairbairn,HOU,KC,2024,20,outdoors,23.0,17.0,grass,0
field_goal,made,48.0,00-0032726,K.Fairbairn,HOU,KC,2024,20,outdoors,23.0,17.0,grass,1
field_goal,made,27.0,00-0033303,H.Butker,KC,HOU,2024,20,outdoors,23.0,17.0,grass,1
field_goal,blocked,35.0,00-0032726,K.Fairbairn,HOU,KC,2024,20,outdoors,23.0,17.0,grass,0
field_goal,made,30.0,00-0039750,J.Karty,LA,PHI,2024,20,outdoors,34.0,8.0,grass,1
field_goal,made,34.0,00-0039750,J.Karty,LA,PHI,2024,20,outdoors,34.0,8.0,grass,1
field_goal,made,44.0,00-0033787,J.Elliott,PHI,LA,2024,20,outdoors,34.0,8.0,grass,1
field_goal,made,23.0,00-0033787,J.Elliott,PHI,LA,2024,20,outdoors,34.0,8.0,grass,1
field_goal,made,37.0,00-0033787,J.Elliott,PHI,LA,2024,20,outdoors,34.0,8.0,grass,1
field_goal,made,47.0,00-0033862,Z.Gonzalez,WAS,DET,2024,20,dome,,,fieldturf,1
field_goal,made,28.0,00-0039172,J.Bates,DET,WAS,2024,20,dome,,,fieldturf,1
field_goal,missed,44.0,00-0033862,Z.Gonzalez,WAS,DET,2024,20,dome,,,fieldturf,0
field_goal,made,53.0,00-0036162,T.Bass,BUF,KC,2024,21,outdoors,31.0,8.0,grass,1
field_goal,made,35.0,00-0033303,H.Butker,KC,BUF,2024,21,outdoors,31.0,8.0,grass,1
field_goal,made,34.0,00-0033862,Z.Gonzalez,WAS,PHI,2024,21,outdoors,40.0,11.0,grass,1
field_goal,made,46.0,00-0033862,Z.Gonzalez,WAS,PHI,2024,21,outdoors,40.0,11.0,grass,1
field_goal,missed,54.0,00-0033787,J.Elliott,PHI,WAS,2024,21,outdoors,40.0,11.0,grass,0
field_goal,made,42.0,00-0033862,Z.Gonzalez,WAS,PHI,2024,21,outdoors,40.0,11.0,grass,1
field_goal,made,48.0,00-0033787,J.Elliott,PHI,KC,2024,22,dome,,,sportturf,1
field_goal,made,29.0,00-0033787,J.Elliott,PHI,KC,2024,22,dome,,,sportturf,1
field_goal,made,48.0,00-0033787,J.Elliott,PHI,KC,2024,22,dome,,,sportturf,1
field_goal,made,50.0,00-0033787,J.Elliott,PHI,KC,2024,22,dome,,,sportturf,1
