season,week,recent_team,player_id,player_display_name,attempts_fg_0_39,attempts_fg_40_49,attempts_fg_50_plus,made_fg_0_39,made_fg_40_49,made_fg_50_plus,pat_attempts,pat_made,fantasy_points_ppr,position,opponent_team
2021,1,ARI,00-0023853,M.Prater,1.0,1.0,0.0,1.0,0.0,0.0,5.0,5.0,8.0,K,TEN
2021,1,ATL,00-0033702,Y.Koo,2.0,0.0,0.0,2.0,0.0,0.0,0.0,0.0,6.0,K,PHI
2021,1,BAL,00-0029597,J.Tucker,0.0,2.0,0.0,0.0,2.0,0.0,3.0,3.0,11.0,K,LV
2021,1,BUF,00-0036162,T.Bass,2.0,1.0,0.0,2.0,1.0,0.0,1.0,1.0,11.0,K,PIT
2021,1,CAR,00-0034648,R.Santoso,2.0,0.0,0.0,2.0,0.0,0.0,2.0,1.0,7.0,K,NYJ
2021,1,CHI,00-0031203,C.Santos,0.0,0.0,0.0,0.0,0.0,0.0,2.0,2.0,2.0,K,LA
2021,1,CIN,00-0036854,E.McPherson,1.0,0.0,1.0,1.0,0.0,1.0,3.0,3.0,11.0,K,MIN
2021,1,CLE,00-0035358,C.McLaughlin,0.0,0.0,0.0,0.0,0.0,0.0,3.0,3.0,3.0,K,KC
2021,1,DAL,00-0029621,G.Zuerlein,3.0,1.0,1.0,2.0,1.0,0.0,3.0,2.0,12.0,K,TB
2021,1,DEN,00-0029822,B.McManus,2.0,0.0,0.0,2.0,0.0,0.0,3.0,3.0,9.0,K,NYG
2021,1,DET,00-0035145,A.Seibert,0.0,1.0,1.0,0.0,1.0,0.0,2.0,2.0,6.0,K,SF
2021,1,GB,00-0025580,M.Crosby,1.0,0.0,0.0,1.0,0.0,0.0,0.0,0.0,3.0,K,NO
2021,1,HOU,00-0035192,J.Slye,2.0,1.0,0.0,2.0,1.0,0.0,4.0,4.0,14.0,K,JAX
2021,1,IND,00-0035849,R.Blankenship,1.0,0.0,0.0,1.0,0.0,0.0,1.0,1.0,4.0,K,SEA
2021,1,JAX,00-0032087,J.Lambo,0.0,0.0,1.0,0.0,0.0,0.0,3.0,3.0,3.0,K,HOU
2021,1,KC,00-0033303,H.Butker,1.0,1.0,0.0,1.0,1.0,0.0,3.0,3.0,10.0,K,CLE
2021,1,LA,00-0035269,M.Gay,1.0,0.0,1.0,1.0,0.0,1.0,4.0,4.0,12.0,K,CHI
2021,1,LAC,00-0034909,T.Vizcaino,2.0,0.0,0.0,2.0,0.0,0.0,2.0,2.0,8.0,K,WAS
2021,1,LV,00-0034161,D.Carlson,1.0,0.0,1.0,1.0,0.0,1.0,3.0,3.0,11.0,K,BAL
2021,1,MIA,00-0034794,J.Sanders,0.0,1.0,0.0,0.0,1.0,0.0,2.0,2.0,6.0,K,NE
2021,1,MIN,00-0034450,G.Joseph,0.0,0.0,1.0,0.0,0.0,1.0,3.0,3.0,8.0,K,CIN
2021,1,NE,00-0025565,N.Folk,2.0,1.0,0.0,2.0,1.0,0.0,1.0,1.0,11.0,K,MIA
2021,1,NO,00-0032870,A.Rosas,0.0,1.0,0.0,0.0,1.0,0.0,5.0,5.0,9.0,K,GB
2021,1,NYG,00-0026858,G.Gano,0.0,0.0,0.0,0.0,0.0,0.0,1.0,1.0,1.0,K,DEN
2021,1,PHI,00-0033787,J.Elliott,0.0,1.0,0.0,0.0,1.0,0.0,3.0,3.0,7.0,K,ATL
2021,1,PIT,00-0031136,C.Boswell,2.0,1.0,0.0,2.0,1.0,0.0,2.0,2.0,12.0,K,BUF
2021,1,SEA,00-0031492,J.Myers,0.0,0.0,0.0,0.0,0.0,0.0,4.0,4.0,4.0,K,IND
2021,1,SF,00-0023252,R.Gould,0.0,1.0,2.0,0.0,1.0,1.0,5.0,5.0,14.0,K,DET
2021,1,TB,00-0026968,R.Succop,1.0,0.0,0.0,1.0,0.0,0.0,4.0,4.0,7.0,K,DAL
2021,1,TEN,00-0034084,M.Badgley,0.0,1.0,0.0,0.0,0.0,0.0,2.0,1.0,1.0,K,ARI
2021,1,WAS,00-0030098,D.Hopkins,1.0,2.0,1.0,1.0,2.0,0.0,1.0,1.0,12.0,K,LAC
2021,2,ARI,00-0023853,M.Prater,1.0,0.0,1.0,1.0,0.0,1.0,4.0,4.0,12.0,K,MIN
2021,2,ATL,00-0033702,Y.Koo,1.0,0.0,0.0,1.0,0.0,0.0,2.0,2.0,5.0,K,TB
2021,2,BAL,00-0029597,J.Tucker,0.0,1.0,0.0,0.0,1.0,0.0,3.0,3.0,7.0,K,KC
2021,2,BUF,00-0036162,T.Bass,0.0,0.0,1.0,0.0,0.0,0.0,5.0,5.0,5.0,K,MIA
2021,2,CAR,00-0033862,Z.Gonzalez,1.0,1.0,1.0,1.0,1.0,0.0,3.0,2.0,9.0,K,NO
2021,2,CHI,00-0031203,C.Santos,2.0,0.0,0.0,2.0,0.0,0.0,2.0,2.0,8.0,K,CIN
2021,2,CIN,00-0036854,E.McPherson,0.0,0.0,1.0,0.0,0.0,1.0,2.0,2.0,7.0,K,CHI
2021,2,CLE,00-0035358,C.McLaughlin,1.0,0.0,0.0,1.0,0.0,0.0,4.0,4.0,7.0,K,HOU
2021,2,DAL,00-0029621,G.Zuerlein,1.0,0.0,1.0,1.0,0.0,1.0,2.0,2.0,10.0,K,LAC
2021,2,DEN,00-0029822,B.McManus,1.0,2.0,0.0,1.0,2.0,0.0,2.0,2.0,13.0,K,JAX
2021,2,DET,00-0035145,A.Seibert,0.0,1.0,0.0,0.0,1.0,0.0,2.0,2.0,6.0,K,GB
2021,2,GB,00-0025580,M.Crosby,0.0,0.0,0.0,0.0,0.0,0.0,5.0,5.0,5.0,K,DET
2021,2,HOU,00-0035192,J.Slye,0.0,1.0,0.0,0.0,0.0,0.0,3.0,3.0,3.0,K,CLE
2021,2,IND,00-0035849,R.Blankenship,1.0,2.0,0.0,1.0,2.0,0.0,1.0,1.0,12.0,K,LA
2021,2,JAX,00-0032087,J.Lambo,0.0,1.0,1.0,0.0,0.0,0.0,1.0,1.0,1.0,K,DEN
2021,2,KC,00-0033303,H.Butker,0.0,0.0,0.0,0.0,0.0,0.0,5.0,5.0,5.0,K,BAL
2021,2,LA,00-0035269,M.Gay,2.0,0.0,0.0,2.0,0.0,0.0,3.0,3.0,9.0,K,IND
2021,2,LAC,00-0034909,T.Vizcaino,2.0,2.0,0.0,2.0,1.0,0.0,0.0,0.0,10.0,K,DAL
2021,2,LV,00-0034161,D.Carlson,1.0,3.0,0.0,1.0,3.0,0.0,2.0,2.0,17.0,K,PIT
2021,2,MIN,00-0034450,G.Joseph,1.0,0.0,2.0,0.0,0.0,2.0,4.0,3.0,13.0,K,ARI
2021,2,NE,00-0025565,N.Folk,2.0,2.0,0.0,2.0,2.0,0.0,2.0,1.0,15.0,K,NYJ
2021,2,NO,00-0032870,A.Rosas,0.0,0.0,0.0,0.0,0.0,0.0,1.0,1.0,1.0,K,CAR
2021,2,NYG,00-0026858,G.Gano,2.0,1.0,2.0,2.0,1.0,2.0,2.0,2.0,22.0,K,WAS
2021,2,NYJ,00-0036469,M.Ammendola,2.0,0.0,1.0,2.0,0.0,0.0,0.0,0.0,6.0,K,NE
2021,2,PHI,00-0033787,J.Elliott,0.0,2.0,0.0,0.0,1.0,0.0,0.0,0.0,4.0,K,SF
2021,2,PIT,00-0031136,C.Boswell,0.0,0.0,1.0,0.0,0.0,1.0,2.0,2.0,7.0,K,LV
2021,2,SEA,00-0031492,J.Myers,1.0,0.0,0.0,1.0,0.0,0.0,4.0,3.0,6.0,K,TEN
2021,2,SF,00-0023252,R.Gould,0.0,1.0,0.0,0.0,1.0,0.0,2.0,2.0,6.0,K,PHI
2021,2,TB,00-0026968,R.Succop,0.0,0.0,0.0,0.0,0.0,0.0,7.0,6.0,6.0,K,ATL
2021,2,TEN,00-0029421,R.Bullock,4.0,1.0,0.0,4.0,0.0,0.0,3.0,3.0,15.0,K,SEA
2021,2,WAS,00-0030098,D.Hopkins,1.0,2.0,0.0,1.0,2.0,0.0,3.0,3.0,14.0,K,NYG
2021,3,ARI,00-0023853,M.Prater,1.0,0.0,1.0,1.0,0.0,0.0,4.0,4.0,7.0,K,JAX
2021,3,ATL,00-0033702,Y.Koo,0.0,1.0,0.0,0.0,1.0,0.0,2.0,2.0,6.0,K,NYG
2021,3,BAL,00-0029597,J.Tucker,2.0,1.0,2.0,2.0,0.0,2.0,1.0,1.0,17.0,K,DET
2021,3,BUF,00-0036162,T.Bass,2.0,1.0,0.0,2.0,1.0,0.0,4.0,4.0,14.0,K,WAS
2021,3,CAR,00-0033862,Z.Gonzalez,1.0,0.0,0.0,1.0,0.0,0.0,3.0,3.0,6.0,K,HOU
2021,3,CHI,00-0031203,C.Santos,1.0,1.0,0.0,1.0,1.0,0.0,0.0,0.0,7.0,K,CLE
2021,3,CIN,00-0036854,E.McPherson,0.0,1.0,0.0,0.0,1.0,0.0,3.0,3.0,7.0,K,PIT
2021,3,CLE,00-0035358,C.McLaughlin,1.0,1.0,2.0,1.0,1.0,2.0,2.0,2.0,19.0,K,CHI
2021,3,DAL,00-0029621,G.Zuerlein,0.0,0.0,0.0,0.0,0.0,0.0,6.0,5.0,5.0,K,PHI
2021,3,DEN,00-0029822,B.McManus,2.0,2.0,0.0,2.0,2.0,0.0,2.0,2.0,16.0,K,NYJ
2021,3,DET,00-0034648,R.Santoso,1.0,0.0,0.0,1.0,0.0,0.0,2.0,2.0,5.0,K,BAL
2021,3,GB,00-0025580,M.Crosby,1.0,0.0,2.0,1.0,0.0,2.0,3.0,3.0,16.0,K,SF
2021,3,HOU,00-0035192,J.Slye,0.0,0.0,1.0,0.0,0.0,1.0,1.0,0.0,5.0,K,CAR
2021,3,IND,00-0035849,R.Blankenship,2.0,1.0,1.0,2.0,1.0,0.0,1.0,1.0,11.0,K,TEN
2021,3,JAX,00-0032087,J.Lambo,0.0,0.0,0.0,0.0,0.0,0.0,3.0,1.0,1.0,K,ARI
2021,3,KC,00-0033303,H.Butker,1.0,0.0,0.0,1.0,0.0,0.0,3.0,3.0,6.0,K,LAC
2021,3,LA,00-0035269,M.Gay,1.0,1.0,0.0,1.0,1.0,0.0,4.0,4.0,11.0,K,TB
2021,3,LAC,00-0034909,T.Vizcaino,1.0,0.0,0.0,1.0,0.0,0.0,3.0,1.0,4.0,K,KC
2021,3,LV,00-0034161,D.Carlson,2.0,0.0,1.0,2.0,0.0,1.0,3.0,2.0,13.0,K,MIA
2021,3,MIA,00-0034794,J.Sanders,0.0,2.0,1.0,0.0,1.0,1.0,2.0,2.0,11.0,K,LV
2021,3,MIN,00-0034450,G.Joseph,2.0,1.0,0.0,2.0,1.0,0.0,3.0,3.0,13.0,K,SEA
2021,3,NE,00-0025565,N.Folk,1.0,1.0,0.0,1.0,1.0,0.0,1.0,1.0,8.0,K,NO
2021,3,NO,00-0032870,A.Rosas,1.0,0.0,1.0,0.0,0.0,0.0,4.0,4.0,4.0,K,NE
2021,3,NYG,00-0026858,G.Gano,2.0,0.0,0.0,2.0,0.0,0.0,0.0,0.0,6.0,K,ATL
2021,3,PHI,00-0033787,J.Elliott,0.0,0.0,0.0,0.0,0.0,0.0,3.0,3.0,3.0,K,DAL
2021,3,PIT,00-0031136,C.Boswell,1.0,1.0,0.0,1.0,0.0,0.0,1.0,1.0,4.0,K,CIN
2021,3,SEA,00-0031492,J.Myers,0.0,1.0,1.0,0.0,0.0,1.0,2.0,2.0,7.0,K,MIN
2021,3,SF,00-0023252,R.Gould,0.0,0.0,0.0,0.0,0.0,0.0,4.0,4.0,4.0,K,GB
2021,3,TB,00-0026968,R.Succop,1.0,0.0,1.0,1.0,0.0,0.0,3.0,3.0,6.0,K,LA
2021,3,TEN,00-0029421,R.Bullock,1.0,0.0,0.0,1.0,0.0,0.0,2.0,2.0,5.0,K,IND
2021,3,WAS,00-0030098,D.Hopkins,0.0,0.0,0.0,0.0,0.0,0.0,3.0,3.0,3.0,K,BUF
2021,4,ARI,00-0023853,M.Prater,2.0,0.0,1.0,2.0,0.0,1.0,4.0,4.0,15.0,K,LA
2021,4,ATL,00-0033702,Y.Koo,1.0,0.0,0.0,1.0,0.0,0.0,3.0,3.0,6.0,K,WAS
2021,4,BAL,00-0029597,J.Tucker,1.0,2.0,0.0,1.0,2.0,0.0,2.0,2.0,13.0,K,DEN
2021,4,BUF,00-0036162,T.Bass,4.0,0.0,0.0,4.0,0.0,0.0,4.0,4.0,16.0,K,HOU
2021,4,CAR,00-0033862,Z.Gonzalez,0.0,0.0,1.0,0.0,0.0,0.0,4.0,4.0,4.0,K,DAL
2021,4,CHI,00-0031203,C.Santos,1.0,0.0,0.0,1.0,0.0,0.0,3.0,3.0,6.0,K,DET
2021,4,CIN,00-0036854,E.McPherson,1.0,1.0,0.0,1.0,0.0,0.0,3.0,3.0,6.0,K,JAX
2021,4,CLE,00-0035358,C.McLaughlin,0.0,1.0,1.0,0.0,1.0,1.0,0.0,0.0,9.0,K,MIN
2021,4,DAL,00-0029621,G.Zuerlein,1.0,0.0,0.0,1.0,0.0,0.0,3.0,3.0,6.0,K,CAR
2021,4,DEN,00-0029822,B.McManus,0.0,0.0,0.0,0.0,0.0,0.0,1.0,1.0,1.0,K,BAL
2021,4,DET,00-0034648,R.Santoso,0.0,0.0,0.0,0.0,0.0,0.0,2.0,2.0,2.0,K,CHI
2021,4,GB,00-0025580,M.Crosby,2.0,0.0,0.0,2.0,0.0,0.0,3.0,3.0,9.0,K,PIT
2021,4,IND,00-0035849,R.Blankenship,1.0,1.0,0.0,1.0,1.0,0.0,3.0,3.0,10.0,K,MIA
2021,4,JAX,00-0035189,M.Wright,0.0,0.0,0.0,0.0,0.0,0.0,3.0,3.0,3.0,K,CIN
2021,4,KC,00-0033303,H.Butker,0.0,0.0,0.0,0.0,0.0,0.0,6.0,6.0,6.0,K,PHI
2021,4,LA,00-0035269,M.Gay,1.0,2.0,0.0,1.0,1.0,0.0,2.0,2.0,9.0,K,ARI
2021,4,LAC,00-0034909,T.Vizcaino,0.0,0.0,0.0,0.0,0.0,0.0,4.0,4.0,4.0,K,LV
2021,4,LV,00-0034161,D.Carlson,0.0,0.0,1.0,0.0,0.0,0.0,2.0,2.0,2.0,K,LAC
2021,4,MIA,00-0034794,J.Sanders,1.0,0.0,0.0,1.0,0.0,0.0,2.0,2.0,5.0,K,IND
2021,4,MIN,00-0034450,G.Joseph,0.0,0.0,0.0,0.0,0.0,0.0,1.0,1.0,1.0,K,CLE
2021,4,NE,00-0025565,N.Folk,1.0,0.0,1.0,1.0,0.0,0.0,2.0,2.0,5.0,K,TB
2021,4,NO,00-0032870,A.Rosas,0.0,0.0,1.0,0.0,0.0,0.0,3.0,3.0,3.0,K,NYG
2021,4,NYG,00-0026858,G.Gano,2.0,1.0,0.0,1.0,1.0,0.0,1.0,1.0,8.0,K,NO
2021,4,NYJ,00-0036469,M.Ammendola,2.0,0.0,0.0,2.0,0.0,0.0,3.0,3.0,9.0,K,TEN
2021,4,PHI,00-0033787,J.Elliott,3.0,0.0,0.0,3.0,0.0,0.0,3.0,3.0,12.0,K,KC
2021,4,PIT,00-0031136,C.Boswell,0.0,0.0,1.0,0.0,0.0,1.0,2.0,2.0,7.0,K,GB
2021,4,SEA,00-0031492,J.Myers,0.0,0.0,0.0,0.0,0.0,0.0,4.0,4.0,4.0,K,SF
2021,4,SF,00-0034941,M.Wishnowsky,0.0,1.0,0.0,0.0,0.0,0.0,2.0,1.0,1.0,K,SEA
2021,4,TB,00-0026968,R.Succop,3.0,2.0,0.0,2.0,2.0,0.0,1.0,1.0,15.0,K,NE
2021,4,TEN,00-0029421,R.Bullock,1.0,3.0,0.0,1.0,2.0,0.0,1.0,1.0,12.0,K,NYJ
2021,4,WAS,00-0030098,D.Hopkins,1.0,0.0,0.0,1.0,0.0,0.0,3.0,1.0,4.0,K,ATL
2021,5,ARI,00-0023853,M.Prater,1.0,0.0,1.0,1.0,0.0,0.0,2.0,2.0,5.0,K,SF
2021,5,ATL,00-0033702,Y.Koo,1.0,0.0,1.0,1.0,0.0,1.0,3.0,3.0,11.0,K,NYJ
2021,5,BAL,00-0029597,J.Tucker,1.0,0.0,0.0,1.0,0.0,0.0,0.0,0.0,3.0,K,IND
2021,5,BUF,00-0036162,T.Bass,1.0,0.0,0.0,1.0,0.0,0.0,5.0,5.0,8.0,K,KC
2021,5,CAR,00-0033862,Z.Gonzalez,0.0,2.0,1.0,0.0,2.0,1.0,1.0,1.0,14.0,K,PHI
2021,5,CHI,00-0031203,C.Santos,0.0,2.0,0.0,0.0,2.0,0.0,2.0,2.0,10.0,K,LV
2021,5,CIN,00-0036854,E.McPherson,0.0,1.0,1.0,0.0,0.0,0.0,2.0,2.0,2.0,K,GB
2021,5,CLE,00-0035358,C.McLaughlin,2.0,0.0,0.0,2.0,0.0,0.0,4.0,4.0,10.0,K,LAC
2021,5,DAL,00-0029621,G.Zuerlein,3.0,0.0,0.0,3.0,0.0,0.0,5.0,5.0,14.0,K,NYG
2021,5,DEN,00-0029822,B.McManus,2.0,0.0,0.0,2.0,0.0,0.0,1.0,1.0,7.0,K,PIT
2021,5,DET,00-0035145,A.Seibert,1.0,1.0,1.0,1.0,1.0,1.0,0.0,0.0,12.0,K,MIN
2021,5,GB,00-0025580,M.Crosby,2.0,4.0,1.0,1.0,3.0,0.0,2.0,1.0,16.0,K,CIN
2021,5,HOU,00-0032726,K.Fairbairn,1.0,0.0,1.0,1.0,0.0,0.0,3.0,1.0,4.0,K,NE
2021,5,IND,00-0035849,R.Blankenship,2.0,2.0,0.0,1.0,1.0,0.0,2.0,1.0,8.0,K,BAL
2021,5,JAX,00-0035189,M.Wright,0.0,0.0,1.0,0.0,0.0,0.0,2.0,1.0,1.0,K,TEN
2021,5,KC,00-0033303,H.Butker,1.0,0.0,1.0,1.0,0.0,1.0,2.0,2.0,10.0,K,BUF
2021,5,LA,00-0035269,M.Gay,1.0,1.0,0.0,1.0,1.0,0.0,3.0,2.0,9.0,K,SEA
2021,5,LAC,00-0034909,T.Vizcaino,0.0,0.0,0.0,0.0,0.0,0.0,5.0,3.0,3.0,K,CLE
2021,5,LV,00-0034161,D.Carlson,1.0,0.0,0.0,1.0,0.0,0.0,0.0,0.0,3.0,K,CHI
2021,5,MIA,00-0034794,J.Sanders,1.0,0.0,0.0,1.0,0.0,0.0,2.0,2.0,5.0,K,TB
2021,5,MIN,00-0034450,G.Joseph,2.0,1.0,2.0,2.0,0.0,2.0,1.0,1.0,17.0,K,DET
2021,5,NE,00-0025565,N.Folk,2.0,0.0,2.0,2.0,0.0,2.0,2.0,1.0,17.0,K,HOU
2021,5,NO,00-0030850,C.Parkey,0.0,0.0,0.0,0.0,0.0,0.0,5.0,3.0,3.0,K,WAS
2021,5,NYG,00-0026858,G.Gano,0.0,0.0,3.0,0.0,0.0,2.0,2.0,2.0,12.0,K,DAL
2021,5,NYJ,00-0036469,M.Ammendola,1.0,1.0,0.0,1.0,1.0,0.0,1.0,0.0,7.0,K,ATL
2021,5,PHI,00-0033787,J.Elliott,1.0,0.0,1.0,1.0,0.0,1.0,1.0,1.0,9.0,K,CAR
2021,5,PIT,00-0031136,C.Boswell,0.0,2.0,0.0,0.0,2.0,0.0,3.0,3.0,11.0,K,DEN
2021,5,SEA,00-0031492,J.Myers,2.0,0.0,0.0,1.0,0.0,0.0,2.0,2.0,5.0,K,LA
2021,5,SF,00-0035192,J.Slye,0.0,1.0,0.0,0.0,1.0,0.0,1.0,1.0,5.0,K,ARI
2021,5,TB,00-0026968,R.Succop,0.0,1.0,0.0,0.0,1.0,0.0,6.0,6.0,10.0,K,MIA
2021,5,TB,00-0032065,B.Pinion,0.0,0.0,1.0,0.0,0.0,0.0,0.0,0.0,0.0,K,MIA
2021,5,TEN,00-0029421,R.Bullock,1.0,0.0,0.0,1.0,0.0,0.0,5.0,4.0,7.0,K,JAX
2021,5,WAS,00-0030098,D.Hopkins,2.0,1.0,0.0,2.0,1.0,0.0,1.0,1.0,11.0,K,NO
2021,6,ARI,00-0023853,M.Prater,2.0,0.0,1.0,2.0,0.0,1.0,4.0,4.0,15.0,K,CLE
2021,6,BAL,00-0029597,J.Tucker,1.0,0.0,1.0,1.0,0.0,1.0,4.0,4.0,12.0,K,LAC
2021,6,BUF,00-0036162,T.Bass,2.0,0.0,1.0,2.0,0.0,1.0,2.0,2.0,13.0,K,TEN
2021,6,CAR,00-0033862,Z.Gonzalez,1.0,1.0,0.0,1.0,1.0,0.0,2.0,2.0,9.0,K,MIN
2021,6,CHI,00-0031203,C.Santos,0.0,0.0,0.0,0.0,0.0,0.0,2.0,2.0,2.0,K,GB
2021,6,CIN,00-0036854,E.McPherson,1.0,1.0,0.0,1.0,1.0,0.0,4.0,4.0,11.0,K,DET
2021,6,CLE,00-0035358,C.McLaughlin,0.0,0.0,0.0,0.0,0.0,0.0,2.0,2.0,2.0,K,ARI
2021,6,DAL,00-0029621,G.Zuerlein,1.0,2.0,1.0,1.0,2.0,0.0,2.0,2.0,13.0,K,NE
2021,6,DEN,00-0029822,B.McManus,1.0,0.0,0.0,1.0,0.0,0.0,3.0,3.0,6.0,K,LV
2021,6,DET,00-0035145,A.Seibert,1.0,0.0,0.0,1.0,0.0,0.0,0.0,0.0,3.0,K,CIN
2021,6,GB,00-0025580,M.Crosby,1.0,0.0,0.0,1.0,0.0,0.0,3.0,3.0,6.0,K,CHI
2021,6,HOU,00-0032726,K.Fairbairn,1.0,0.0,0.0,1.0,0.0,0.0,0.0,0.0,3.0,K,IND
2021,6,IND,00-0034084,M.Badgley,0.0,1.0,0.0,0.0,1.0,0.0,4.0,4.0,8.0,K,HOU
2021,6,JAX,00-0035189,M.Wright,0.0,1.0,2.0,0.0,1.0,2.0,2.0,2.0,16.0,K,MIA
2021,6,KC,00-0033303,H.Butker,0.0,0.0,1.0,0.0,0.0,1.0,4.0,4.0,9.0,K,WAS
2021,6,LA,00-0035269,M.Gay,1.0,0.0,0.0,1.0,0.0,0.0,5.0,5.0,8.0,K,NYG
2021,6,LAC,00-0034909,T.Vizcaino,0.0,0.0,0.0,0.0,0.0,0.0,1.0,0.0,0.0,K,BAL
2021,6,LV,00-0034161,D.Carlson,1.0,1.0,1.0,1.0,0.0,1.0,4.0,4.0,12.0,K,DEN
2021,6,MIA,00-0034794,J.Sanders,2.0,0.0,1.0,2.0,0.0,0.0,2.0,2.0,8.0,K,JAX
2021,6,MIN,00-0034450,G.Joseph,3.0,1.0,1.0,3.0,0.0,0.0,1.0,1.0,10.0,K,CAR
2021,6,NE,00-0025565,N.Folk,0.0,0.0,0.0,0.0,0.0,0.0,3.0,3.0,3.0,K,DAL
2021,6,NYG,00-0026858,G.Gano,1.0,0.0,0.0,1.0,0.0,0.0,0.0,0.0,3.0,K,LA
2021,6,PHI,00-0033787,J.Elliott,0.0,1.0,0.0,0.0,0.0,0.0,2.0,2.0,2.0,K,TB
2021,6,PIT,00-0031136,C.Boswell,2.0,0.0,1.0,2.0,0.0,1.0,2.0,2.0,13.0,K,SEA
2021,6,SEA,00-0031492,J.Myers,0.0,2.0,0.0,0.0,2.0,0.0,2.0,2.0,10.0,K,PIT
2021,6,TB,00-0026968,R.Succop,0.0,0.0,0.0,0.0,0.0,0.0,4.0,4.0,4.0,K,PHI
2021,6,TEN,00-0029421,R.Bullock,1.0,1.0,0.0,1.0,1.0,0.0,4.0,4.0,11.0,K,BUF
2021,6,WAS,00-0030098,D.Hopkins,0.0,2.0,1.0,0.0,1.0,1.0,1.0,1.0,10.0,K,KC
2021,7,ARI,00-0023853,M.Prater,1.0,0.0,0.0,1.0,0.0,0.0,4.0,4.0,7.0,K,HOU
2021,7,ATL,00-0033702,Y.Koo,3.0,0.0,0.0,3.0,0.0,0.0,3.0,3.0,12.0,K,MIA
2021,7,BAL,00-0029597,J.Tucker,0.0,1.0,0.0,0.0,1.0,0.0,2.0,2.0,6.0,K,CIN
2021,7,CAR,00-0033862,Z.Gonzalez,0.0,1.0,0.0,0.0,1.0,0.0,0.0,0.0,4.0,K,NYG
2021,7,CHI,00-0031203,C.Santos,1.0,0.0,0.0,1.0,0.0,0.0,0.0,0.0,3.0,K,TB
2021,7,CIN,00-0036854,E.McPherson,1.0,0.0,1.0,1.0,0.0,1.0,5.0,5.0,13.0,K,BAL
2021,7,CLE,00-0035358,C.McLaughlin,0.0,1.0,1.0,0.0,0.0,1.0,2.0,2.0,7.0,K,DEN
2021,7,DEN,00-0029822,B.McManus,0.0,0.0,0.0,0.0,0.0,0.0,2.0,2.0,2.0,K,CLE
2021,7,DET,00-0035145,A.Seibert,2.0,2.0,0.0,2.0,2.0,0.0,1.0,1.0,15.0,K,LA
2021,7,GB,00-0025580,M.Crosby,2.0,0.0,0.0,1.0,0.0,0.0,3.0,3.0,6.0,K,WAS
2021,7,HOU,00-0032726,K.Fairbairn,0.0,0.0,1.0,0.0,0.0,1.0,0.0,0.0,5.0,K,ARI
2021,7,IND,00-0034084,M.Badgley,0.0,1.0,0.0,0.0,1.0,0.0,3.0,3.0,7.0,K,SF
2021,7,KC,00-0033303,H.Butker,0.0,1.0,1.0,0.0,1.0,0.0,0.0,0.0,4.0,K,TEN
2021,7,LA,00-0035269,M.Gay,1.0,1.0,0.0,1.0,1.0,0.0,2.0,2.0,9.0,K,DET
2021,7,LV,00-0034161,D.Carlson,2.0,0.0,0.0,2.0,0.0,0.0,4.0,3.0,9.0,K,PHI
2021,7,MIA,00-0034794,J.Sanders,0.0,1.0,0.0,0.0,0.0,0.0,4.0,4.0,4.0,K,ATL
2021,7,NE,00-0025565,N.Folk,1.0,0.0,1.0,1.0,0.0,1.0,7.0,6.0,14.0,K,NYJ
2021,7,NO,00-0036703,B.Johnson,2.0,0.0,0.0,2.0,0.0,0.0,1.0,1.0,7.0,K,SEA
2021,7,NYG,00-0026858,G.Gano,0.0,2.0,1.0,0.0,2.0,1.0,2.0,2.0,15.0,K,CAR
2021,7,NYJ,00-0036469,M.Ammendola,0.0,1.0,0.0,0.0,0.0,0.0,1.0,1.0,1.0,K,NE
2021,7,PHI,00-0033787,J.Elliott,0.0,0.0,0.0,0.0,0.0,0.0,2.0,2.0,2.0,K,LV
2021,7,SEA,00-0031492,J.Myers,0.0,1.0,2.0,0.0,0.0,1.0,1.0,1.0,6.0,K,NO
2021,7,SF,00-0035192,J.Slye,1.0,0.0,1.0,1.0,0.0,1.0,1.0,0.0,8.0,K,IND
2021,7,TB,00-0026968,R.Succop,1.0,1.0,0.0,1.0,0.0,0.0,5.0,5.0,8.0,K,CHI
2021,7,TEN,00-0029421,R.Bullock,1.0,0.0,1.0,1.0,0.0,1.0,3.0,3.0,11.0,K,KC
2021,7,WAS,00-0034913,C.Blewitt,0.0,2.0,0.0,0.0,1.0,0.0,1.0,1.0,5.0,K,GB
2021,8,ARI,00-0023853,M.Prater,0.0,0.0,0.0,0.0,0.0,0.0,3.0,3.0,3.0,K,GB
2021,8,ATL,00-0033702,Y.Koo,0.0,2.0,1.0,0.0,1.0,1.0,1.0,1.0,10.0,K,CAR
2021,8,BUF,00-0036162,T.Bass,1.0,0.0,1.0,1.0,0.0,1.0,2.0,2.0,10.0,K,MIA
2021,8,CAR,00-0033862,Z.Gonzalez,2.0,0.0,2.0,2.0,0.0,2.0,1.0,1.0,17.0,K,ATL
2021,8,CHI,00-0031203,C.Santos,2.0,1.0,0.0,2.0,1.0,0.0,2.0,1.0,11.0,K,SF
2021,8,CIN,00-0036854,E.McPherson,1.0,0.0,0.0,1.0,0.0,0.0,4.0,4.0,7.0,K,NYJ
2021,8,CLE,00-0035358,C.McLaughlin,1.0,0.0,0.0,1.0,0.0,0.0,1.0,1.0,4.0,K,PIT
2021,8,DAL,00-0029621,G.Zuerlein,2.0,1.0,0.0,2.0,0.0,0.0,2.0,2.0,8.0,K,MIN
2021,8,DEN,00-0029822,B.McManus,0.0,1.0,1.0,0.0,1.0,0.0,2.0,2.0,6.0,K,WAS
2021,8,DET,00-0035145,A.Seibert,0.0,1.0,0.0,0.0,0.0,0.0,0.0,0.0,0.0,K,PHI
2021,8,GB,00-0025580,M.Crosby,1.0,0.0,0.0,1.0,0.0,0.0,3.0,3.0,6.0,K,ARI
2021,8,HOU,00-0032726,K.Fairbairn,0.0,1.0,0.0,0.0,0.0,0.0,2.0,2.0,2.0,K,LA
2021,8,IND,00-0034084,M.Badgley,1.0,0.0,0.0,1.0,0.0,0.0,4.0,4.0,7.0,K,TEN
2021,8,JAX,00-0035189,M.Wright,0.0,0.0,0.0,0.0,0.0,0.0,1.0,1.0,1.0,K,SEA
2021,8,KC,00-0033303,H.Butker,2.0,0.0,0.0,2.0,0.0,0.0,2.0,2.0,8.0,K,NYG
2021,8,LA,00-0035269,M.Gay,1.0,0.0,0.0,1.0,0.0,0.0,5.0,5.0,8.0,K,HOU
2021,8,LAC,00-0030098,D.Hopkins,0.0,1.0,0.0,0.0,1.0,0.0,3.0,3.0,7.0,K,NE
2021,8,MIA,00-0034794,J.Sanders,1.0,0.0,1.0,0.0,0.0,1.0,0.0,0.0,5.0,K,BUF
2021,8,MIN,00-0034450,G.Joseph,1.0,2.0,0.0,1.0,2.0,0.0,1.0,1.0,12.0,K,DAL
2021,8,NE,00-0025565,N.Folk,2.0,2.0,0.0,2.0,2.0,0.0,1.0,1.0,15.0,K,LAC
2021,8,NO,00-0036703,B.Johnson,3.0,0.0,0.0,3.0,0.0,0.0,4.0,3.0,12.0,K,TB
2021,8,NYG,00-0026858,G.Gano,1.0,0.0,0.0,1.0,0.0,0.0,2.0,2.0,5.0,K,KC
2021,8,NYJ,00-0036469,M.Ammendola,2.0,0.0,1.0,2.0,0.0,0.0,2.0,2.0,8.0,K,CIN
2021,8,PHI,00-0033787,J.Elliott,1.0,2.0,0.0,1.0,2.0,0.0,5.0,5.0,16.0,K,DET
2021,8,PIT,00-0031136,C.Boswell,1.0,0.0,0.0,1.0,0.0,0.0,0.0,0.0,3.0,K,CLE
2021,8,SEA,00-0031492,J.Myers,1.0,0.0,0.0,1.0,0.0,0.0,4.0,4.0,7.0,K,JAX
2021,8,SF,00-0035192,J.Slye,2.0,2.0,1.0,2.0,1.0,1.0,2.0,1.0,16.0,K,CHI
2021,8,TB,00-0026968,R.Succop,0.0,0.0,0.0,0.0,0.0,0.0,3.0,3.0,3.0,K,NO
2021,8,TEN,00-0029421,R.Bullock,0.0,2.0,0.0,0.0,2.0,0.0,4.0,4.0,12.0,K,IND
2021,8,WAS,00-0034913,C.Blewitt,0.0,2.0,1.0,0.0,0.0,1.0,1.0,1.0,6.0,K,DEN
2021,9,ARI,00-0023853,M.Prater,1.0,0.0,0.0,1.0,0.0,0.0,4.0,4.0,7.0,K,SF
2021,9,ATL,00-0033702,Y.Koo,2.0,0.0,0.0,2.0,0.0,0.0,3.0,3.0,9.0,K,NO
2021,9,BAL,00-0029597,J.Tucker,2.0,0.0,0.0,2.0,0.0,0.0,4.0,4.0,10.0,K,MIN
2021,9,BUF,00-0036162,T.Bass,1.0,1.0,0.0,1.0,1.0,0.0,0.0,0.0,7.0,K,JAX
2021,9,CAR,00-0033862,Z.Gonzalez,1.0,1.0,0.0,1.0,1.0,0.0,0.0,0.0,7.0,K,NE
2021,9,CHI,00-0031203,C.Santos,2.0,0.0,1.0,2.0,0.0,0.0,3.0,3.0,9.0,K,PIT
2021,9,CIN,00-0036854,E.McPherson,1.0,0.0,0.0,1.0,0.0,0.0,1.0,1.0,4.0,K,CLE
2021,9,CLE,00-0035358,C.McLaughlin,2.0,1.0,0.0,2.0,0.0,0.0,5.0,5.0,11.0,K,CIN
2021,9,DEN,00-0029822,B.McManus,1.0,1.0,2.0,1.0,1.0,1.0,2.0,1.0,13.0,K,DAL
2021,9,GB,00-0025580,M.Crosby,1.0,1.0,0.0,0.0,0.0,0.0,1.0,1.0,1.0,K,KC
2021,9,HOU,00-0032726,K.Fairbairn,2.0,1.0,0.0,2.0,1.0,0.0,0.0,0.0,10.0,K,MIA
2021,9,IND,00-0034084,M.Badgley,1.0,0.0,0.0,1.0,0.0,0.0,6.0,6.0,9.0,K,NYJ
2021,9,JAX,00-0035189,M.Wright,2.0,1.0,1.0,2.0,0.0,1.0,0.0,0.0,11.0,K,BUF
2021,9,KC,00-0033303,H.Butker,1.0,0.0,1.0,1.0,0.0,1.0,1.0,1.0,9.0,K,GB
2021,9,LA,00-0035269,M.Gay,2.0,0.0,1.0,2.0,0.0,1.0,1.0,1.0,12.0,K,TEN
2021,9,LAC,00-0030098,D.Hopkins,2.0,0.0,0.0,2.0,0.0,0.0,2.0,1.0,7.0,K,PHI
2021,9,LV,00-0034161,D.Carlson,4.0,0.0,0.0,3.0,0.0,0.0,1.0,1.0,10.0,K,NYG
2021,9,MIA,00-0034794,J.Sanders,0.0,1.0,0.0,0.0,1.0,0.0,2.0,2.0,6.0,K,HOU
2021,9,MIN,00-0034450,G.Joseph,1.0,0.0,0.0,1.0,0.0,0.0,4.0,4.0,7.0,K,BAL
2021,9,NE,00-0025565,N.Folk,1.0,0.0,1.0,1.0,0.0,0.0,3.0,3.0,6.0,K,CAR
2021,9,NO,00-0036703,B.Johnson,1.0,0.0,1.0,1.0,0.0,1.0,1.0,1.0,9.0,K,ATL
2021,9,NYG,00-0026858,G.Gano,3.0,0.0,0.0,3.0,0.0,0.0,2.0,2.0,11.0,K,LV
2021,9,NYJ,00-0036469,M.Ammendola,1.0,0.0,0.0,1.0,0.0,0.0,3.0,3.0,6.0,K,IND
2021,9,PHI,00-0033787,J.Elliott,1.0,0.0,0.0,1.0,0.0,0.0,3.0,3.0,6.0,K,LAC
2021,9,PIT,00-0031136,C.Boswell,0.0,1.0,2.0,0.0,1.0,2.0,3.0,2.0,16.0,K,CHI
2021,9,SF,00-0023252,R.Gould,1.0,0.0,0.0,1.0,0.0,0.0,2.0,2.0,5.0,K,ARI
2021,9,TEN,00-0029421,R.Bullock,0.0,0.0,0.0,0.0,0.0,0.0,4.0,4.0,4.0,K,LA
2021,10,ARI,00-0023853,M.Prater,0.0,1.0,0.0,0.0,1.0,0.0,1.0,1.0,5.0,K,CAR
2021,10,ATL,00-0033702,Y.Koo,1.0,0.0,0.0,1.0,0.0,0.0,0.0,0.0,3.0,K,DAL
2021,10,BAL,00-0029597,J.Tucker,0.0,2.0,0.0,0.0,1.0,0.0,1.0,1.0,5.0,K,MIA
2021,10,BUF,00-0036162,T.Bass,1.0,0.0,0.0,1.0,0.0,0.0,6.0,6.0,9.0,K,NYJ
2021,10,CAR,00-0033862,Z.Gonzalez,1.0,3.0,0.0,1.0,3.0,0.0,2.0,2.0,17.0,K,ARI
2021,10,CLE,00-0035358,C.McLaughlin,0.0,0.0,0.0,0.0,0.0,0.0,1.0,1.0,1.0,K,NE
2021,10,DAL,00-0035758,L.Hajrullahu,0.0,0.0,0.0,0.0,0.0,0.0,5.0,5.0,5.0,K,ATL
2021,10,DEN,00-0029822,B.McManus,3.0,0.0,0.0,2.0,0.0,0.0,1.0,1.0,7.0,K,PHI
2021,10,DET,00-0034648,R.Santoso,1.0,1.0,0.0,1.0,0.0,0.0,2.0,1.0,4.0,K,PIT
2021,10,GB,00-0025580,M.Crosby,1.0,1.0,0.0,1.0,0.0,0.0,2.0,2.0,5.0,K,SEA
2021,10,IND,00-0034084,M.Badgley,3.0,0.0,0.0,3.0,0.0,0.0,2.0,2.0,11.0,K,JAX
2021,10,JAX,00-0035189,M.Wright,0.0,0.0,2.0,0.0,0.0,1.0,1.0,0.0,5.0,K,IND
2021,10,KC,00-0033303,H.Butker,1.0,2.0,0.0,1.0,1.0,0.0,5.0,5.0,12.0,K,LV
2021,10,LA,00-0035269,M.Gay,1.0,0.0,0.0,1.0,0.0,0.0,1.0,1.0,4.0,K,SF
2021,10,LAC,00-0030098,D.Hopkins,1.0,1.0,0.0,1.0,1.0,0.0,2.0,2.0,9.0,K,MIN
2021,10,LV,00-0034161,D.Carlson,0.0,0.0,0.0,0.0,0.0,0.0,2.0,2.0,2.0,K,KC
2021,10,MIA,00-0034794,J.Sanders,3.0,0.0,0.0,3.0,0.0,0.0,1.0,1.0,10.0,K,BAL
2021,10,MIN,00-0034450,G.Joseph,1.0,1.0,0.0,1.0,1.0,0.0,3.0,3.0,10.0,K,LAC
2021,10,NE,00-0025565,N.Folk,1.0,0.0,0.0,1.0,0.0,0.0,6.0,6.0,9.0,K,CLE
2021,10,NO,00-0036703,B.Johnson,1.0,0.0,0.0,1.0,0.0,0.0,2.0,0.0,3.0,K,TEN
2021,10,NYJ,00-0036469,M.Ammendola,0.0,1.0,0.0,0.0,1.0,0.0,2.0,2.0,6.0,K,BUF
2021,10,PHI,00-0033787,J.Elliott,2.0,0.0,1.0,2.0,0.0,1.0,3.0,3.0,14.0,K,DEN
2021,10,PIT,00-0031136,C.Boswell,2.0,0.0,1.0,2.0,0.0,1.0,1.0,1.0,12.0,K,DET
2021,10,SF,00-0023252,R.Gould,0.0,0.0,1.0,0.0,0.0,1.0,4.0,4.0,9.0,K,LA
2021,10,TB,00-0026968,R.Succop,2.0,0.0,0.0,2.0,0.0,0.0,2.0,1.0,7.0,K,WAS
2021,10,TEN,00-0029421,R.Bullock,3.0,0.0,0.0,3.0,0.0,0.0,2.0,2.0,11.0,K,NO
2021,10,WAS,00-0035192,J.Slye,2.0,1.0,0.0,2.0,1.0,0.0,2.0,2.0,12.0,K,TB
2021,11,ARI,00-0023853,M.Prater,2.0,0.0,1.0,0.0,0.0,1.0,3.0,2.0,7.0,K,SEA
2021,11,ATL,00-0033702,Y.Koo,0.0,0.0,1.0,0.0,0.0,0.0,0.0,0.0,0.0,K,NE
2021,11,BAL,00-0029597,J.Tucker,2.0,1.0,0.0,2.0,1.0,0.0,1.0,1.0,11.0,K,CHI
2021,11,BUF,00-0036162,T.Bass,0.0,1.0,1.0,0.0,0.0,0.0,1.0,1.0,1.0,K,IND
2021,11,CAR,00-0033862,Z.Gonzalez,0.0,0.0,0.0,0.0,0.0,0.0,3.0,3.0,3.0,K,WAS
2021,11,CHI,00-0031203,C.Santos,0.0,1.0,0.0,0.0,0.0,0.0,1.0,1.0,1.0,K,BAL
2021,11,CIN,00-0036854,E.McPherson,0.0,1.0,3.0,0.0,1.0,3.0,3.0,2.0,21.0,K,LV
2021,11,CLE,00-0035358,C.McLaughlin,0.0,1.0,0.0,0.0,0.0,0.0,2.0,1.0,1.0,K,DET
2021,11,DAL,00-0029621,G.Zuerlein,2.0,1.0,0.0,2.0,1.0,0.0,0.0,0.0,10.0,K,KC
2021,11,DET,00-0032870,A.Rosas,0.0,1.0,0.0,0.0,1.0,0.0,1.0,1.0,5.0,K,CLE
2021,11,GB,00-0025580,M.Crosby,1.0,0.0,1.0,0.0,0.0,1.0,4.0,4.0,9.0,K,MIN
2021,11,HOU,00-0032726,K.Fairbairn,2.0,1.0,0.0,2.0,1.0,0.0,2.0,1.0,11.0,K,TEN
2021,11,IND,00-0034084,M.Badgley,2.0,0.0,0.0,2.0,0.0,0.0,5.0,5.0,11.0,K,BUF
2021,11,JAX,00-0035189,M.Wright,1.0,0.0,0.0,1.0,0.0,0.0,1.0,1.0,4.0,K,SF
2021,11,KC,00-0033303,H.Butker,1.0,0.0,2.0,1.0,0.0,1.0,2.0,1.0,9.0,K,DAL
2021,11,LAC,00-0030098,D.Hopkins,1.0,1.0,0.0,1.0,1.0,0.0,5.0,5.0,12.0,K,PIT
2021,11,LV,00-0034161,D.Carlson,1.0,1.0,0.0,1.0,1.0,0.0,1.0,1.0,8.0,K,CIN
2021,11,MIA,00-0034794,J.Sanders,2.0,0.0,0.0,1.0,0.0,0.0,3.0,3.0,6.0,K,NYJ
2021,11,MIN,00-0034450,G.Joseph,1.0,0.0,1.0,1.0,0.0,1.0,3.0,2.0,10.0,K,GB
2021,11,NE,00-0025565,N.Folk,2.0,1.0,1.0,2.0,1.0,1.0,2.0,1.0,16.0,K,ATL
2021,11,NO,00-0030332,B.Maher,1.0,0.0,0.0,1.0,0.0,0.0,3.0,2.0,5.0,K,PHI
2021,11,NYG,00-0026858,G.Gano,1.0,0.0,0.0,1.0,0.0,0.0,1.0,1.0,4.0,K,TB
2021,11,NYJ,00-0036469,M.Ammendola,1.0,1.0,1.0,1.0,0.0,0.0,2.0,2.0,5.0,K,MIA
2021,11,PHI,00-0033787,J.Elliott,2.0,1.0,1.0,2.0,1.0,1.0,4.0,4.0,19.0,K,NO
2021,11,PIT,00-0031136,C.Boswell,2.0,1.0,0.0,2.0,1.0,0.0,4.0,4.0,14.0,K,LAC
2021,11,SEA,00-0031492,J.Myers,2.0,0.0,0.0,2.0,0.0,0.0,1.0,1.0,7.0,K,ARI
2021,11,SF,00-0023252,R.Gould,1.0,2.0,0.0,1.0,2.0,0.0,3.0,3.0,14.0,K,JAX
2021,11,TB,00-0026968,R.Succop,2.0,1.0,0.0,2.0,1.0,0.0,3.0,3.0,13.0,K,NYG
2021,11,TEN,00-0029421,R.Bullock,0.0,0.0,0.0,0.0,0.0,0.0,2.0,1.0,1.0,K,HOU
2021,11,WAS,00-0035192,J.Slye,2.0,0.0,0.0,2.0,0.0,0.0,3.0,3.0,9.0,K,CAR
2021,12,ATL,00-0033702,Y.Koo,0.0,0.0,0.0,0.0,0.0,0.0,3.0,3.0,3.0,K,JAX
2021,12,BAL,00-0029597,J.Tucker,1.0,1.0,1.0,1.0,1.0,1.0,1.0,1.0,13.0,K,CLE
2021,12,BUF,00-0036162,T.Bass,1.0,0.0,0.0,1.0,0.0,0.0,4.0,4.0,7.0,K,NO
2021,12,CAR,00-0033862,Z.Gonzalez,0.0,1.0,0.0,0.0,1.0,0.0,1.0,1.0,5.0,K,MIA
2021,12,CHI,00-0031203,C.Santos,2.0,1.0,1.0,2.0,1.0,0.0,1.0,1.0,11.0,K,DET
2021,12,CIN,00-0036854,E.McPherson,1.0,0.0,1.0,1.0,0.0,1.0,5.0,5.0,13.0,K,PIT
2021,12,CLE,00-0035358,C.McLaughlin,0.0,2.0,0.0,0.0,1.0,0.0,1.0,1.0,5.0,K,BAL
2021,12,DAL,00-0029621,G.Zuerlein,1.0,1.0,1.0,1.0,1.0,0.0,2.0,1.0,8.0,K,LV
2021,12,DEN,00-0029822,B.McManus,0.0,0.0,0.0,0.0,0.0,0.0,4.0,4.0,4.0,K,LAC
2021,12,DET,00-0036816,R.Patterson,0.0,0.0,0.0,0.0,0.0,0.0,2.0,2.0,2.0,K,CHI
2021,12,GB,00-0025580,M.Crosby,2.0,2.0,0.0,2.0,1.0,0.0,3.0,3.0,13.0,K,LA
2021,12,HOU,00-0032726,K.Fairbairn,0.0,0.0,1.0,0.0,0.0,0.0,2.0,2.0,2.0,K,NYJ
2021,12,IND,00-0034084,M.Badgley,0.0,1.0,0.0,0.0,1.0,0.0,4.0,4.0,8.0,K,TB
2021,12,JAX,00-0035189,M.Wright,2.0,0.0,0.0,2.0,0.0,0.0,0.0,0.0,6.0,K,ATL
2021,12,LA,00-0035269,M.Gay,2.0,0.0,0.0,2.0,0.0,0.0,2.0,2.0,8.0,K,GB
2021,12,LAC,00-0030098,D.Hopkins,0.0,0.0,1.0,0.0,0.0,0.0,1.0,1.0,1.0,K,DEN
2021,12,LV,00-0034161,D.Carlson,3.0,1.0,1.0,3.0,1.0,1.0,3.0,3.0,21.0,K,DAL
2021,12,MIA,00-0034794,J.Sanders,1.0,1.0,0.0,1.0,1.0,0.0,4.0,3.0,10.0,K,CAR
2021,12,MIN,00-0034450,G.Joseph,0.0,0.0,0.0,0.0,0.0,0.0,3.0,2.0,2.0,K,SF
2021,12,NE,00-0025565,N.Folk,3.0,1.0,2.0,3.0,1.0,1.0,3.0,3.0,21.0,K,TEN
2021,12,NYG,00-0026858,G.Gano,2.0,0.0,1.0,2.0,0.0,0.0,1.0,1.0,7.0,K,PHI
2021,12,NYJ,00-0036469,M.Ammendola,2.0,1.0,0.0,2.0,0.0,0.0,1.0,1.0,7.0,K,HOU
2021,12,PHI,00-0033787,J.Elliott,0.0,0.0,0.0,0.0,0.0,0.0,1.0,1.0,1.0,K,NYG
2021,12,PIT,00-0031136,C.Boswell,0.0,1.0,0.0,0.0,1.0,0.0,1.0,1.0,5.0,K,CIN
2021,12,SEA,00-0031492,J.Myers,0.0,0.0,0.0,0.0,0.0,0.0,1.0,1.0,1.0,K,WAS
2021,12,SF,00-0023252,R.Gould,1.0,2.0,0.0,1.0,1.0,0.0,4.0,4.0,11.0,K,MIN
2021,12,TB,00-0026968,R.Succop,1.0,0.0,0.0,1.0,0.0,0.0,5.0,5.0,8.0,K,IND
2021,12,TEN,00-0029421,R.Bullock,0.0,1.0,0.0,0.0,0.0,0.0,2.0,1.0,1.0,K,NE
2021,12,WAS,00-0035192,J.Slye,1.0,0.0,0.0,1.0,0.0,0.0,1.0,0.0,3.0,K,SEA
2021,13,ARI,00-0023853,M.Prater,2.0,0.0,0.0,2.0,0.0,0.0,3.0,3.0,9.0,K,CHI
2021,13,ATL,00-0033702,Y.Koo,1.0,0.0,0.0,1.0,0.0,0.0,2.0,2.0,5.0,K,TB
2021,13,BAL,00-0029597,J.Tucker,2.0,0.0,0.0,2.0,0.0,0.0,1.0,1.0,7.0,K,PIT
2021,13,BUF,00-0036162,T.Bass,2.0,0.0,0.0,1.0,0.0,0.0,1.0,1.0,4.0,K,NE
2021,13,CHI,00-0031203,C.Santos,0.0,0.0,0.0,0.0,0.0,0.0,2.0,2.0,2.0,K,ARI
2021,13,CIN,00-0036854,E.McPherson,0.0,1.0,0.0,0.0,1.0,0.0,2.0,1.0,5.0,K,LAC
2021,13,DAL,00-0029621,G.Zuerlein,1.0,0.0,1.0,1.0,0.0,1.0,3.0,3.0,11.0,K,NO
2021,13,DEN,00-0029822,B.McManus,0.0,1.0,0.0,0.0,1.0,0.0,0.0,0.0,4.0,K,KC
2021,13,DET,00-0036816,R.Patterson,1.0,2.0,0.0,1.0,2.0,0.0,2.0,2.0,13.0,K,MIN
2021,13,IND,00-0034084,M.Badgley,2.0,0.0,0.0,1.0,0.0,0.0,4.0,4.0,7.0,K,HOU
2021,13,JAX,00-0035189,M.Wright,0.0,0.0,0.0,0.0,0.0,0.0,1.0,1.0,1.0,K,LA
2021,13,KC,00-0033303,H.Butker,1.0,1.0,1.0,1.0,1.0,1.0,2.0,1.0,13.0,K,DEN
2021,13,LA,00-0035269,M.Gay,1.0,2.0,0.0,1.0,2.0,0.0,4.0,4.0,15.0,K,JAX
2021,13,LAC,00-0030098,D.Hopkins,0.0,2.0,0.0,0.0,2.0,0.0,4.0,3.0,11.0,K,CIN
2021,13,LV,00-0034161,D.Carlson,2.0,0.0,1.0,2.0,0.0,1.0,0.0,0.0,11.0,K,WAS
2021,13,MIA,00-0034794,J.Sanders,0.0,2.0,1.0,0.0,2.0,0.0,2.0,2.0,10.0,K,NYG
2021,13,MIN,00-0034450,G.Joseph,2.0,1.0,0.0,2.0,1.0,0.0,0.0,0.0,10.0,K,DET
2021,13,NE,00-0025565,N.Folk,1.0,1.0,0.0,1.0,1.0,0.0,0.0,0.0,7.0,K,BUF
2021,13,NO,00-0030332,B.Maher,0.0,1.0,1.0,0.0,1.0,0.0,2.0,2.0,6.0,K,DAL
2021,13,NYG,00-0026858,G.Gano,2.0,0.0,2.0,2.0,0.0,1.0,0.0,0.0,11.0,K,MIA
2021,13,NYJ,00-0036714,A.Kessman,0.0,0.0,0.0,0.0,0.0,0.0,2.0,0.0,0.0,K,PHI
2021,13,PHI,00-0033787,J.Elliott,2.0,2.0,0.0,2.0,2.0,0.0,3.0,3.0,17.0,K,NYJ
2021,13,PIT,00-0031136,C.Boswell,0.0,1.0,1.0,0.0,1.0,1.0,1.0,0.0,9.0,K,BAL
2021,13,SEA,00-0031492,J.Myers,0.0,0.0,1.0,0.0,0.0,0.0,4.0,4.0,4.0,K,SF
2021,13,SF,00-0023252,R.Gould,0.0,0.0,1.0,0.0,0.0,1.0,3.0,2.0,7.0,K,SEA
2021,13,TB,00-0026968,R.Succop,1.0,0.0,0.0,1.0,0.0,0.0,4.0,3.0,6.0,K,ATL
2021,13,WAS,00-0036703,B.Johnson,0.0,1.0,0.0,0.0,1.0,0.0,2.0,2.0,6.0,K,LV
2021,14,ARI,00-0023853,M.Prater,0.0,1.0,2.0,0.0,1.0,2.0,2.0,2.0,16.0,K,LA
2021,14,ATL,00-0033702,Y.Koo,2.0,1.0,0.0,2.0,1.0,0.0,2.0,2.0,12.0,K,CAR
2021,14,BAL,00-0029597,J.Tucker,0.0,1.0,2.0,0.0,1.0,2.0,1.0,1.0,15.0,K,CLE
2021,14,BUF,00-0036162,T.Bass,2.0,0.0,0.0,2.0,0.0,0.0,3.0,3.0,9.0,K,TB
2021,14,CAR,00-0033862,Z.Gonzalez,0.0,0.0,0.0,0.0,0.0,0.0,3.0,3.0,3.0,K,ATL
2021,14,CHI,00-0031203,C.Santos,1.0,2.0,0.0,1.0,2.0,0.0,3.0,3.0,14.0,K,GB
2021,14,CIN,00-0036854,E.McPherson,2.0,2.0,0.0,2.0,1.0,0.0,2.0,2.0,12.0,K,SF
2021,14,CLE,00-0035358,C.McLaughlin,0.0,2.0,0.0,0.0,1.0,0.0,3.0,3.0,7.0,K,BAL
2021,14,DAL,00-0029621,G.Zuerlein,4.0,0.0,0.0,4.0,0.0,0.0,1.0,1.0,13.0,K,WAS
2021,14,DEN,00-0029822,B.McManus,0.0,0.0,1.0,0.0,0.0,1.0,5.0,5.0,10.0,K,DET
2021,14,DET,00-0036816,R.Patterson,1.0,0.0,0.0,1.0,0.0,0.0,1.0,1.0,4.0,K,DEN
2021,14,GB,00-0025580,M.Crosby,1.0,0.0,0.0,1.0,0.0,0.0,6.0,6.0,9.0,K,CHI
2021,14,HOU,00-0032726,K.Fairbairn,1.0,0.0,1.0,1.0,0.0,1.0,1.0,1.0,9.0,K,SEA
2021,14,KC,00-0033303,H.Butker,1.0,0.0,1.0,1.0,0.0,1.0,6.0,6.0,14.0,K,LV
2021,14,LA,00-0035269,M.Gay,2.0,0.0,1.0,2.0,0.0,1.0,3.0,3.0,14.0,K,ARI
2021,14,LAC,00-0030098,D.Hopkins,3.0,0.0,0.0,3.0,0.0,0.0,4.0,4.0,13.0,K,NYG
2021,14,LV,00-0034161,D.Carlson,1.0,0.0,0.0,1.0,0.0,0.0,1.0,0.0,3.0,K,KC
2021,14,MIN,00-0034450,G.Joseph,2.0,1.0,1.0,2.0,1.0,0.0,4.0,3.0,13.0,K,PIT
2021,14,NO,00-0030332,B.Maher,3.0,0.0,0.0,3.0,0.0,0.0,3.0,3.0,12.0,K,NYJ
2021,14,NYG,00-0026858,G.Gano,0.0,0.0,0.0,0.0,0.0,0.0,1.0,1.0,1.0,K,LAC
2021,14,NYJ,00-0034173,E.Pineiro,2.0,1.0,0.0,2.0,1.0,0.0,0.0,0.0,10.0,K,NO
2021,14,PIT,00-0031136,C.Boswell,0.0,1.0,0.0,0.0,0.0,0.0,2.0,2.0,2.0,K,MIN
2021,14,SEA,00-0031492,J.Myers,2.0,0.0,0.0,2.0,0.0,0.0,3.0,1.0,7.0,K,HOU
2021,14,SF,00-0023252,R.Gould,2.0,1.0,0.0,2.0,0.0,0.0,2.0,2.0,8.0,K,CIN
2021,14,TB,00-0026968,R.Succop,2.0,0.0,0.0,2.0,0.0,0.0,3.0,3.0,9.0,K,BUF
2021,14,TEN,00-0029421,R.Bullock,1.0,2.0,0.0,1.0,1.0,0.0,2.0,2.0,9.0,K,JAX
2021,14,WAS,00-0036703,B.Johnson,0.0,0.0,0.0,0.0,0.0,0.0,1.0,0.0,0.0,K,DAL
2021,15,ARI,00-0023853,M.Prater,2.0,0.0,0.0,2.0,0.0,0.0,0.0,0.0,6.0,K,DET
2021,15,ATL,00-0033702,Y.Koo,1.0,1.0,0.0,1.0,1.0,0.0,1.0,1.0,8.0,K,SF
2021,15,BAL,00-0029597,J.Tucker,1.0,0.0,0.0,1.0,0.0,0.0,3.0,3.0,6.0,K,GB
2021,15,BUF,00-0036162,T.Bass,1.0,0.0,0.0,1.0,0.0,0.0,4.0,4.0,7.0,K,CAR
2021,15,CHI,00-0031203,C.Santos,1.0,1.0,0.0,1.0,0.0,0.0,0.0,0.0,3.0,K,MIN
2021,15,CIN,00-0036854,E.McPherson,1.0,0.0,2.0,1.0,0.0,2.0,0.0,0.0,13.0,K,DEN
2021,15,CLE,00-0035358,C.McLaughlin,0.0,1.0,0.0,0.0,0.0,0.0,2.0,2.0,2.0,K,LV
2021,15,DAL,00-0029621,G.Zuerlein,2.0,1.0,0.0,2.0,1.0,0.0,2.0,0.0,10.0,K,NYG
2021,15,DEN,00-0029822,B.McManus,0.0,0.0,2.0,0.0,0.0,1.0,1.0,1.0,6.0,K,CIN
2021,15,DET,00-0036816,R.Patterson,1.0,2.0,0.0,1.0,2.0,0.0,3.0,3.0,14.0,K,ARI
2021,15,GB,00-0025580,M.Crosby,1.0,0.0,0.0,1.0,0.0,0.0,4.0,4.0,7.0,K,BAL
2021,15,HOU,00-0032726,K.Fairbairn,1.0,0.0,2.0,1.0,0.0,2.0,3.0,3.0,16.0,K,JAX
2021,15,IND,00-0034084,M.Badgley,1.0,2.0,0.0,1.0,1.0,0.0,3.0,3.0,10.0,K,NE
2021,15,JAX,00-0035189,M.Wright,3.0,0.0,0.0,3.0,0.0,0.0,1.0,1.0,10.0,K,HOU
2021,15,KC,00-0033303,H.Butker,2.0,0.0,0.0,2.0,0.0,0.0,2.0,2.0,8.0,K,LAC
2021,15,LA,00-0035269,M.Gay,1.0,0.0,1.0,1.0,0.0,1.0,2.0,2.0,10.0,K,SEA
2021,15,LAC,00-0030098,D.Hopkins,0.0,0.0,0.0,0.0,0.0,0.0,4.0,4.0,4.0,K,KC
2021,15,LV,00-0034161,D.Carlson,1.0,2.0,0.0,1.0,2.0,0.0,1.0,1.0,12.0,K,CLE
2021,15,MIA,00-0034794,J.Sanders,1.0,0.0,0.0,1.0,0.0,0.0,4.0,4.0,7.0,K,NYJ
2021,15,MIN,00-0034450,G.Joseph,1.0,0.0,0.0,1.0,0.0,0.0,2.0,2.0,5.0,K,CHI
2021,15,NE,00-0025565,N.Folk,1.0,0.0,0.0,1.0,0.0,0.0,2.0,2.0,5.0,K,IND
2021,15,NO,00-0030332,B.Maher,2.0,1.0,0.0,2.0,1.0,0.0,0.0,0.0,10.0,K,TB
2021,15,NYG,00-0026858,G.Gano,1.0,1.0,0.0,1.0,1.0,0.0,0.0,0.0,7.0,K,DAL
2021,15,NYJ,00-0034173,E.Pineiro,1.0,0.0,0.0,1.0,0.0,0.0,3.0,3.0,6.0,K,MIA
2021,15,PHI,00-0033787,J.Elliott,2.0,0.0,0.0,2.0,0.0,0.0,3.0,3.0,9.0,K,WAS
2021,15,PIT,00-0031136,C.Boswell,2.0,2.0,1.0,2.0,2.0,0.0,1.0,1.0,15.0,K,TEN
2021,15,SEA,00-0031492,J.Myers,1.0,0.0,0.0,1.0,0.0,0.0,1.0,1.0,4.0,K,LA
2021,15,SF,00-0023252,R.Gould,1.0,0.0,0.0,1.0,0.0,0.0,4.0,4.0,7.0,K,ATL
2021,15,TB,00-0026968,R.Succop,0.0,1.0,0.0,0.0,0.0,0.0,0.0,0.0,0.0,K,NO
2021,15,TEN,00-0029421,R.Bullock,2.0,0.0,0.0,2.0,0.0,0.0,1.0,1.0,7.0,K,PIT
2021,15,WAS,00-0036703,B.Johnson,1.0,0.0,0.0,1.0,0.0,0.0,2.0,2.0,5.0,K,PHI
2021,16,ARI,00-0023853,M.Prater,1.0,1.0,1.0,1.0,0.0,0.0,2.0,1.0,4.0,K,IND
2021,16,ATL,00-0033702,Y.Koo,0.0,1.0,1.0,0.0,1.0,1.0,2.0,2.0,11.0,K,DET
2021,16,BAL,00-0029597,J.Tucker,0.0,0.0,0.0,0.0,0.0,0.0,3.0,3.0,3.0,K,CIN
2021,16,BUF,00-0036162,T.Bass,2.0,0.0,0.0,2.0,0.0,0.0,3.0,3.0,9.0,K,NE
2021,16,CAR,00-0035758,L.Hajrullahu,2.0,0.0,0.0,2.0,0.0,0.0,0.0,0.0,6.0,K,TB
2021,16,CHI,00-0031203,C.Santos,1.0,0.0,0.0,1.0,0.0,0.0,2.0,2.0,5.0,K,SEA
2021,16,CIN,00-0036854,E.McPherson,2.0,0.0,1.0,2.0,0.0,0.0,5.0,5.0,11.0,K,BAL
2021,16,CLE,00-0036515,C.Naggar,1.0,0.0,0.0,1.0,0.0,0.0,2.0,1.0,4.0,K,GB
2021,16,DAL,00-0029621,G.Zuerlein,0.0,0.0,0.0,0.0,0.0,0.0,8.0,8.0,8.0,K,WAS
2021,16,DEN,00-0029822,B.McManus,0.0,1.0,2.0,0.0,1.0,1.0,1.0,1.0,10.0,K,LV
2021,16,DET,00-0036816,R.Patterson,3.0,0.0,0.0,3.0,0.0,0.0,1.0,1.0,10.0,K,ATL
2021,16,GB,00-0025580,M.Crosby,1.0,0.0,0.0,1.0,0.0,0.0,3.0,3.0,6.0,K,CLE
2021,16,HOU,00-0036168,D.Eberle,1.0,0.0,2.0,1.0,0.0,1.0,5.0,5.0,13.0,K,LAC
2021,16,IND,00-0034084,M.Badgley,1.0,1.0,1.0,1.0,1.0,0.0,2.0,2.0,9.0,K,ARI
2021,16,JAX,00-0035189,M.Wright,1.0,2.0,0.0,1.0,2.0,0.0,0.0,0.0,11.0,K,NYJ
2021,16,KC,00-0034921,E.Fry,3.0,1.0,0.0,2.0,1.0,0.0,4.0,3.0,13.0,K,PIT
2021,16,LA,00-0035269,M.Gay,3.0,0.0,0.0,3.0,0.0,0.0,3.0,3.0,12.0,K,MIN
2021,16,LAC,00-0030098,D.Hopkins,1.0,1.0,1.0,1.0,1.0,1.0,0.0,0.0,12.0,K,HOU
2021,16,LV,00-0034161,D.Carlson,0.0,1.0,0.0,0.0,1.0,0.0,2.0,2.0,6.0,K,DEN
2021,16,MIA,00-0034794,J.Sanders,1.0,1.0,1.0,1.0,1.0,0.0,2.0,2.0,9.0,K,NO
2021,16,MIN,00-0034450,G.Joseph,2.0,1.0,0.0,2.0,1.0,0.0,2.0,2.0,12.0,K,LA
2021,16,NE,00-0025565,N.Folk,0.0,0.0,0.0,0.0,0.0,0.0,3.0,3.0,3.0,K,BUF
2021,16,NO,00-0030332,B.Maher,1.0,0.0,0.0,1.0,0.0,0.0,0.0,0.0,3.0,K,MIA
2021,16,NYG,00-0026858,G.Gano,0.0,0.0,1.0,0.0,0.0,1.0,1.0,1.0,6.0,K,PHI
2021,16,NYJ,00-0034173,E.Pineiro,1.0,1.0,0.0,1.0,1.0,0.0,3.0,2.0,9.0,K,JAX
2021,16,PHI,00-0033787,J.Elliott,2.0,1.0,0.0,2.0,0.0,0.0,4.0,4.0,10.0,K,NYG
2021,16,PIT,00-0031136,C.Boswell,2.0,0.0,0.0,1.0,0.0,0.0,1.0,1.0,4.0,K,KC
2021,16,SEA,00-0031492,J.Myers,2.0,0.0,0.0,1.0,0.0,0.0,3.0,3.0,6.0,K,CHI
2021,16,SF,00-0023252,R.Gould,0.0,1.0,0.0,0.0,1.0,0.0,2.0,2.0,6.0,K,TEN
2021,16,TB,00-0026968,R.Succop,2.0,2.0,0.0,2.0,2.0,0.0,2.0,2.0,16.0,K,CAR
2021,16,TEN,00-0029421,R.Bullock,1.0,1.0,0.0,1.0,1.0,0.0,2.0,2.0,9.0,K,SF
2021,16,WAS,00-0035192,J.Slye,0.0,0.0,0.0,0.0,0.0,0.0,2.0,2.0,2.0,K,DAL
2021,17,ARI,00-0023853,M.Prater,3.0,0.0,1.0,3.0,0.0,1.0,1.0,1.0,15.0,K,DAL
2021,17,ATL,00-0033702,Y.Koo,2.0,0.0,0.0,2.0,0.0,0.0,1.0,1.0,7.0,K,BUF
2021,17,BAL,00-0029597,J.Tucker,2.0,2.0,0.0,2.0,2.0,0.0,1.0,1.0,15.0,K,LA
2021,17,BUF,00-0036162,T.Bass,0.0,0.0,0.0,0.0,0.0,0.0,3.0,3.0,3.0,K,ATL
2021,17,CAR,00-0035758,L.Hajrullahu,1.0,1.0,0.0,1.0,0.0,0.0,1.0,1.0,4.0,K,NO
2021,17,CHI,00-0031203,C.Santos,1.0,1.0,0.0,1.0,1.0,0.0,3.0,3.0,10.0,K,NYG
2021,17,CIN,00-0036854,E.McPherson,1.0,1.0,0.0,1.0,1.0,0.0,4.0,4.0,11.0,K,KC
2021,17,CLE,00-0035358,C.McLaughlin,0.0,0.0,0.0,0.0,0.0,0.0,2.0,2.0,2.0,K,PIT
2021,17,DAL,00-0029621,G.Zuerlein,0.0,1.0,0.0,0.0,0.0,0.0,2.0,2.0,2.0,K,ARI
2021,17,DEN,00-0029822,B.McManus,1.0,0.0,1.0,1.0,0.0,1.0,1.0,1.0,9.0,K,LAC
2021,17,DET,00-0036816,R.Patterson,0.0,0.0,1.0,0.0,0.0,0.0,3.0,3.0,3.0,K,SEA
2021,17,GB,00-0025580,M.Crosby,3.0,0.0,0.0,3.0,0.0,0.0,4.0,4.0,13.0,K,MIN
2021,17,HOU,00-0032726,K.Fairbairn,0.0,1.0,0.0,0.0,0.0,0.0,1.0,1.0,1.0,K,SF
2021,17,IND,00-0034084,M.Badgley,0.0,2.0,0.0,0.0,2.0,0.0,2.0,2.0,10.0,K,LV
2021,17,JAX,00-0035189,M.Wright,1.0,0.0,0.0,1.0,0.0,0.0,1.0,1.0,4.0,K,NE
2021,17,KC,00-0033303,H.Butker,1.0,0.0,0.0,1.0,0.0,0.0,4.0,4.0,7.0,K,CIN
2021,17,LA,00-0035269,M.Gay,0.0,0.0,1.0,0.0,0.0,0.0,2.0,2.0,2.0,K,BAL
2021,17,LAC,00-0030098,D.Hopkins,2.0,0.0,0.0,2.0,0.0,0.0,4.0,4.0,10.0,K,DEN
2021,17,LV,00-0034161,D.Carlson,1.0,2.0,0.0,1.0,2.0,0.0,2.0,2.0,13.0,K,IND
2021,17,MIA,00-0034794,J.Sanders,1.0,0.0,1.0,1.0,0.0,0.0,0.0,0.0,3.0,K,TEN
2021,17,MIN,00-0034450,G.Joseph,0.0,0.0,1.0,0.0,0.0,1.0,1.0,1.0,6.0,K,GB
2021,17,NE,00-0025565,N.Folk,0.0,1.0,0.0,0.0,1.0,0.0,6.0,5.0,9.0,K,JAX
2021,17,NO,00-0030332,B.Maher,2.0,2.0,0.0,2.0,2.0,0.0,1.0,0.0,14.0,K,CAR
2021,17,NYG,00-0026858,G.Gano,1.0,0.0,0.0,1.0,0.0,0.0,0.0,0.0,3.0,K,CHI
2021,17,NYJ,00-0034173,E.Pineiro,0.0,0.0,1.0,0.0,0.0,1.0,3.0,3.0,8.0,K,TB
2021,17,PHI,00-0033787,J.Elliott,0.0,2.0,0.0,0.0,2.0,0.0,2.0,2.0,10.0,K,WAS
2021,17,PIT,00-0031136,C.Boswell,2.0,1.0,1.0,2.0,1.0,1.0,2.0,2.0,17.0,K,CLE
2021,17,SEA,00-0031492,J.Myers,1.0,1.0,1.0,1.0,1.0,1.0,6.0,6.0,18.0,K,DET
2021,17,SF,00-0023252,R.Gould,3.0,0.0,0.0,3.0,0.0,0.0,2.0,2.0,11.0,K,HOU
2021,17,TB,00-0026968,R.Succop,2.0,0.0,0.0,2.0,0.0,0.0,2.0,2.0,8.0,K,NYJ
2021,17,TEN,00-0029421,R.Bullock,1.0,1.0,0.0,1.0,1.0,0.0,4.0,4.0,11.0,K,MIA
2021,17,WAS,00-0035192,J.Slye,2.0,0.0,1.0,2.0,0.0,1.0,1.0,1.0,12.0,K,PHI
2021,18,ARI,00-0023853,M.Prater,2.0,1.0,0.0,2.0,1.0,0.0,3.0,3.0,13.0,K,SEA
2021,18,ATL,00-0033702,Y.Koo,0.0,1.0,1.0,0.0,1.0,1.0,2.0,2.0,11.0,K,NO
2021,18,BAL,00-0029597,J.Tucker,1.0,1.0,0.0,1.0,1.0,0.0,1.0,1.0,8.0,K,PIT
2021,18,BUF,00-0036162,T.Bass,1.0,1.0,0.0,1.0,1.0,0.0,3.0,3.0,10.0,K,NYJ
2021,18,CAR,00-0035758,L.Hajrullahu,1.0,0.0,0.0,1.0,0.0,0.0,2.0,2.0,5.0,K,TB
2021,18,CHI,00-0031203,C.Santos,0.0,3.0,0.0,0.0,3.0,0.0,0.0,0.0,12.0,K,MIN
2021,18,CIN,00-0034921,E.Fry,1.0,0.0,0.0,1.0,0.0,0.0,1.0,1.0,4.0,K,CLE
2021,18,CLE,00-0035358,C.McLaughlin,0.0,0.0,0.0,0.0,0.0,0.0,3.0,3.0,3.0,K,CIN
2021,18,DAL,00-0029621,G.Zuerlein,0.0,1.0,0.0,0.0,1.0,0.0,7.0,6.0,10.0,K,PHI
2021,18,DEN,00-0029822,B.McManus,1.0,0.0,0.0,1.0,0.0,0.0,3.0,3.0,6.0,K,KC
2021,18,DET,00-0036816,R.Patterson,3.0,0.0,0.0,3.0,0.0,0.0,4.0,4.0,13.0,K,GB
2021,18,GB,00-0025580,M.Crosby,1.0,0.0,0.0,1.0,0.0,0.0,2.0,1.0,4.0,K,DET
2021,18,HOU,00-0032726,K.Fairbairn,1.0,0.0,0.0,1.0,0.0,0.0,2.0,2.0,5.0,K,TEN
2021,18,IND,00-0034084,M.Badgley,0.0,1.0,0.0,0.0,1.0,0.0,0.0,0.0,4.0,K,JAX
2021,18,JAX,00-0035189,M.Wright,4.0,0.0,0.0,4.0,0.0,0.0,2.0,2.0,14.0,K,IND
2021,18,KC,00-0033303,H.Butker,1.0,0.0,1.0,1.0,0.0,1.0,2.0,2.0,10.0,K,DEN
2021,18,LA,00-0035269,M.Gay,0.0,1.0,0.0,0.0,1.0,0.0,3.0,3.0,7.0,K,SF
2021,18,LAC,00-0030098,D.Hopkins,0.0,1.0,1.0,0.0,1.0,0.0,3.0,3.0,7.0,K,LV
2021,18,LV,00-0034161,D.Carlson,2.0,2.0,1.0,2.0,2.0,1.0,2.0,2.0,21.0,K,LAC
2021,18,MIA,00-0034794,J.Sanders,1.0,1.0,0.0,1.0,1.0,0.0,3.0,3.0,10.0,K,NE
2021,18,MIN,00-0034450,G.Joseph,1.0,0.0,0.0,1.0,0.0,0.0,4.0,4.0,7.0,K,CHI
2021,18,NE,00-0025565,N.Folk,0.0,1.0,0.0,0.0,1.0,0.0,3.0,3.0,7.0,K,MIA
2021,18,NO,00-0030332,B.Maher,4.0,0.0,0.0,3.0,0.0,0.0,3.0,3.0,12.0,K,ATL
2021,18,NYG,00-0026858,G.Gano,0.0,0.0,0.0,0.0,0.0,0.0,1.0,1.0,1.0,K,WAS
2021,18,NYJ,00-0034173,E.Pineiro,0.0,1.0,0.0,0.0,1.0,0.0,1.0,1.0,5.0,K,BUF
2021,18,PHI,00-0033787,J.Elliott,1.0,1.0,0.0,1.0,1.0,0.0,2.0,2.0,9.0,K,DAL
2021,18,PIT,00-0031136,C.Boswell,2.0,1.0,0.0,2.0,1.0,0.0,1.0,1.0,11.0,K,BAL
2021,18,SEA,00-0031492,J.Myers,1.0,0.0,0.0,1.0,0.0,0.0,5.0,5.0,8.0,K,ARI
2021,18,SF,00-0023252,R.Gould,1.0,1.0,0.0,1.0,1.0,0.0,3.0,3.0,10.0,K,LA
2021,18,TB,00-0026968,R.Succop,1.0,2.0,0.0,1.0,1.0,0.0,5.0,5.0,12.0,K,CAR
2021,18,TEN,00-0029421,R.Bullock,0.0,1.0,0.0,0.0,0.0,0.0,4.0,4.0,4.0,K,HOU
2021,18,WAS,00-0035192,J.Slye,2.0,1.0,0.0,2.0,1.0,0.0,1.0,1.0,11.0,K,NYG
2021,19,ARI,00-0023853,M.Prater,0.0,0.0,1.0,0.0,0.0,1.0,0.0,0.0,5.0,K,LA
2021,19,BUF,00-0036162,T.Bass,0.0,0.0,0.0,0.0,0.0,0.0,7.0,5.0,5.0,K,NE
2021,19,CIN,00-0036854,E.McPherson,3.0,1.0,0.0,3.0,1.0,0.0,2.0,2.0,15.0,K,LV
2021,19,DAL,00-0029621,G.Zuerlein,0.0,0.0,1.0,0.0,0.0,1.0,2.0,2.0,7.0,K,SF
2021,19,KC,00-0033303,H.Butker,0.0,0.0,0.0,0.0,0.0,0.0,6.0,6.0,6.0,K,PIT
2021,19,LA,00-0035269,M.Gay,1.0,1.0,0.0,1.0,1.0,0.0,4.0,4.0,11.0,K,ARI
2021,19,LV,00-0034161,D.Carlson,3.0,1.0,0.0,3.0,1.0,0.0,1.0,1.0,14.0,K,CIN
2021,19,NE,00-0025565,N.Folk,0.0,1.0,0.0,0.0,1.0,0.0,2.0,2.0,6.0,K,BUF
2021,19,PHI,00-0033787,J.Elliott,0.0,0.0,0.0,0.0,0.0,0.0,1.0,1.0,1.0,K,TB
2021,19,PIT,00-0031136,C.Boswell,0.0,0.0,0.0,0.0,0.0,0.0,3.0,3.0,3.0,K,KC
2021,19,SF,00-0023252,R.Gould,0.0,1.0,2.0,0.0,1.0,2.0,2.0,2.0,16.0,K,DAL
2021,19,TB,00-0026968,R.Succop,1.0,0.0,0.0,1.0,0.0,0.0,4.0,4.0,7.0,K,PHI
2021,20,BUF,00-0036162,T.Bass,0.0,0.0,0.0,0.0,0.0,0.0,4.0,4.0,4.0,K,KC
2021,20,CIN,00-0036854,E.McPherson,1.0,1.0,2.0,1.0,1.0,2.0,1.0,1.0,18.0,K,TEN
2021,20,GB,00-0025580,M.Crosby,2.0,0.0,0.0,1.0,0.0,0.0,1.0,1.0,4.0,K,SF
2021,20,KC,00-0033303,H.Butker,2.0,1.0,1.0,2.0,1.0,0.0,4.0,3.0,13.0,K,BUF
2021,20,LA,00-0035269,M.Gay,2.0,2.0,0.0,2.0,1.0,0.0,3.0,3.0,13.0,K,TB
2021,20,SF,00-0023252,R.Gould,1.0,1.0,0.0,1.0,1.0,0.0,1.0,1.0,8.0,K,GB
2021,20,TB,00-0026968,R.Succop,1.0,2.0,0.0,1.0,1.0,0.0,3.0,3.0,10.0,K,LA
2021,20,TEN,00-0029421,R.Bullock,1.0,0.0,0.0,1.0,0.0,0.0,1.0,1.0,4.0,K,CIN
2021,21,CIN,00-0036854,E.McPherson,3.0,0.0,1.0,3.0,0.0,1.0,1.0,1.0,15.0,K,KC
2021,21,KC,00-0033303,H.Butker,0.0,1.0,0.0,0.0,1.0,0.0,3.0,3.0,7.0,K,CIN
2021,21,LA,00-0035269,M.Gay,1.0,1.0,1.0,1.0,1.0,0.0,2.0,2.0,9.0,K,SF
2021,21,SF,00-0023252,R.Gould,1.0,0.0,0.0,1.0,0.0,0.0,2.0,2.0,5.0,K,LA
2021,22,CIN,00-0036854,E.McPherson,2.0,0.0,0.0,2.0,0.0,0.0,2.0,2.0,8.0,K,LA
2021,22,LA,00-0035269,M.Gay,0.0,1.0,0.0,0.0,1.0,0.0,2.0,2.0,6.0,K,CIN
2022,1,ARI,00-0023853,M.Prater,0.0,0.0,0.0,0.0,0.0,0.0,1.0,1.0,1.0,K,KC
2022,1,ATL,00-0033702,Y.Koo,1.0,1.0,3.0,1.0,1.0,2.0,2.0,2.0,19.0,K,NO
2022,1,BAL,00-0029597,J.Tucker,1.0,0.0,0.0,1.0,0.0,0.0,3.0,3.0,6.0,K,NYJ
2022,1,BUF,00-0036162,T.Bass,0.0,1.0,0.0,0.0,1.0,0.0,4.0,4.0,8.0,K,LA
2022,1,CAR,00-0034173,E.Pineiro,1.0,0.0,0.0,1.0,0.0,0.0,3.0,3.0,6.0,K,CLE
2022,1,CHI,00-0031203,C.Santos,0.0,0.0,0.0,0.0,0.0,0.0,3.0,1.0,1.0,K,SF
2022,1,CIN,00-0036854,E.McPherson,2.0,0.0,1.0,1.0,0.0,1.0,1.0,0.0,8.0,K,PIT
2022,1,CLE,00-0038097,C.York,3.0,0.0,1.0,3.0,0.0,1.0,2.0,2.0,16.0,K,CAR
2022,1,DAL,00-0030332,B.Maher,0.0,0.0,1.0,0.0,0.0,1.0,0.0,0.0,5.0,K,TB
2022,1,DEN,00-0029822,B.McManus,2.0,1.0,1.0,2.0,1.0,0.0,1.0,1.0,11.0,K,SEA
2022,1,DET,00-0035145,A.Seibert,0.0,0.0,0.0,0.0,0.0,0.0,5.0,5.0,5.0,K,PHI
2022,1,GB,00-0025580,M.Crosby,0.0,0.0,0.0,0.0,0.0,0.0,1.0,1.0,1.0,K,MIN
2022,1,HOU,00-0032726,K.Fairbairn,0.0,2.0,0.0,0.0,2.0,0.0,2.0,2.0,10.0,K,IND
2022,1,IND,00-0035849,R.Blankenship,1.0,2.0,0.0,1.0,1.0,0.0,2.0,2.0,9.0,K,HOU
2022,1,JAX,00-0036816,R.Patterson,2.0,2.0,0.0,1.0,2.0,0.0,1.0,1.0,12.0,K,WAS
2022,1,KC,00-0033303,H.Butker,0.0,0.0,1.0,0.0,0.0,1.0,4.0,4.0,9.0,K,ARI
2022,1,KC,00-0034361,J.Reid,0.0,0.0,0.0,0.0,0.0,0.0,2.0,1.0,1.0,K,ARI
2022,1,LA,00-0035269,M.Gay,0.0,0.0,1.0,0.0,0.0,1.0,1.0,1.0,6.0,K,BUF
2022,1,LAC,00-0030098,D.Hopkins,0.0,2.0,0.0,0.0,1.0,0.0,3.0,3.0,7.0,K,LV
2022,1,LV,00-0034161,D.Carlson,1.0,0.0,1.0,1.0,0.0,1.0,1.0,1.0,9.0,K,LAC
2022,1,MIA,00-0034794,J.Sanders,0.0,2.0,0.0,0.0,2.0,0.0,2.0,2.0,10.0,K,NE
2022,1,MIN,00-0034450,G.Joseph,2.0,0.0,1.0,2.0,0.0,1.0,2.0,2.0,13.0,K,GB
2022,1,NE,00-0025565,N.Folk,0.0,0.0,0.0,0.0,0.0,0.0,1.0,1.0,1.0,K,MIA
2022,1,NO,00-0032569,W.Lutz,0.0,2.0,1.0,0.0,1.0,1.0,1.0,1.0,10.0,K,ATL
2022,1,NYG,00-0026858,G.Gano,0.0,0.0,0.0,0.0,0.0,0.0,1.0,1.0,1.0,K,TEN
2022,1,NYJ,00-0029621,G.Zuerlein,0.0,2.0,0.0,0.0,1.0,0.0,1.0,0.0,4.0,K,BAL
2022,1,PHI,00-0033787,J.Elliott,1.0,0.0,0.0,1.0,0.0,0.0,5.0,5.0,8.0,K,DET
2022,1,PIT,00-0031136,C.Boswell,1.0,1.0,2.0,1.0,1.0,1.0,2.0,2.0,14.0,K,CIN
2022,1,SEA,00-0031492,J.Myers,0.0,1.0,0.0,0.0,1.0,0.0,2.0,2.0,6.0,K,DEN
2022,1,SF,00-0023252,R.Gould,1.0,0.0,0.0,1.0,0.0,0.0,1.0,1.0,4.0,K,CHI
2022,1,TB,00-0026968,R.Succop,3.0,2.0,0.0,2.0,2.0,0.0,1.0,1.0,15.0,K,DAL
2022,1,TEN,00-0029421,R.Bullock,1.0,2.0,0.0,1.0,1.0,0.0,2.0,2.0,9.0,K,NYG
2022,1,WAS,00-0035192,J.Slye,0.0,0.0,0.0,0.0,0.0,0.0,2.0,2.0,2.0,K,JAX
2022,2,ARI,00-0023853,M.Prater,0.0,0.0,0.0,0.0,0.0,0.0,1.0,1.0,1.0,K,LV
2022,2,ATL,00-0033702,Y.Koo,1.0,1.0,0.0,1.0,0.0,0.0,2.0,2.0,5.0,K,LA
2022,2,BAL,00-0029597,J.Tucker,0.0,0.0,1.0,0.0,0.0,1.0,5.0,5.0,10.0,K,MIA
2022,2,BUF,00-0036162,T.Bass,1.0,1.0,0.0,1.0,1.0,0.0,5.0,5.0,12.0,K,TEN
2022,2,CAR,00-0034173,E.Pineiro,3.0,0.0,0.0,3.0,0.0,0.0,1.0,1.0,10.0,K,NYG
2022,2,CHI,00-0031203,C.Santos,0.0,1.0,0.0,0.0,1.0,0.0,1.0,1.0,5.0,K,GB
2022,2,CIN,00-0036854,E.McPherson,0.0,2.0,1.0,0.0,2.0,1.0,0.0,0.0,13.0,K,DAL
2022,2,CLE,00-0038097,C.York,1.0,0.0,0.0,1.0,0.0,0.0,4.0,3.0,6.0,K,NYJ
2022,2,DAL,00-0030332,B.Maher,0.0,0.0,2.0,0.0,0.0,2.0,2.0,2.0,12.0,K,CIN
2022,2,DEN,00-0029822,B.McManus,2.0,0.0,1.0,2.0,0.0,1.0,1.0,1.0,12.0,K,HOU
2022,2,DET,00-0035145,A.Seibert,1.0,1.0,0.0,1.0,1.0,0.0,4.0,4.0,11.0,K,WAS
2022,2,GB,00-0025580,M.Crosby,1.0,1.0,0.0,1.0,1.0,0.0,3.0,3.0,10.0,K,CHI
2022,2,HOU,00-0032726,K.Fairbairn,1.0,2.0,0.0,1.0,2.0,0.0,0.0,0.0,11.0,K,DEN
2022,2,JAX,00-0036816,R.Patterson,0.0,0.0,1.0,0.0,0.0,1.0,3.0,3.0,8.0,K,IND
2022,2,KC,00-0036469,M.Ammendola,2.0,0.0,0.0,2.0,0.0,0.0,3.0,3.0,9.0,K,LAC
2022,2,LA,00-0035269,M.Gay,1.0,0.0,0.0,1.0,0.0,0.0,4.0,4.0,7.0,K,ATL
2022,2,LAC,00-0030098,D.Hopkins,1.0,0.0,0.0,1.0,0.0,0.0,3.0,3.0,6.0,K,KC
2022,2,LV,00-0034161,D.Carlson,2.0,0.0,1.0,2.0,0.0,1.0,2.0,2.0,13.0,K,ARI
2022,2,MIA,00-0034794,J.Sanders,0.0,0.0,0.0,0.0,0.0,0.0,6.0,6.0,6.0,K,BAL
2022,2,MIN,00-0034450,G.Joseph,0.0,0.0,0.0,0.0,0.0,0.0,1.0,1.0,1.0,K,PHI
2022,2,NE,00-0025565,N.Folk,1.0,0.0,1.0,1.0,0.0,0.0,2.0,2.0,5.0,K,PIT
2022,2,NO,00-0032569,W.Lutz,1.0,0.0,0.0,1.0,0.0,0.0,1.0,1.0,4.0,K,TB
2022,2,NYG,00-0026858,G.Gano,2.0,0.0,2.0,2.0,0.0,2.0,1.0,1.0,17.0,K,CAR
2022,2,NYJ,00-0029621,G.Zuerlein,0.0,0.0,1.0,0.0,0.0,1.0,4.0,4.0,9.0,K,CLE
2022,2,PHI,00-0033787,J.Elliott,1.0,1.0,0.0,1.0,0.0,0.0,3.0,3.0,6.0,K,MIN
2022,2,PIT,00-0031136,C.Boswell,1.0,0.0,1.0,1.0,0.0,1.0,0.0,0.0,8.0,K,NE
2022,2,SEA,00-0031492,J.Myers,0.0,0.0,0.0,0.0,0.0,0.0,1.0,1.0,1.0,K,SF
2022,2,SF,00-0023252,R.Gould,3.0,0.0,0.0,2.0,0.0,0.0,3.0,3.0,9.0,K,SEA
2022,2,TB,00-0026968,R.Succop,0.0,2.0,0.0,0.0,2.0,0.0,2.0,2.0,10.0,K,NO
2022,2,TEN,00-0029421,R.Bullock,0.0,0.0,0.0,0.0,0.0,0.0,1.0,1.0,1.0,K,BUF
2022,2,WAS,00-0035192,J.Slye,0.0,0.0,0.0,0.0,0.0,0.0,2.0,1.0,1.0,K,DET
2022,3,ARI,00-0023853,M.Prater,2.0,2.0,0.0,2.0,2.0,0.0,0.0,0.0,14.0,K,LA
2022,3,ATL,00-0033702,Y.Koo,0.0,1.0,1.0,0.0,1.0,1.0,3.0,3.0,12.0,K,SEA
2022,3,BAL,00-0029597,J.Tucker,0.0,0.0,1.0,0.0,0.0,1.0,5.0,4.0,9.0,K,NE
2022,3,BUF,00-0036162,T.Bass,2.0,0.0,0.0,1.0,0.0,0.0,2.0,2.0,5.0,K,MIA
2022,3,CAR,00-0034173,E.Pineiro,1.0,2.0,0.0,1.0,2.0,0.0,1.0,1.0,12.0,K,NO
2022,3,CHI,00-0031203,C.Santos,1.0,1.0,1.0,1.0,1.0,1.0,2.0,2.0,14.0,K,HOU
2022,3,CIN,00-0036854,E.McPherson,1.0,2.0,0.0,1.0,1.0,0.0,3.0,3.0,10.0,K,NYJ
2022,3,CLE,00-0038097,C.York,1.0,0.0,0.0,1.0,0.0,0.0,3.0,2.0,5.0,K,PIT
2022,3,DAL,00-0030332,B.Maher,2.0,1.0,1.0,2.0,1.0,0.0,2.0,2.0,12.0,K,NYG
2022,3,DEN,00-0029822,B.McManus,0.0,0.0,2.0,0.0,0.0,1.0,0.0,0.0,5.0,K,SF
2022,3,DET,00-0035145,A.Seibert,0.0,2.0,1.0,0.0,1.0,0.0,3.0,3.0,7.0,K,MIN
2022,3,GB,00-0025580,M.Crosby,0.0,0.0,0.0,0.0,0.0,0.0,2.0,2.0,2.0,K,TB
2022,3,HOU,00-0032726,K.Fairbairn,2.0,0.0,0.0,2.0,0.0,0.0,2.0,2.0,8.0,K,CHI
2022,3,IND,00-0035358,C.McLaughlin,0.0,1.0,1.0,0.0,1.0,1.0,2.0,2.0,11.0,K,KC
2022,3,JAX,00-0036816,R.Patterson,3.0,0.0,0.0,3.0,0.0,0.0,3.0,3.0,12.0,K,LAC
2022,3,KC,00-0036469,M.Ammendola,2.0,0.0,0.0,1.0,0.0,0.0,1.0,0.0,3.0,K,IND
2022,3,LA,00-0035269,M.Gay,1.0,1.0,0.0,1.0,1.0,0.0,2.0,2.0,9.0,K,ARI
2022,3,LAC,00-0030098,D.Hopkins,1.0,0.0,0.0,1.0,0.0,0.0,1.0,1.0,4.0,K,JAX
2022,3,LV,00-0034161,D.Carlson,3.0,0.0,0.0,3.0,0.0,0.0,1.0,1.0,10.0,K,TEN
2022,3,MIA,00-0034794,J.Sanders,0.0,0.0,0.0,0.0,0.0,0.0,3.0,3.0,3.0,K,BUF
2022,3,MIN,00-0034450,G.Joseph,0.0,0.0,2.0,0.0,0.0,0.0,4.0,4.0,4.0,K,DET
2022,3,NE,00-0025565,N.Folk,1.0,0.0,1.0,1.0,0.0,1.0,2.0,2.0,10.0,K,BAL
2022,3,NO,00-0032569,W.Lutz,1.0,1.0,0.0,0.0,0.0,0.0,2.0,2.0,2.0,K,CAR
2022,3,NYG,00-0026858,G.Gano,0.0,2.0,2.0,0.0,1.0,2.0,1.0,1.0,15.0,K,DAL
2022,3,NYJ,00-0029621,G.Zuerlein,0.0,2.0,2.0,0.0,2.0,2.0,0.0,0.0,18.0,K,CIN
2022,3,PHI,00-0033787,J.Elliott,1.0,0.0,0.0,1.0,0.0,0.0,3.0,3.0,6.0,K,WAS
2022,3,PIT,00-0031136,C.Boswell,1.0,1.0,0.0,1.0,0.0,0.0,2.0,2.0,5.0,K,CLE
2022,3,SEA,00-0031492,J.Myers,3.0,0.0,0.0,3.0,0.0,0.0,2.0,2.0,11.0,K,ATL
2022,3,SF,00-0023252,R.Gould,0.0,0.0,1.0,0.0,0.0,1.0,1.0,1.0,6.0,K,DEN
2022,3,TB,00-0026968,R.Succop,0.0,2.0,0.0,0.0,2.0,0.0,0.0,0.0,8.0,K,GB
2022,3,TEN,00-0029421,R.Bullock,0.0,1.0,0.0,0.0,1.0,0.0,3.0,3.0,7.0,K,LV
2022,4,ARI,00-0023853,M.Prater,2.0,0.0,0.0,2.0,0.0,0.0,2.0,2.0,8.0,K,CAR
2022,4,ATL,00-0033702,Y.Koo,2.0,1.0,0.0,2.0,1.0,0.0,2.0,2.0,12.0,K,CLE
2022,4,BAL,00-0029597,J.Tucker,0.0,1.0,1.0,0.0,1.0,1.0,2.0,2.0,11.0,K,BUF
2022,4,BUF,00-0036162,T.Bass,3.0,0.0,0.0,3.0,0.0,0.0,2.0,2.0,11.0,K,BAL
2022,4,CAR,00-0034173,E.Pineiro,0.0,0.0,1.0,0.0,0.0,1.0,1.0,1.0,6.0,K,ARI
2022,4,CHI,00-0034084,M.Badgley,3.0,1.0,0.0,3.0,1.0,0.0,0.0,0.0,13.0,K,NYG
2022,4,CIN,00-0036854,E.McPherson,1.0,0.0,1.0,1.0,0.0,1.0,3.0,3.0,11.0,K,MIA
2022,4,CLE,00-0038097,C.York,1.0,1.0,0.0,1.0,1.0,0.0,2.0,2.0,9.0,K,ATL
2022,4,DAL,00-0030332,B.Maher,2.0,1.0,1.0,2.0,1.0,1.0,2.0,1.0,16.0,K,WAS
2022,4,DEN,00-0029822,B.McManus,1.0,0.0,0.0,1.0,0.0,0.0,3.0,2.0,5.0,K,LV
2022,4,DET,00-0036168,D.Eberle,0.0,1.0,0.0,0.0,1.0,0.0,4.0,2.0,6.0,K,SEA
2022,4,GB,00-0025580,M.Crosby,2.0,0.0,0.0,2.0,0.0,0.0,3.0,3.0,9.0,K,NE
2022,4,HOU,00-0032726,K.Fairbairn,0.0,2.0,0.0,0.0,1.0,0.0,3.0,3.0,7.0,K,LAC
2022,4,IND,00-0035358,C.McLaughlin,1.0,0.0,1.0,1.0,0.0,0.0,2.0,2.0,5.0,K,TEN
2022,4,JAX,00-0036816,R.Patterson,0.0,0.0,0.0,0.0,0.0,0.0,3.0,3.0,3.0,K,PHI
2022,4,KC,00-0035189,M.Wright,1.0,1.0,0.0,1.0,1.0,0.0,5.0,5.0,12.0,K,TB
2022,4,LA,00-0035269,M.Gay,3.0,0.0,0.0,3.0,0.0,0.0,0.0,0.0,9.0,K,SF
2022,4,LAC,00-0030098,D.Hopkins,2.0,0.0,0.0,2.0,0.0,0.0,4.0,4.0,10.0,K,HOU
2022,4,LV,00-0034161,D.Carlson,4.0,0.0,0.0,4.0,0.0,0.0,3.0,2.0,14.0,K,DEN
2022,4,MIA,00-0034794,J.Sanders,2.0,1.0,1.0,2.0,1.0,0.0,1.0,0.0,10.0,K,CIN
2022,4,MIN,00-0034450,G.Joseph,3.0,2.0,0.0,3.0,2.0,0.0,2.0,1.0,18.0,K,NO
2022,4,NE,00-0025565,N.Folk,1.0,0.0,0.0,1.0,0.0,0.0,3.0,3.0,6.0,K,GB
2022,4,NO,00-0032569,W.Lutz,0.0,0.0,2.0,0.0,0.0,1.0,2.0,2.0,7.0,K,MIN
2022,4,NYG,00-0026858,G.Gano,1.0,2.0,0.0,0.0,2.0,0.0,2.0,2.0,10.0,K,CHI
2022,4,NYJ,00-0029621,G.Zuerlein,1.0,0.0,0.0,1.0,0.0,0.0,3.0,3.0,6.0,K,PIT
2022,4,PHI,00-0033787,J.Elliott,1.0,0.0,0.0,1.0,0.0,0.0,3.0,2.0,5.0,K,JAX
2022,4,PIT,00-0031136,C.Boswell,0.0,0.0,2.0,0.0,0.0,2.0,2.0,2.0,12.0,K,NYJ
2022,4,SEA,00-0031492,J.Myers,2.0,0.0,1.0,1.0,0.0,1.0,6.0,6.0,14.0,K,DET
2022,4,SF,00-0023252,R.Gould,1.0,1.0,0.0,1.0,0.0,0.0,3.0,3.0,6.0,K,LA
2022,4,TB,00-0026968,R.Succop,0.0,1.0,0.0,0.0,1.0,0.0,4.0,4.0,8.0,K,KC
2022,4,TEN,00-0029421,R.Bullock,0.0,1.0,0.0,0.0,1.0,0.0,3.0,3.0,7.0,K,IND
2022,4,WAS,00-0035192,J.Slye,0.0,1.0,0.0,0.0,1.0,0.0,1.0,1.0,5.0,K,DAL
2022,5,ARI,00-0036469,M.Ammendola,1.0,1.0,0.0,1.0,0.0,0.0,2.0,2.0,5.0,K,PHI
2022,5,ATL,00-0033702,Y.Koo,0.0,0.0,1.0,0.0,0.0,0.0,1.0,1.0,1.0,K,TB
2022,5,BAL,00-0029597,J.Tucker,2.0,1.0,1.0,2.0,1.0,1.0,1.0,1.0,16.0,K,CIN
2022,5,BUF,00-0036162,T.Bass,1.0,1.0,0.0,1.0,0.0,0.0,5.0,5.0,8.0,K,PIT
2022,5,CAR,00-0034173,E.Pineiro,2.0,2.0,0.0,2.0,1.0,0.0,0.0,0.0,10.0,K,SF
2022,5,CHI,00-0031203,C.Santos,0.0,1.0,2.0,0.0,1.0,2.0,1.0,1.0,15.0,K,MIN
2022,5,CIN,00-0036854,E.McPherson,0.0,1.0,0.0,0.0,1.0,0.0,2.0,2.0,6.0,K,BAL
2022,5,CLE,00-0038097,C.York,0.0,1.0,1.0,0.0,0.0,0.0,4.0,4.0,4.0,K,LAC
2022,5,DAL,00-0030332,B.Maher,2.0,1.0,0.0,2.0,1.0,0.0,1.0,1.0,11.0,K,LA
2022,5,DEN,00-0029822,B.McManus,2.0,2.0,0.0,1.0,2.0,0.0,0.0,0.0,11.0,K,IND
2022,5,GB,00-0025580,M.Crosby,0.0,2.0,0.0,0.0,2.0,0.0,2.0,2.0,10.0,K,NYG
2022,5,HOU,00-0032726,K.Fairbairn,0.0,0.0,2.0,0.0,0.0,2.0,1.0,1.0,11.0,K,JAX
2022,5,IND,00-0035358,C.McLaughlin,1.0,1.0,2.0,1.0,1.0,2.0,0.0,0.0,17.0,K,DEN
2022,5,JAX,00-0036816,R.Patterson,1.0,1.0,0.0,1.0,1.0,0.0,0.0,0.0,7.0,K,HOU
2022,5,KC,00-0035189,M.Wright,0.0,1.0,1.0,0.0,0.0,1.0,3.0,3.0,8.0,K,LV
2022,5,LA,00-0035269,M.Gay,1.0,0.0,1.0,1.0,0.0,0.0,1.0,1.0,4.0,K,DAL
2022,5,LAC,00-0032669,T.Bertolet,3.0,0.0,0.0,3.0,0.0,0.0,3.0,3.0,12.0,K,CLE
2022,5,LV,00-0034161,D.Carlson,0.0,1.0,2.0,0.0,1.0,2.0,2.0,2.0,16.0,K,KC
2022,5,MIA,00-0034794,J.Sanders,0.0,1.0,1.0,0.0,1.0,0.0,2.0,2.0,6.0,K,NYJ
2022,5,MIN,00-0034450,G.Joseph,0.0,0.0,2.0,0.0,0.0,0.0,3.0,3.0,3.0,K,CHI
2022,5,NE,00-0025565,N.Folk,4.0,1.0,0.0,4.0,1.0,0.0,2.0,2.0,18.0,K,DET
2022,5,NO,00-0032569,W.Lutz,0.0,0.0,1.0,0.0,0.0,1.0,4.0,4.0,9.0,K,SEA
2022,5,NYG,00-0026858,G.Gano,1.0,1.0,0.0,1.0,1.0,0.0,3.0,3.0,10.0,K,GB
2022,5,NYJ,00-0029621,G.Zuerlein,1.0,0.0,0.0,1.0,0.0,0.0,5.0,5.0,8.0,K,MIA
2022,5,PHI,00-0037224,C.Dicker,1.0,1.0,0.0,1.0,1.0,0.0,2.0,2.0,9.0,K,ARI
2022,5,PIT,00-0031136,C.Boswell,2.0,1.0,0.0,1.0,0.0,0.0,0.0,0.0,3.0,K,BUF
2022,5,SEA,00-0031492,J.Myers,1.0,0.0,1.0,1.0,0.0,1.0,3.0,2.0,10.0,K,NO
2022,5,SF,00-0023252,R.Gould,0.0,2.0,0.0,0.0,1.0,0.0,3.0,3.0,7.0,K,CAR
2022,5,SF,00-0034941,M.Wishnowsky,0.0,0.0,0.0,0.0,0.0,0.0,2.0,1.0,1.0,K,CAR
2022,5,TB,00-0026968,R.Succop,1.0,1.0,0.0,1.0,1.0,0.0,1.0,1.0,8.0,K,ATL
2022,5,TEN,00-0029421,R.Bullock,0.0,0.0,0.0,0.0,0.0,0.0,3.0,3.0,3.0,K,WAS
2022,5,WAS,00-0035192,J.Slye,0.0,0.0,1.0,0.0,0.0,1.0,2.0,2.0,7.0,K,TEN
2022,6,ARI,00-0036469,M.Ammendola,1.0,0.0,0.0,1.0,0.0,0.0,1.0,0.0,3.0,K,SEA
2022,6,ATL,00-0033702,Y.Koo,0.0,0.0,0.0,0.0,0.0,0.0,4.0,4.0,4.0,K,SF
2022,6,BAL,00-0029597,J.Tucker,2.0,0.0,1.0,2.0,0.0,0.0,2.0,2.0,8.0,K,NYG
2022,6,BUF,00-0036162,T.Bass,1.0,0.0,0.0,1.0,0.0,0.0,3.0,3.0,6.0,K,KC
2022,6,CAR,00-0034173,E.Pineiro,0.0,1.0,0.0,0.0,1.0,0.0,1.0,1.0,5.0,K,LA
2022,6,CHI,00-0031203,C.Santos,0.0,0.0,0.0,0.0,0.0,0.0,1.0,1.0,1.0,K,WAS
2022,6,CIN,00-0036854,E.McPherson,0.0,0.0,1.0,0.0,0.0,1.0,3.0,3.0,8.0,K,NO
2022,6,CLE,00-0038097,C.York,1.0,1.0,1.0,1.0,1.0,1.0,0.0,0.0,12.0,K,NE
2022,6,DAL,00-0030332,B.Maher,1.0,0.0,1.0,1.0,0.0,0.0,2.0,2.0,5.0,K,PHI
2022,6,DEN,00-0029822,B.McManus,1.0,1.0,1.0,1.0,1.0,1.0,1.0,1.0,13.0,K,LAC
2022,6,GB,00-0025580,M.Crosby,1.0,1.0,0.0,1.0,0.0,0.0,1.0,1.0,4.0,K,NYJ
2022,6,IND,00-0035358,C.McLaughlin,1.0,1.0,0.0,1.0,1.0,0.0,2.0,2.0,9.0,K,JAX
2022,6,JAX,00-0036816,R.Patterson,0.0,0.0,0.0,0.0,0.0,0.0,3.0,3.0,3.0,K,IND
2022,6,KC,00-0033303,H.Butker,0.0,1.0,2.0,0.0,1.0,1.0,2.0,2.0,11.0,K,BUF
2022,6,LA,00-0035269,M.Gay,1.0,0.0,0.0,1.0,0.0,0.0,3.0,3.0,6.0,K,CAR
2022,6,LAC,00-0030098,D.Hopkins,4.0,0.0,0.0,4.0,0.0,0.0,1.0,1.0,13.0,K,DEN
2022,6,MIA,00-0034794,J.Sanders,0.0,1.0,1.0,0.0,1.0,0.0,1.0,1.0,5.0,K,MIN
2022,6,MIN,00-0034450,G.Joseph,1.0,0.0,0.0,1.0,0.0,0.0,2.0,1.0,4.0,K,MIA
2022,6,NE,00-0025565,N.Folk,1.0,1.0,0.0,1.0,0.0,0.0,5.0,5.0,8.0,K,CLE
2022,6,NO,00-0032569,W.Lutz,4.0,0.0,0.0,4.0,0.0,0.0,2.0,2.0,14.0,K,CIN
2022,6,NYG,00-0026858,G.Gano,1.0,0.0,0.0,1.0,0.0,0.0,3.0,3.0,6.0,K,BAL
2022,6,NYJ,00-0029621,G.Zuerlein,2.0,0.0,1.0,2.0,0.0,0.0,3.0,3.0,9.0,K,GB
2022,6,PHI,00-0033787,J.Elliott,1.0,0.0,1.0,1.0,0.0,1.0,2.0,2.0,10.0,K,DAL
2022,6,PIT,00-0031136,C.Boswell,1.0,0.0,1.0,1.0,0.0,1.0,2.0,2.0,10.0,K,TB
2022,6,SEA,00-0031492,J.Myers,4.0,0.0,0.0,4.0,0.0,0.0,1.0,1.0,13.0,K,ARI
2022,6,SF,00-0023252,R.Gould,0.0,0.0,0.0,0.0,0.0,0.0,2.0,2.0,2.0,K,ATL
2022,6,TB,00-0026968,R.Succop,3.0,0.0,1.0,3.0,0.0,1.0,0.0,0.0,14.0,K,PIT
2022,6,WAS,00-0035192,J.Slye,2.0,1.0,0.0,2.0,0.0,0.0,0.0,0.0,6.0,K,CHI
2022,7,ARI,00-0035849,R.Blankenship,1.0,0.0,1.0,1.0,0.0,1.0,3.0,2.0,10.0,K,NO
2022,7,ATL,00-0033702,Y.Koo,0.0,1.0,0.0,0.0,1.0,0.0,2.0,2.0,6.0,K,CIN
2022,7,BAL,00-0029597,J.Tucker,2.0,0.0,1.0,2.0,0.0,1.0,2.0,2.0,13.0,K,CLE
2022,7,CAR,00-0034173,E.Pineiro,0.0,0.0,0.0,0.0,0.0,0.0,3.0,3.0,3.0,K,TB
2022,7,CHI,00-0031203,C.Santos,2.0,1.0,1.0,2.0,1.0,1.0,3.0,3.0,18.0,K,NE
2022,7,CIN,00-0036854,E.McPherson,0.0,0.0,0.0,0.0,0.0,0.0,5.0,5.0,5.0,K,ATL
2022,7,CLE,00-0038097,C.York,1.0,1.0,1.0,1.0,1.0,0.0,2.0,2.0,9.0,K,BAL
2022,7,DAL,00-0030332,B.Maher,1.0,0.0,0.0,1.0,0.0,0.0,3.0,3.0,6.0,K,DET
2022,7,DEN,00-0029822,B.McManus,0.0,1.0,1.0,0.0,1.0,0.0,1.0,0.0,4.0,K,NYJ
2022,7,DET,00-0034084,M.Badgley,0.0,1.0,1.0,0.0,1.0,1.0,0.0,0.0,9.0,K,DAL
2022,7,GB,00-0025580,M.Crosby,0.0,0.0,0.0,0.0,0.0,0.0,3.0,3.0,3.0,K,WAS
2022,7,HOU,00-0032726,K.Fairbairn,2.0,0.0,1.0,1.0,0.0,1.0,2.0,2.0,10.0,K,LV
2022,7,IND,00-0035358,C.McLaughlin,0.0,0.0,1.0,0.0,0.0,1.0,1.0,1.0,6.0,K,TEN
2022,7,JAX,00-0036816,R.Patterson,1.0,0.0,0.0,1.0,0.0,0.0,1.0,0.0,3.0,K,NYG
2022,7,KC,00-0033303,H.Butker,1.0,0.0,0.0,0.0,0.0,0.0,6.0,6.0,6.0,K,SF
2022,7,LAC,00-0032669,T.Bertolet,0.0,0.0,0.0,0.0,0.0,0.0,3.0,3.0,3.0,K,SEA
2022,7,LV,00-0034161,D.Carlson,0.0,0.0,1.0,0.0,0.0,1.0,5.0,5.0,10.0,K,HOU
2022,7,MIA,00-0034794,J.Sanders,1.0,2.0,0.0,1.0,2.0,0.0,1.0,1.0,12.0,K,PIT
2022,7,NE,00-0025565,N.Folk,0.0,0.0,0.0,0.0,0.0,0.0,2.0,2.0,2.0,K,CHI
2022,7,NO,00-0032569,W.Lutz,1.0,1.0,0.0,1.0,1.0,0.0,4.0,4.0,11.0,K,ARI
2022,7,NYG,00-0026858,G.Gano,3.0,0.0,0.0,3.0,0.0,0.0,2.0,2.0,11.0,K,JAX
2022,7,NYJ,00-0029621,G.Zuerlein,1.0,2.0,0.0,1.0,2.0,0.0,1.0,1.0,12.0,K,DEN
2022,7,PIT,00-0031136,C.Boswell,0.0,1.0,0.0,0.0,1.0,0.0,1.0,1.0,5.0,K,MIA
2022,7,SEA,00-0031492,J.Myers,1.0,1.0,1.0,1.0,1.0,1.0,4.0,4.0,16.0,K,LAC
2022,7,SF,00-0023252,R.Gould,1.0,1.0,1.0,1.0,1.0,1.0,2.0,2.0,14.0,K,KC
2022,7,TB,00-0026968,R.Succop,1.0,0.0,0.0,1.0,0.0,0.0,0.0,0.0,3.0,K,CAR
2022,7,TEN,00-0029421,R.Bullock,3.0,1.0,0.0,3.0,1.0,0.0,1.0,1.0,14.0,K,IND
2022,7,WAS,00-0035192,J.Slye,3.0,1.0,0.0,3.0,0.0,0.0,2.0,2.0,11.0,K,GB
2022,8,ARI,00-0023853,M.Prater,1.0,1.0,0.0,1.0,1.0,0.0,2.0,2.0,9.0,K,MIN
2022,8,ATL,00-0033702,Y.Koo,2.0,1.0,0.0,2.0,1.0,0.0,4.0,4.0,14.0,K,CAR
2022,8,BAL,00-0029597,J.Tucker,2.0,0.0,1.0,2.0,0.0,0.0,3.0,3.0,9.0,K,TB
2022,8,BUF,00-0036162,T.Bass,1.0,1.0,0.0,1.0,1.0,0.0,3.0,3.0,10.0,K,GB
2022,8,CAR,00-0034173,E.Pineiro,2.0,1.0,0.0,1.0,1.0,0.0,3.0,2.0,9.0,K,ATL
2022,8,CHI,00-0031203,C.Santos,1.0,0.0,0.0,1.0,0.0,0.0,2.0,2.0,5.0,K,DAL
2022,8,CIN,00-0036854,E.McPherson,0.0,1.0,0.0,0.0,0.0,0.0,2.0,1.0,1.0,K,CLE
2022,8,CLE,00-0038097,C.York,0.0,0.0,2.0,0.0,0.0,1.0,3.0,3.0,8.0,K,CIN
2022,8,DAL,00-0030332,B.Maher,0.0,0.0,0.0,0.0,0.0,0.0,7.0,7.0,7.0,K,CHI
2022,8,DEN,00-0029822,B.McManus,0.0,0.0,0.0,0.0,0.0,0.0,3.0,3.0,3.0,K,JAX
2022,8,DET,00-0034084,M.Badgley,1.0,1.0,0.0,1.0,1.0,0.0,3.0,3.0,10.0,K,MIA
2022,8,GB,00-0025580,M.Crosby,1.0,0.0,1.0,1.0,0.0,0.0,2.0,2.0,5.0,K,BUF
2022,8,HOU,00-0032726,K.Fairbairn,0.0,1.0,0.0,0.0,1.0,0.0,1.0,1.0,5.0,K,TEN
2022,8,IND,00-0035358,C.McLaughlin,2.0,1.0,0.0,2.0,1.0,0.0,1.0,1.0,11.0,K,WAS
2022,8,JAX,00-0036816,R.Patterson,1.0,0.0,0.0,1.0,0.0,0.0,2.0,2.0,5.0,K,DEN
2022,8,LA,00-0035269,M.Gay,0.0,0.0,0.0,0.0,0.0,0.0,2.0,2.0,2.0,K,SF
2022,8,MIA,00-0034794,J.Sanders,0.0,1.0,0.0,0.0,1.0,0.0,4.0,4.0,8.0,K,DET
2022,8,MIN,00-0034450,G.Joseph,0.0,0.0,1.0,0.0,0.0,0.0,5.0,4.0,4.0,K,ARI
2022,8,NE,00-0025565,N.Folk,1.0,3.0,1.0,1.0,3.0,1.0,1.0,1.0,21.0,K,NYJ
2022,8,NO,00-0032569,W.Lutz,2.0,0.0,0.0,1.0,0.0,0.0,3.0,3.0,6.0,K,LV
2022,8,NYG,00-0026858,G.Gano,1.0,1.0,0.0,1.0,1.0,0.0,1.0,1.0,8.0,K,SEA
2022,8,NYJ,00-0029621,G.Zuerlein,1.0,1.0,0.0,1.0,0.0,0.0,2.0,2.0,5.0,K,NE
2022,8,PHI,00-0033787,J.Elliott,0.0,0.0,0.0,0.0,0.0,0.0,5.0,5.0,5.0,K,PIT
2022,8,PIT,00-0037645,N.Sciba,2.0,0.0,0.0,2.0,0.0,0.0,1.0,1.0,7.0,K,PHI
2022,8,SEA,00-0031492,J.Myers,1.0,0.0,1.0,1.0,0.0,1.0,3.0,3.0,11.0,K,NYG
2022,8,SF,00-0023252,R.Gould,1.0,0.0,0.0,1.0,0.0,0.0,4.0,4.0,7.0,K,LA
2022,8,TB,00-0026968,R.Succop,3.0,0.0,0.0,3.0,0.0,0.0,1.0,1.0,10.0,K,BAL
2022,8,TEN,00-0029421,R.Bullock,1.0,1.0,0.0,1.0,0.0,0.0,2.0,2.0,5.0,K,HOU
2022,8,WAS,00-0035192,J.Slye,1.0,0.0,0.0,1.0,0.0,0.0,2.0,2.0,5.0,K,IND
2022,9,ARI,00-0023853,M.Prater,0.0,0.0,0.0,0.0,0.0,0.0,3.0,3.0,3.0,K,SEA
2022,9,ATL,00-0033702,Y.Koo,1.0,0.0,1.0,1.0,0.0,0.0,2.0,2.0,5.0,K,LAC
2022,9,BAL,00-0029597,J.Tucker,1.0,1.0,0.0,1.0,1.0,0.0,3.0,3.0,10.0,K,NO
2022,9,BUF,00-0036162,T.Bass,0.0,0.0,2.0,0.0,0.0,1.0,2.0,2.0,7.0,K,NYJ
2022,9,CAR,00-0034173,E.Pineiro,0.0,0.0,0.0,0.0,0.0,0.0,3.0,3.0,3.0,K,CIN
2022,9,CHI,00-0031203,C.Santos,1.0,0.0,0.0,1.0,0.0,0.0,3.0,3.0,6.0,K,MIA
2022,9,CIN,00-0036854,E.McPherson,0.0,1.0,0.0,0.0,0.0,0.0,6.0,6.0,6.0,K,CAR
2022,9,DET,00-0034084,M.Badgley,0.0,0.0,0.0,0.0,0.0,0.0,1.0,1.0,1.0,K,GB
2022,9,GB,00-0025580,M.Crosby,1.0,0.0,0.0,1.0,0.0,0.0,0.0,0.0,3.0,K,DET
2022,9,HOU,00-0032726,K.Fairbairn,1.0,0.0,0.0,1.0,0.0,0.0,2.0,2.0,5.0,K,PHI
2022,9,IND,00-0035358,C.McLaughlin,1.0,1.0,0.0,0.0,1.0,0.0,0.0,0.0,4.0,K,NE
2022,9,JAX,00-0036816,R.Patterson,0.0,3.0,0.0,0.0,2.0,0.0,3.0,3.0,11.0,K,LV
2022,9,KC,00-0033303,H.Butker,2.0,1.0,0.0,2.0,0.0,0.0,1.0,0.0,6.0,K,TEN
2022,9,LA,00-0035269,M.Gay,2.0,0.0,0.0,2.0,0.0,0.0,1.0,1.0,7.0,K,TB
2022,9,LAC,00-0037224,C.Dicker,2.0,0.0,0.0,2.0,0.0,0.0,2.0,2.0,8.0,K,ATL
2022,9,LV,00-0034161,D.Carlson,2.0,0.0,0.0,2.0,0.0,0.0,2.0,2.0,8.0,K,JAX
2022,9,MIA,00-0034794,J.Sanders,1.0,0.0,0.0,0.0,0.0,0.0,5.0,5.0,5.0,K,CHI
2022,9,MIN,00-0034450,G.Joseph,2.0,0.0,0.0,2.0,0.0,0.0,2.0,2.0,8.0,K,WAS
2022,9,NE,00-0025565,N.Folk,1.0,3.0,0.0,1.0,3.0,0.0,2.0,2.0,17.0,K,IND
2022,9,NO,00-0032569,W.Lutz,2.0,0.0,0.0,2.0,0.0,0.0,1.0,1.0,7.0,K,BAL
2022,9,NYJ,00-0029621,G.Zuerlein,1.0,0.0,1.0,1.0,0.0,1.0,2.0,2.0,10.0,K,BUF
2022,9,PHI,00-0033787,J.Elliott,0.0,0.0,1.0,0.0,0.0,0.0,3.0,3.0,3.0,K,HOU
2022,9,SEA,00-0031492,J.Myers,0.0,1.0,0.0,0.0,1.0,0.0,4.0,4.0,8.0,K,ARI
2022,9,TB,00-0026968,R.Succop,2.0,0.0,2.0,2.0,0.0,1.0,1.0,1.0,12.0,K,LA
2022,9,TEN,00-0029421,R.Bullock,0.0,1.0,0.0,0.0,1.0,0.0,2.0,2.0,6.0,K,KC
2022,9,WAS,00-0035192,J.Slye,0.0,1.0,0.0,0.0,1.0,0.0,2.0,2.0,6.0,K,MIN
2022,10,ARI,00-0034909,T.Vizcaino,1.0,1.0,0.0,1.0,1.0,0.0,3.0,3.0,10.0,K,LA
2022,10,ATL,00-0033702,Y.Koo,1.0,0.0,0.0,1.0,0.0,0.0,2.0,0.0,3.0,K,CAR
2022,10,BUF,00-0036162,T.Bass,2.0,1.0,0.0,2.0,1.0,0.0,3.0,3.0,13.0,K,MIN
2022,10,CAR,00-0034173,E.Pineiro,1.0,3.0,0.0,1.0,3.0,0.0,2.0,1.0,16.0,K,ATL
2022,10,CHI,00-0031203,C.Santos,1.0,0.0,0.0,1.0,0.0,0.0,4.0,3.0,6.0,K,DET
2022,10,CLE,00-0038097,C.York,1.0,0.0,0.0,1.0,0.0,0.0,2.0,2.0,5.0,K,MIA
2022,10,DAL,00-0030332,B.Maher,0.0,0.0,0.0,0.0,0.0,0.0,4.0,4.0,4.0,K,GB
2022,10,DEN,00-0029822,B.McManus,1.0,0.0,0.0,1.0,0.0,0.0,1.0,1.0,4.0,K,TEN
2022,10,DET,00-0034084,M.Badgley,1.0,0.0,0.0,1.0,0.0,0.0,4.0,4.0,7.0,K,CHI
2022,10,GB,00-0025580,M.Crosby,1.0,0.0,1.0,1.0,0.0,0.0,4.0,4.0,7.0,K,DAL
2022,10,HOU,00-0032726,K.Fairbairn,2.0,1.0,0.0,2.0,1.0,0.0,1.0,1.0,11.0,K,NYG
2022,10,IND,00-0035358,C.McLaughlin,0.0,3.0,0.0,0.0,2.0,0.0,1.0,1.0,9.0,K,LV
2022,10,JAX,00-0036816,R.Patterson,1.0,1.0,1.0,1.0,0.0,0.0,2.0,2.0,5.0,K,KC
2022,10,KC,00-0033303,H.Butker,0.0,0.0,0.0,0.0,0.0,0.0,4.0,3.0,3.0,K,JAX
2022,10,LA,00-0035269,M.Gay,1.0,0.0,0.0,1.0,0.0,0.0,2.0,2.0,5.0,K,ARI
2022,10,LAC,00-0037224,C.Dicker,1.0,2.0,0.0,1.0,2.0,0.0,1.0,1.0,12.0,K,SF
2022,10,LV,00-0034161,D.Carlson,0.0,0.0,0.0,0.0,0.0,0.0,2.0,2.0,2.0,K,IND
2022,10,MIA,00-0034794,J.Sanders,2.0,0.0,0.0,2.0,0.0,0.0,5.0,3.0,9.0,K,CLE
2022,10,MIN,00-0034450,G.Joseph,2.0,0.0,0.0,2.0,0.0,0.0,4.0,3.0,9.0,K,BUF
2022,10,NO,00-0032569,W.Lutz,0.0,1.0,0.0,0.0,1.0,0.0,1.0,1.0,5.0,K,PIT
2022,10,NYG,00-0026858,G.Gano,0.0,1.0,0.0,0.0,1.0,0.0,3.0,3.0,7.0,K,HOU
2022,10,PHI,00-0033787,J.Elliott,0.0,0.0,0.0,0.0,0.0,0.0,3.0,3.0,3.0,K,WAS
2022,10,PIT,00-0035189,M.Wright,3.0,1.0,0.0,2.0,0.0,0.0,2.0,2.0,8.0,K,NO
2022,10,SEA,00-0031492,J.Myers,0.0,0.0,1.0,0.0,0.0,1.0,1.0,1.0,6.0,K,TB
2022,10,SF,00-0023252,R.Gould,3.0,0.0,0.0,3.0,0.0,0.0,2.0,1.0,10.0,K,LAC
2022,10,TB,00-0026968,R.Succop,0.0,0.0,1.0,0.0,0.0,0.0,3.0,3.0,3.0,K,SEA
2022,10,TEN,00-0029421,R.Bullock,1.0,0.0,0.0,1.0,0.0,0.0,2.0,2.0,5.0,K,DEN
2022,10,WAS,00-0035192,J.Slye,1.0,1.0,2.0,1.0,1.0,2.0,2.0,2.0,19.0,K,PHI
2022,11,ARI,00-0023853,M.Prater,0.0,1.0,0.0,0.0,1.0,0.0,1.0,1.0,5.0,K,SF
2022,11,ATL,00-0033702,Y.Koo,0.0,1.0,1.0,0.0,1.0,1.0,3.0,3.0,12.0,K,CHI
2022,11,BAL,00-0029597,J.Tucker,2.0,0.0,0.0,2.0,0.0,0.0,1.0,1.0,7.0,K,CAR
2022,11,BUF,00-0036162,T.Bass,3.0,2.0,1.0,3.0,2.0,1.0,1.0,1.0,23.0,K,CLE
2022,11,CAR,00-0034173,E.Pineiro,1.0,0.0,0.0,1.0,0.0,0.0,0.0,0.0,3.0,K,BAL
2022,11,CHI,00-0031203,C.Santos,0.0,1.0,1.0,0.0,1.0,0.0,3.0,3.0,7.0,K,ATL
2022,11,CIN,00-0036854,E.McPherson,0.0,2.0,1.0,0.0,2.0,1.0,4.0,4.0,17.0,K,PIT
2022,11,CLE,00-0038097,C.York,2.0,0.0,0.0,1.0,0.0,0.0,2.0,2.0,5.0,K,BUF
2022,11,DAL,00-0030332,B.Maher,1.0,0.0,3.0,1.0,0.0,3.0,4.0,4.0,22.0,K,MIN
2022,11,DEN,00-0029822,B.McManus,1.0,2.0,1.0,0.0,2.0,1.0,1.0,1.0,14.0,K,LV
2022,11,DET,00-0034084,M.Badgley,1.0,0.0,0.0,1.0,0.0,0.0,4.0,4.0,7.0,K,NYG
2022,11,GB,00-0025580,M.Crosby,1.0,0.0,0.0,1.0,0.0,0.0,1.0,0.0,3.0,K,TEN
2022,11,HOU,00-0032726,K.Fairbairn,1.0,0.0,0.0,1.0,0.0,0.0,1.0,1.0,4.0,K,WAS
2022,11,IND,00-0035358,C.McLaughlin,2.0,0.0,2.0,2.0,0.0,1.0,1.0,1.0,12.0,K,PHI
2022,11,KC,00-0033303,H.Butker,2.0,0.0,1.0,2.0,0.0,1.0,3.0,3.0,14.0,K,LAC
2022,11,LA,00-0035269,M.Gay,1.0,0.0,1.0,1.0,0.0,1.0,2.0,2.0,10.0,K,NO
2022,11,LAC,00-0037224,C.Dicker,1.0,1.0,0.0,1.0,1.0,0.0,3.0,3.0,10.0,K,KC
2022,11,LV,00-0034161,D.Carlson,1.0,1.0,2.0,1.0,0.0,2.0,1.0,1.0,14.0,K,DEN
2022,11,MIN,00-0034450,G.Joseph,1.0,0.0,0.0,1.0,0.0,0.0,0.0,0.0,3.0,K,DAL
2022,11,NE,00-0025565,N.Folk,1.0,2.0,0.0,1.0,0.0,0.0,1.0,1.0,4.0,K,NYJ
2022,11,NO,00-0032569,W.Lutz,1.0,1.0,0.0,1.0,1.0,0.0,3.0,3.0,10.0,K,LA
2022,11,NYG,00-0026858,G.Gano,0.0,0.0,0.0,0.0,0.0,0.0,2.0,0.0,0.0,K,DET
2022,11,NYJ,00-0029621,G.Zuerlein,0.0,1.0,0.0,0.0,1.0,0.0,0.0,0.0,4.0,K,NE
2022,11,PHI,00-0033787,J.Elliott,1.0,0.0,0.0,1.0,0.0,0.0,2.0,2.0,5.0,K,IND
2022,11,PIT,00-0035189,M.Wright,2.0,1.0,0.0,2.0,1.0,0.0,3.0,3.0,13.0,K,CIN
2022,11,SF,00-0023252,R.Gould,1.0,0.0,0.0,1.0,0.0,0.0,5.0,5.0,8.0,K,ARI
2022,11,TEN,00-0032087,J.Lambo,0.0,0.0,0.0,0.0,0.0,0.0,4.0,3.0,3.0,K,GB
2022,11,WAS,00-0035192,J.Slye,2.0,1.0,0.0,2.0,1.0,0.0,2.0,2.0,12.0,K,HOU
2022,12,ARI,00-0023853,M.Prater,0.0,2.0,0.0,0.0,1.0,0.0,3.0,3.0,7.0,K,LAC
2022,12,ATL,00-0033702,Y.Koo,0.0,2.0,1.0,0.0,2.0,0.0,1.0,1.0,9.0,K,WAS
2022,12,BAL,00-0029597,J.Tucker,3.0,0.0,2.0,3.0,0.0,1.0,1.0,1.0,15.0,K,JAX
2022,12,BUF,00-0036162,T.Bass,0.0,2.0,0.0,0.0,2.0,0.0,3.0,2.0,10.0,K,DET
2022,12,CAR,00-0034173,E.Pineiro,2.0,1.0,0.0,2.0,1.0,0.0,2.0,2.0,12.0,K,DEN
2022,12,CHI,00-0031203,C.Santos,1.0,0.0,0.0,1.0,0.0,0.0,1.0,1.0,4.0,K,NYJ
2022,12,CIN,00-0036854,E.McPherson,1.0,1.0,0.0,1.0,1.0,0.0,2.0,2.0,9.0,K,TEN
2022,12,CLE,00-0038097,C.York,1.0,0.0,1.0,0.0,0.0,1.0,2.0,2.0,7.0,K,TB
2022,12,DAL,00-0030332,B.Maher,0.0,1.0,0.0,0.0,0.0,0.0,4.0,4.0,4.0,K,NYG
2022,12,DEN,00-0029822,B.McManus,1.0,0.0,1.0,1.0,0.0,0.0,1.0,1.0,4.0,K,CAR
2022,12,DET,00-0034084,M.Badgley,1.0,0.0,1.0,0.0,0.0,1.0,2.0,2.0,7.0,K,BUF
2022,12,GB,00-0025580,M.Crosby,2.0,0.0,0.0,2.0,0.0,0.0,4.0,3.0,9.0,K,PHI
2022,12,HOU,00-0032726,K.Fairbairn,1.0,0.0,0.0,1.0,0.0,0.0,0.0,0.0,3.0,K,MIA
2022,12,IND,00-0035358,C.McLaughlin,0.0,0.0,2.0,0.0,0.0,1.0,2.0,2.0,7.0,K,PIT
2022,12,JAX,00-0036816,R.Patterson,2.0,0.0,0.0,2.0,0.0,0.0,2.0,2.0,8.0,K,BAL
2022,12,KC,00-0033303,H.Butker,4.0,0.0,0.0,4.0,0.0,0.0,2.0,2.0,14.0,K,LA
2022,12,LA,00-0035269,M.Gay,0.0,1.0,0.0,0.0,1.0,0.0,1.0,1.0,5.0,K,KC
2022,12,LAC,00-0037224,C.Dicker,1.0,0.0,0.0,1.0,0.0,0.0,2.0,2.0,5.0,K,ARI
2022,12,LV,00-0034161,D.Carlson,2.0,0.0,1.0,2.0,0.0,0.0,4.0,4.0,10.0,K,SEA
2022,12,MIA,00-0034794,J.Sanders,2.0,1.0,0.0,2.0,1.0,0.0,3.0,3.0,13.0,K,HOU
2022,12,MIN,00-0034450,G.Joseph,2.0,0.0,0.0,2.0,0.0,0.0,4.0,3.0,9.0,K,NE
2022,12,NE,00-0025565,N.Folk,3.0,1.0,0.0,3.0,1.0,0.0,2.0,2.0,15.0,K,MIN
2022,12,NO,00-0032569,W.Lutz,0.0,1.0,0.0,0.0,0.0,0.0,0.0,0.0,0.0,K,SF
2022,12,NYG,00-0026858,G.Gano,0.0,1.0,1.0,0.0,1.0,1.0,2.0,2.0,11.0,K,DAL
2022,12,NYJ,00-0029621,G.Zuerlein,0.0,0.0,2.0,0.0,0.0,1.0,4.0,4.0,9.0,K,CHI
2022,12,PHI,00-0033787,J.Elliott,1.0,0.0,1.0,1.0,0.0,1.0,5.0,4.0,12.0,K,GB
2022,12,PIT,00-0035189,M.Wright,1.0,1.0,1.0,1.0,1.0,1.0,1.0,1.0,13.0,K,IND
2022,12,SEA,00-0031492,J.Myers,2.0,0.0,0.0,2.0,0.0,0.0,4.0,4.0,10.0,K,LV
2022,12,SF,00-0023252,R.Gould,1.0,1.0,0.0,1.0,1.0,0.0,1.0,1.0,8.0,K,NO
2022,12,TB,00-0026968,R.Succop,0.0,1.0,0.0,0.0,1.0,0.0,2.0,2.0,6.0,K,CLE
2022,12,TEN,00-0037606,C.Shudak,4.0,0.0,0.0,3.0,0.0,0.0,1.0,1.0,10.0,K,CIN
2022,12,WAS,00-0035192,J.Slye,1.0,1.0,0.0,1.0,1.0,0.0,2.0,1.0,8.0,K,ATL
2022,13,ATL,00-0033702,Y.Koo,1.0,0.0,2.0,1.0,0.0,2.0,1.0,1.0,14.0,K,PIT
2022,13,BAL,00-0029597,J.Tucker,1.0,0.0,0.0,1.0,0.0,0.0,1.0,1.0,4.0,K,DEN
2022,13,BUF,00-0036162,T.Bass,0.0,1.0,0.0,0.0,1.0,0.0,3.0,3.0,7.0,K,NE
2022,13,CHI,00-0031203,C.Santos,1.0,2.0,0.0,1.0,1.0,0.0,2.0,1.0,8.0,K,GB
2022,13,CIN,00-0036854,E.McPherson,1.0,1.0,0.0,1.0,1.0,0.0,3.0,3.0,10.0,K,KC
2022,13,CLE,00-0038097,C.York,0.0,2.0,0.0,0.0,2.0,0.0,3.0,3.0,11.0,K,HOU
2022,13,DAL,00-0030332,B.Maher,0.0,0.0,0.0,0.0,0.0,0.0,7.0,6.0,6.0,K,IND
2022,13,DEN,00-0029822,B.McManus,0.0,1.0,3.0,0.0,1.0,2.0,0.0,0.0,14.0,K,BAL
2022,13,DET,00-0034084,M.Badgley,1.0,3.0,0.0,1.0,3.0,0.0,4.0,4.0,19.0,K,JAX
2022,13,GB,00-0025580,M.Crosby,2.0,0.0,0.0,2.0,0.0,0.0,2.0,2.0,8.0,K,CHI
2022,13,HOU,00-0032726,K.Fairbairn,1.0,1.0,0.0,1.0,1.0,0.0,0.0,0.0,7.0,K,CLE
2022,13,IND,00-0035358,C.McLaughlin,1.0,0.0,1.0,1.0,0.0,1.0,1.0,1.0,9.0,K,DAL
2022,13,JAX,00-0036816,R.Patterson,1.0,1.0,0.0,1.0,1.0,0.0,0.0,0.0,7.0,K,DET
2022,13,KC,00-0033303,H.Butker,1.0,0.0,1.0,1.0,0.0,0.0,3.0,3.0,6.0,K,CIN
2022,13,LA,00-0035269,M.Gay,1.0,1.0,1.0,1.0,1.0,1.0,2.0,2.0,14.0,K,SEA
2022,13,LAC,00-0037224,C.Dicker,2.0,0.0,1.0,2.0,0.0,0.0,2.0,2.0,8.0,K,LV
2022,13,LV,00-0034161,D.Carlson,1.0,0.0,2.0,1.0,0.0,1.0,3.0,3.0,11.0,K,LAC
2022,13,MIA,00-0034794,J.Sanders,0.0,1.0,0.0,0.0,1.0,0.0,2.0,2.0,6.0,K,SF
2022,13,MIN,00-0034450,G.Joseph,0.0,1.0,1.0,0.0,1.0,1.0,3.0,3.0,12.0,K,NYJ
2022,13,NE,00-0025565,N.Folk,1.0,1.0,0.0,1.0,0.0,0.0,1.0,1.0,4.0,K,BUF
2022,13,NO,00-0032569,W.Lutz,3.0,0.0,0.0,3.0,0.0,0.0,1.0,1.0,10.0,K,TB
2022,13,NYG,00-0026858,G.Gano,1.0,1.0,1.0,1.0,1.0,0.0,2.0,2.0,9.0,K,WAS
2022,13,NYJ,00-0029621,G.Zuerlein,3.0,1.0,1.0,3.0,1.0,1.0,1.0,1.0,19.0,K,MIN
2022,13,PHI,00-0033787,J.Elliott,0.0,0.0,0.0,0.0,0.0,0.0,5.0,5.0,5.0,K,TEN
2022,13,PIT,00-0035189,M.Wright,1.0,3.0,0.0,1.0,3.0,0.0,1.0,1.0,16.0,K,ATL
2022,13,SEA,00-0031492,J.Myers,1.0,1.0,0.0,1.0,1.0,0.0,3.0,3.0,10.0,K,LA
2022,13,SF,00-0023252,R.Gould,1.0,3.0,0.0,1.0,3.0,0.0,3.0,3.0,18.0,K,MIA
2022,13,TB,00-0026968,R.Succop,1.0,0.0,0.0,1.0,0.0,0.0,2.0,2.0,5.0,K,NO
2022,13,TEN,00-0029421,R.Bullock,1.0,0.0,0.0,1.0,0.0,0.0,1.0,1.0,4.0,K,PHI
2022,13,WAS,00-0035192,J.Slye,1.0,1.0,1.0,1.0,1.0,0.0,2.0,2.0,9.0,K,NYG
2022,14,ARI,00-0023853,M.Prater,2.0,0.0,1.0,2.0,0.0,0.0,1.0,1.0,7.0,K,NE
2022,14,BAL,00-0029597,J.Tucker,2.0,1.0,0.0,2.0,1.0,0.0,1.0,1.0,11.0,K,PIT
2022,14,BUF,00-0036162,T.Bass,1.0,1.0,0.0,1.0,1.0,0.0,2.0,2.0,9.0,K,NYJ
2022,14,CAR,00-0034173,E.Pineiro,2.0,1.0,0.0,2.0,1.0,0.0,3.0,3.0,13.0,K,SEA
2022,14,CIN,00-0036854,E.McPherson,1.0,0.0,0.0,1.0,0.0,0.0,3.0,2.0,5.0,K,CLE
2022,14,CLE,00-0038097,C.York,1.0,0.0,0.0,1.0,0.0,0.0,1.0,1.0,4.0,K,CIN
2022,14,DAL,00-0030332,B.Maher,1.0,0.0,1.0,1.0,0.0,1.0,3.0,3.0,11.0,K,HOU
2022,14,DEN,00-0029822,B.McManus,0.0,0.0,0.0,0.0,0.0,0.0,4.0,4.0,4.0,K,KC
2022,14,DET,00-0034084,M.Badgley,0.0,3.0,0.0,0.0,2.0,0.0,4.0,4.0,12.0,K,MIN
2022,14,HOU,00-0032726,K.Fairbairn,0.0,1.0,2.0,0.0,1.0,2.0,2.0,2.0,16.0,K,DAL
2022,14,JAX,00-0036816,R.Patterson,2.0,1.0,0.0,2.0,1.0,0.0,3.0,3.0,13.0,K,TEN
2022,14,KC,00-0033303,H.Butker,1.0,1.0,0.0,1.0,1.0,0.0,4.0,4.0,11.0,K,DEN
2022,14,LA,00-0035269,M.Gay,0.0,0.0,2.0,0.0,0.0,1.0,2.0,2.0,7.0,K,LV
2022,14,LAC,00-0037224,C.Dicker,3.0,0.0,0.0,3.0,0.0,0.0,2.0,2.0,11.0,K,MIA
2022,14,LV,00-0034161,D.Carlson,2.0,0.0,1.0,2.0,0.0,1.0,1.0,1.0,12.0,K,LA
2022,14,MIA,00-0034794,J.Sanders,0.0,0.0,1.0,0.0,0.0,1.0,2.0,2.0,7.0,K,LAC
2022,14,MIN,00-0034450,G.Joseph,0.0,1.0,0.0,0.0,1.0,0.0,2.0,2.0,6.0,K,DET
2022,14,NE,00-0025565,N.Folk,1.0,0.0,1.0,1.0,0.0,1.0,3.0,3.0,11.0,K,ARI
2022,14,NYG,00-0026858,G.Gano,0.0,0.0,0.0,0.0,0.0,0.0,2.0,2.0,2.0,K,PHI
2022,14,NYJ,00-0029621,G.Zuerlein,1.0,0.0,0.0,1.0,0.0,0.0,1.0,1.0,4.0,K,BUF
2022,14,PHI,00-0033787,J.Elliott,2.0,0.0,0.0,2.0,0.0,0.0,6.0,6.0,12.0,K,NYG
2022,14,PIT,00-0031136,C.Boswell,0.0,1.0,0.0,0.0,0.0,0.0,2.0,2.0,2.0,K,BAL
2022,14,SEA,00-0031492,J.Myers,1.0,0.0,0.0,1.0,0.0,0.0,3.0,3.0,6.0,K,CAR
2022,14,SF,00-0023252,R.Gould,0.0,0.0,0.0,0.0,0.0,0.0,5.0,5.0,5.0,K,TB
2022,14,TB,00-0026968,R.Succop,0.0,0.0,1.0,0.0,0.0,0.0,1.0,1.0,1.0,K,SF
2022,14,TEN,00-0029421,R.Bullock,0.0,0.0,0.0,0.0,0.0,0.0,2.0,2.0,2.0,K,JAX
2022,15,ARI,00-0023853,M.Prater,0.0,1.0,2.0,0.0,1.0,2.0,0.0,0.0,14.0,K,DEN
2022,15,ATL,00-0033702,Y.Koo,1.0,0.0,0.0,1.0,0.0,0.0,1.0,1.0,4.0,K,NO
2022,15,BAL,00-0029597,J.Tucker,0.0,1.0,2.0,0.0,0.0,1.0,0.0,0.0,5.0,K,CLE
2022,15,BUF,00-0036162,T.Bass,1.0,0.0,0.0,1.0,0.0,0.0,3.0,3.0,6.0,K,MIA
2022,15,CAR,00-0034173,E.Pineiro,2.0,0.0,1.0,2.0,0.0,1.0,1.0,1.0,12.0,K,PIT
2022,15,CHI,00-0031203,C.Santos,0.0,0.0,0.0,0.0,0.0,0.0,3.0,2.0,2.0,K,PHI
2022,15,CIN,00-0036854,E.McPherson,1.0,1.0,0.0,1.0,1.0,0.0,2.0,2.0,9.0,K,TB
2022,15,CLE,00-0038097,C.York,2.0,2.0,0.0,1.0,1.0,0.0,1.0,1.0,8.0,K,BAL
2022,15,DAL,00-0030332,B.Maher,1.0,0.0,1.0,1.0,0.0,1.0,4.0,4.0,12.0,K,JAX
2022,15,DEN,00-0029822,B.McManus,1.0,0.0,1.0,0.0,0.0,1.0,3.0,3.0,8.0,K,ARI
2022,15,DET,00-0034084,M.Badgley,2.0,0.0,1.0,2.0,0.0,0.0,2.0,2.0,8.0,K,NYJ
2022,15,GB,00-0025580,M.Crosby,1.0,0.0,0.0,1.0,0.0,0.0,3.0,3.0,6.0,K,LA
2022,15,HOU,00-0032726,K.Fairbairn,1.0,0.0,0.0,1.0,0.0,0.0,3.0,3.0,6.0,K,KC
2022,15,IND,00-0035358,C.McLaughlin,3.0,1.0,1.0,3.0,1.0,1.0,3.0,3.0,21.0,K,MIN
2022,15,JAX,00-0036816,R.Patterson,1.0,1.0,0.0,1.0,1.0,0.0,4.0,4.0,11.0,K,DAL
2022,15,KC,00-0033303,H.Butker,1.0,0.0,1.0,1.0,0.0,0.0,2.0,1.0,4.0,K,HOU
2022,15,LA,00-0035269,M.Gay,1.0,0.0,1.0,1.0,0.0,1.0,1.0,0.0,8.0,K,GB
2022,15,LAC,00-0037224,C.Dicker,0.0,1.0,0.0,0.0,1.0,0.0,2.0,2.0,6.0,K,TEN
2022,15,LV,00-0034161,D.Carlson,0.0,1.0,0.0,0.0,1.0,0.0,3.0,3.0,7.0,K,NE
2022,15,MIA,00-0034794,J.Sanders,2.0,1.0,0.0,2.0,1.0,0.0,2.0,2.0,12.0,K,BUF
2022,15,MIN,00-0034450,G.Joseph,0.0,1.0,0.0,0.0,1.0,0.0,4.0,4.0,8.0,K,IND
2022,15,NE,00-0025565,N.Folk,1.0,1.0,1.0,1.0,1.0,1.0,1.0,1.0,13.0,K,LV
2022,15,NO,00-0032569,W.Lutz,0.0,0.0,0.0,0.0,0.0,0.0,3.0,3.0,3.0,K,ATL
2022,15,NYG,00-0026858,G.Gano,0.0,0.0,2.0,0.0,0.0,2.0,2.0,2.0,12.0,K,WAS
2022,15,NYJ,00-0029621,G.Zuerlein,1.0,0.0,1.0,1.0,0.0,0.0,2.0,2.0,5.0,K,DET
2022,15,PHI,00-0033787,J.Elliott,2.0,0.0,0.0,1.0,0.0,0.0,2.0,2.0,5.0,K,CHI
2022,15,PIT,00-0031136,C.Boswell,0.0,0.0,1.0,0.0,0.0,1.0,3.0,3.0,8.0,K,CAR
2022,15,SEA,00-0031492,J.Myers,1.0,0.0,1.0,1.0,0.0,1.0,1.0,1.0,9.0,K,SF
2022,15,SF,00-0023252,R.Gould,0.0,1.0,0.0,0.0,0.0,0.0,3.0,3.0,3.0,K,SEA
2022,15,TB,00-0026968,R.Succop,1.0,0.0,1.0,1.0,0.0,0.0,2.0,2.0,5.0,K,CIN
2022,15,TEN,00-0029421,R.Bullock,0.0,0.0,1.0,0.0,0.0,0.0,2.0,2.0,2.0,K,LAC
2022,15,WAS,00-0035192,J.Slye,0.0,1.0,1.0,0.0,1.0,1.0,1.0,0.0,9.0,K,NYG
2022,16,ARI,00-0023853,M.Prater,1.0,0.0,2.0,1.0,0.0,2.0,1.0,1.0,14.0,K,TB
2022,16,ATL,00-0033702,Y.Koo,3.0,0.0,0.0,3.0,0.0,0.0,0.0,0.0,9.0,K,BAL
2022,16,BAL,00-0029597,J.Tucker,3.0,0.0,1.0,3.0,0.0,0.0,0.0,0.0,9.0,K,ATL
2022,16,BUF,00-0036162,T.Bass,1.0,0.0,0.0,0.0,0.0,0.0,4.0,3.0,3.0,K,CHI
2022,16,CAR,00-0034173,E.Pineiro,2.0,1.0,0.0,2.0,1.0,0.0,4.0,4.0,14.0,K,DET
2022,16,CHI,00-0031203,C.Santos,2.0,0.0,0.0,2.0,0.0,0.0,1.0,1.0,7.0,K,BUF
2022,16,CIN,00-0036854,E.McPherson,1.0,1.0,0.0,1.0,0.0,0.0,2.0,1.0,4.0,K,NE
2022,16,CLE,00-0038097,C.York,1.0,0.0,0.0,1.0,0.0,0.0,1.0,1.0,4.0,K,NO
2022,16,DAL,00-0030332,B.Maher,2.0,2.0,0.0,2.0,2.0,0.0,4.0,4.0,18.0,K,PHI
2022,16,DEN,00-0029822,B.McManus,0.0,1.0,1.0,0.0,1.0,1.0,0.0,0.0,9.0,K,LA
2022,16,DET,00-0034084,M.Badgley,1.0,0.0,0.0,1.0,0.0,0.0,2.0,2.0,5.0,K,CAR
2022,16,GB,00-0025580,M.Crosby,3.0,1.0,0.0,3.0,1.0,0.0,2.0,2.0,15.0,K,MIA
2022,16,HOU,00-0032726,K.Fairbairn,2.0,0.0,0.0,2.0,0.0,0.0,1.0,1.0,7.0,K,TEN
2022,16,IND,00-0035358,C.McLaughlin,0.0,1.0,0.0,0.0,1.0,0.0,0.0,0.0,4.0,K,LAC
2022,16,JAX,00-0036816,R.Patterson,2.0,3.0,0.0,2.0,2.0,0.0,1.0,1.0,15.0,K,NYJ
2022,16,KC,00-0033303,H.Butker,0.0,1.0,0.0,0.0,1.0,0.0,3.0,3.0,7.0,K,SEA
2022,16,LA,00-0035269,M.Gay,1.0,0.0,2.0,1.0,0.0,2.0,6.0,6.0,19.0,K,DEN
2022,16,LAC,00-0037224,C.Dicker,2.0,0.0,0.0,2.0,0.0,0.0,2.0,2.0,8.0,K,IND
2022,16,LV,00-0034161,D.Carlson,0.0,1.0,0.0,0.0,1.0,0.0,1.0,1.0,5.0,K,PIT
2022,16,MIA,00-0034794,J.Sanders,1.0,2.0,0.0,1.0,1.0,0.0,2.0,2.0,9.0,K,GB
2022,16,MIN,00-0034450,G.Joseph,0.0,1.0,1.0,0.0,1.0,1.0,3.0,3.0,12.0,K,NYG
2022,16,NE,00-0025565,N.Folk,0.0,0.0,0.0,0.0,0.0,0.0,2.0,0.0,0.0,K,CIN
2022,16,NO,00-0032569,W.Lutz,1.0,0.0,0.0,1.0,0.0,0.0,2.0,2.0,5.0,K,CLE
2022,16,NYG,00-0026858,G.Gano,0.0,2.0,1.0,0.0,2.0,1.0,1.0,1.0,14.0,K,MIN
2022,16,NYJ,00-0029621,G.Zuerlein,1.0,0.0,0.0,1.0,0.0,0.0,0.0,0.0,3.0,K,JAX
2022,16,PHI,00-0033787,J.Elliott,1.0,1.0,0.0,1.0,1.0,0.0,4.0,4.0,11.0,K,DAL
2022,16,PIT,00-0031136,C.Boswell,0.0,3.0,1.0,0.0,2.0,0.0,1.0,1.0,9.0,K,LV
2022,16,SEA,00-0031492,J.Myers,1.0,0.0,0.0,1.0,0.0,0.0,1.0,1.0,4.0,K,KC
2022,16,SF,00-0023252,R.Gould,3.0,0.0,0.0,3.0,0.0,0.0,4.0,4.0,13.0,K,WAS
2022,16,TB,00-0026968,R.Succop,2.0,2.0,0.0,2.0,2.0,0.0,1.0,1.0,15.0,K,ARI
2022,16,TEN,00-0029421,R.Bullock,0.0,0.0,0.0,0.0,0.0,0.0,2.0,2.0,2.0,K,HOU
2022,16,WAS,00-0035192,J.Slye,0.0,0.0,0.0,0.0,0.0,0.0,2.0,2.0,2.0,K,SF
2022,17,ARI,00-0023853,M.Prater,3.0,1.0,1.0,3.0,0.0,1.0,1.0,1.0,15.0,K,ATL
2022,17,ATL,00-0033702,Y.Koo,2.0,0.0,0.0,2.0,0.0,0.0,2.0,2.0,8.0,K,ARI
2022,17,BAL,00-0029597,J.Tucker,1.0,0.0,1.0,1.0,0.0,1.0,1.0,1.0,9.0,K,PIT
2022,17,CAR,00-0034173,E.Pineiro,0.0,1.0,0.0,0.0,1.0,0.0,3.0,3.0,7.0,K,TB
2022,17,CHI,00-0031203,C.Santos,1.0,0.0,0.0,1.0,0.0,0.0,1.0,1.0,4.0,K,DET
2022,17,CLE,00-0038097,C.York,1.0,0.0,0.0,1.0,0.0,0.0,3.0,3.0,6.0,K,WAS
2022,17,DAL,00-0030332,B.Maher,1.0,1.0,0.0,1.0,1.0,0.0,3.0,3.0,10.0,K,TEN
2022,17,DEN,00-0029822,B.McManus,0.0,1.0,0.0,0.0,1.0,0.0,3.0,3.0,7.0,K,KC
2022,17,DET,00-0034084,M.Badgley,1.0,1.0,0.0,1.0,1.0,0.0,5.0,5.0,12.0,K,CHI
2022,17,GB,00-0025580,M.Crosby,1.0,0.0,1.0,1.0,0.0,1.0,5.0,5.0,13.0,K,MIN
2022,17,HOU,00-0032726,K.Fairbairn,0.0,0.0,1.0,0.0,0.0,1.0,0.0,0.0,5.0,K,JAX
2022,17,IND,00-0035358,C.McLaughlin,1.0,1.0,0.0,1.0,0.0,0.0,1.0,1.0,4.0,K,NYG
2022,17,JAX,00-0036816,R.Patterson,0.0,0.0,1.0,0.0,0.0,1.0,4.0,4.0,9.0,K,HOU
2022,17,KC,00-0033303,H.Butker,0.0,0.0,1.0,0.0,0.0,0.0,3.0,3.0,3.0,K,DEN
2022,17,LA,00-0035269,M.Gay,1.0,0.0,0.0,1.0,0.0,0.0,1.0,1.0,4.0,K,LAC
2022,17,LAC,00-0037224,C.Dicker,0.0,1.0,0.0,0.0,1.0,0.0,4.0,4.0,8.0,K,LA
2022,17,LV,00-0034161,D.Carlson,1.0,0.0,1.0,1.0,0.0,1.0,4.0,4.0,12.0,K,SF
2022,17,MIA,00-0034794,J.Sanders,0.0,0.0,1.0,0.0,0.0,0.0,3.0,3.0,3.0,K,NE
2022,17,MIN,00-0034450,G.Joseph,1.0,1.0,1.0,1.0,0.0,0.0,2.0,2.0,5.0,K,GB
2022,17,NE,00-0025565,N.Folk,0.0,1.0,0.0,0.0,1.0,0.0,3.0,2.0,6.0,K,MIA
2022,17,NO,00-0032569,W.Lutz,1.0,0.0,1.0,1.0,0.0,1.0,2.0,2.0,10.0,K,PHI
2022,17,NYG,00-0026858,G.Gano,1.0,0.0,0.0,1.0,0.0,0.0,5.0,5.0,8.0,K,IND
2022,17,NYJ,00-0029621,G.Zuerlein,0.0,2.0,1.0,0.0,2.0,0.0,0.0,0.0,8.0,K,SEA
2022,17,PHI,00-0033787,J.Elliott,0.0,0.0,1.0,0.0,0.0,1.0,1.0,1.0,6.0,K,NO
2022,17,PIT,00-0031136,C.Boswell,2.0,1.0,1.0,2.0,0.0,1.0,1.0,1.0,12.0,K,BAL
2022,17,SEA,00-0031492,J.Myers,3.0,1.0,0.0,3.0,0.0,0.0,2.0,2.0,11.0,K,NYJ
2022,17,SF,00-0023252,R.Gould,2.0,2.0,0.0,2.0,1.0,0.0,4.0,4.0,14.0,K,LV
2022,17,TB,00-0026968,R.Succop,2.0,0.0,1.0,1.0,0.0,0.0,2.0,1.0,4.0,K,CAR
2022,17,TEN,00-0029421,R.Bullock,2.0,0.0,0.0,2.0,0.0,0.0,1.0,1.0,7.0,K,DAL
2022,17,WAS,00-0035192,J.Slye,0.0,1.0,0.0,0.0,1.0,0.0,1.0,1.0,5.0,K,CLE
2022,18,ARI,00-0023853,M.Prater,0.0,0.0,0.0,0.0,0.0,0.0,2.0,1.0,1.0,K,SF
2022,18,ATL,00-0033702,Y.Koo,1.0,1.0,1.0,1.0,1.0,1.0,3.0,3.0,15.0,K,TB
2022,18,BAL,00-0029597,J.Tucker,2.0,0.0,1.0,2.0,0.0,1.0,1.0,1.0,12.0,K,CIN
2022,18,BUF,00-0036162,T.Bass,0.0,0.0,0.0,0.0,0.0,0.0,5.0,5.0,5.0,K,NE
2022,18,CAR,00-0034173,E.Pineiro,0.0,1.0,0.0,0.0,1.0,0.0,1.0,1.0,5.0,K,NO
2022,18,CHI,00-0031203,C.Santos,0.0,0.0,0.0,0.0,0.0,0.0,1.0,1.0,1.0,K,MIN
2022,18,CIN,00-0036854,E.McPherson,2.0,0.0,0.0,2.0,0.0,0.0,3.0,3.0,9.0,K,BAL
2022,18,CLE,00-0038097,C.York,0.0,0.0,0.0,0.0,0.0,0.0,2.0,2.0,2.0,K,PIT
2022,18,DAL,00-0030332,B.Maher,0.0,0.0,0.0,0.0,0.0,0.0,1.0,0.0,0.0,K,WAS
2022,18,DEN,00-0029822,B.McManus,1.0,0.0,0.0,1.0,0.0,0.0,4.0,4.0,7.0,K,LAC
2022,18,DET,00-0034084,M.Badgley,2.0,1.0,0.0,2.0,0.0,0.0,2.0,2.0,8.0,K,GB
2022,18,GB,00-0025580,M.Crosby,1.0,2.0,1.0,1.0,2.0,0.0,1.0,1.0,12.0,K,DET
2022,18,HOU,00-0032726,K.Fairbairn,1.0,0.0,0.0,1.0,0.0,0.0,3.0,3.0,6.0,K,IND
2022,18,IND,00-0035358,C.McLaughlin,0.0,0.0,1.0,0.0,0.0,1.0,4.0,4.0,9.0,K,HOU
2022,18,JAX,00-0036816,R.Patterson,2.0,0.0,0.0,2.0,0.0,0.0,2.0,2.0,8.0,K,TEN
2022,18,KC,00-0033303,H.Butker,0.0,1.0,0.0,0.0,1.0,0.0,4.0,4.0,8.0,K,LV
2022,18,LA,00-0035269,M.Gay,2.0,1.0,0.0,2.0,1.0,0.0,1.0,1.0,11.0,K,SEA
2022,18,LAC,00-0037224,C.Dicker,1.0,1.0,0.0,1.0,1.0,0.0,2.0,2.0,9.0,K,DEN
2022,18,LV,00-0034161,D.Carlson,1.0,0.0,1.0,1.0,0.0,1.0,1.0,1.0,9.0,K,KC
2022,18,MIA,00-0034794,J.Sanders,2.0,0.0,1.0,2.0,0.0,1.0,0.0,0.0,11.0,K,NYJ
2022,18,MIN,00-0034450,G.Joseph,1.0,1.0,1.0,1.0,1.0,1.0,3.0,2.0,14.0,K,CHI
2022,18,NE,00-0025565,N.Folk,1.0,0.0,0.0,1.0,0.0,0.0,2.0,2.0,5.0,K,BUF
2022,18,NO,00-0032569,W.Lutz,0.0,1.0,1.0,0.0,0.0,0.0,1.0,1.0,1.0,K,CAR
2022,18,NYG,00-0026858,G.Gano,1.0,0.0,0.0,1.0,0.0,0.0,1.0,1.0,4.0,K,PHI
2022,18,NYJ,00-0029621,G.Zuerlein,2.0,0.0,1.0,2.0,0.0,0.0,0.0,0.0,6.0,K,MIA
2022,18,PHI,00-0033787,J.Elliott,3.0,0.0,2.0,3.0,0.0,2.0,1.0,1.0,20.0,K,NYG
2022,18,PIT,00-0031136,C.Boswell,1.0,1.0,0.0,1.0,1.0,0.0,2.0,2.0,9.0,K,CLE
2022,18,SEA,00-0031492,J.Myers,4.0,1.0,0.0,4.0,0.0,0.0,1.0,1.0,13.0,K,LA
2022,18,SF,00-0023252,R.Gould,1.0,0.0,0.0,1.0,0.0,0.0,5.0,5.0,8.0,K,ARI
2022,18,TB,00-0026968,R.Succop,0.0,1.0,0.0,0.0,1.0,0.0,2.0,2.0,6.0,K,ATL
2022,18,TEN,00-0029421,R.Bullock,1.0,1.0,1.0,1.0,1.0,1.0,1.0,1.0,13.0,K,JAX
2022,18,WAS,00-0035192,J.Slye,3.0,0.0,1.0,2.0,0.0,0.0,3.0,2.0,8.0,K,DAL
2022,19,BAL,00-0029597,J.Tucker,1.0,0.0,0.0,1.0,0.0,0.0,2.0,2.0,5.0,K,CIN
2022,19,BUF,00-0036162,T.Bass,2.0,0.0,0.0,2.0,0.0,0.0,4.0,4.0,10.0,K,MIA
2022,19,CIN,00-0036854,E.McPherson,1.0,0.0,0.0,1.0,0.0,0.0,2.0,1.0,4.0,K,BAL
2022,19,DAL,00-0030332,B.Maher,0.0,0.0,0.0,0.0,0.0,0.0,5.0,1.0,1.0,K,TB
2022,19,JAX,00-0036816,R.Patterson,1.0,0.0,0.0,1.0,0.0,0.0,2.0,2.0,5.0,K,LAC
2022,19,LAC,00-0037224,C.Dicker,2.0,1.0,1.0,2.0,0.0,1.0,3.0,3.0,14.0,K,JAX
2022,19,MIA,00-0034794,J.Sanders,1.0,2.0,0.0,1.0,2.0,0.0,2.0,2.0,13.0,K,BUF
2022,19,MIN,00-0034450,G.Joseph,1.0,0.0,0.0,1.0,0.0,0.0,3.0,3.0,6.0,K,NYG
2022,19,NYG,00-0026858,G.Gano,1.0,0.0,0.0,1.0,0.0,0.0,4.0,4.0,7.0,K,MIN
2022,19,SEA,00-0031492,J.Myers,0.0,0.0,1.0,0.0,0.0,1.0,2.0,2.0,7.0,K,SF
2022,19,SF,00-0023252,R.Gould,3.0,1.0,0.0,3.0,1.0,0.0,3.0,3.0,16.0,K,SEA
2022,20,BUF,00-0036162,T.Bass,1.0,0.0,0.0,1.0,0.0,0.0,1.0,1.0,4.0,K,CIN
2022,20,CIN,00-0036854,E.McPherson,2.0,0.0,0.0,2.0,0.0,0.0,3.0,3.0,9.0,K,BUF
2022,20,DAL,00-0030332,B.Maher,1.0,1.0,0.0,1.0,1.0,0.0,1.0,0.0,7.0,K,SF
2022,20,JAX,00-0036816,R.Patterson,0.0,2.0,0.0,0.0,2.0,0.0,2.0,2.0,10.0,K,KC
2022,20,KC,00-0033303,H.Butker,0.0,0.0,2.0,0.0,0.0,2.0,3.0,3.0,13.0,K,JAX
2022,20,NYG,00-0026858,G.Gano,0.0,0.0,0.0,0.0,0.0,0.0,1.0,1.0,1.0,K,PHI
2022,20,PHI,00-0033787,J.Elliott,1.0,0.0,0.0,1.0,0.0,0.0,5.0,5.0,8.0,K,NYG
2022,20,SF,00-0023252,R.Gould,2.0,1.0,1.0,2.0,1.0,1.0,1.0,1.0,16.0,K,DAL
2022,21,CIN,00-0036854,E.McPherson,2.0,0.0,0.0,2.0,0.0,0.0,2.0,2.0,8.0,K,KC
2022,21,KC,00-0033303,H.Butker,1.0,2.0,0.0,1.0,2.0,0.0,2.0,2.0,13.0,K,CIN
2022,21,PHI,00-0033787,J.Elliott,1.0,0.0,0.0,1.0,0.0,0.0,4.0,4.0,7.0,K,SF
2022,21,SF,00-0023252,R.Gould,0.0,0.0,0.0,0.0,0.0,0.0,1.0,1.0,1.0,K,PHI
2022,22,KC,00-0033303,H.Butker,1.0,1.0,0.0,1.0,0.0,0.0,5.0,5.0,8.0,K,PHI
2022,22,PHI,00-0033787,J.Elliott,2.0,0.0,0.0,2.0,0.0,0.0,3.0,3.0,9.0,K,KC
2023,1,ARI,00-0023853,M.Prater,2.0,0.0,1.0,2.0,0.0,1.0,1.0,1.0,12.0,K,WAS
2023,1,ATL,00-0033702,Y.Koo,0.0,1.0,0.0,0.0,1.0,0.0,3.0,3.0,7.0,K,CAR
2023,1,BAL,00-0029597,J.Tucker,1.0,0.0,0.0,1.0,0.0,0.0,2.0,2.0,5.0,K,HOU
2023,1,BUF,00-0036162,T.Bass,1.0,1.0,1.0,1.0,1.0,1.0,1.0,1.0,13.0,K,NYJ
2023,1,CAR,00-0034173,E.Pineiro,0.0,1.0,0.0,0.0,1.0,0.0,1.0,1.0,5.0,K,ATL
2023,1,CHI,00-0031203,C.Santos,1.0,1.0,0.0,1.0,1.0,0.0,0.0,0.0,7.0,K,GB
2023,1,CIN,00-0036854,E.McPherson,0.0,1.0,1.0,0.0,1.0,0.0,0.0,0.0,4.0,K,CLE
2023,1,CLE,00-0030098,D.Hopkins,1.0,2.0,0.0,1.0,2.0,0.0,1.0,1.0,12.0,K,CIN
2023,1,DAL,00-0037692,B.Aubrey,2.0,0.0,0.0,2.0,0.0,0.0,5.0,4.0,10.0,K,NYG
2023,1,DEN,00-0032569,W.Lutz,1.0,0.0,1.0,1.0,0.0,0.0,2.0,1.0,4.0,K,LV
2023,1,DET,00-0036816,R.Patterson,0.0,0.0,0.0,0.0,0.0,0.0,3.0,3.0,3.0,K,KC
2023,1,GB,00-0038402,A.Carlson,0.0,0.0,1.0,0.0,0.0,1.0,5.0,5.0,10.0,K,CHI
2023,1,HOU,00-0032726,K.Fairbairn,3.0,0.0,0.0,3.0,0.0,0.0,0.0,0.0,9.0,K,BAL
2023,1,IND,00-0035269,M.Gay,0.0,0.0,0.0,0.0,0.0,0.0,3.0,3.0,3.0,K,JAX
2023,1,JAX,00-0029822,B.McManus,0.0,1.0,0.0,0.0,1.0,0.0,4.0,4.0,8.0,K,IND
2023,1,KC,00-0033303,H.Butker,2.0,0.0,0.0,2.0,0.0,0.0,2.0,2.0,8.0,K,DET
2023,1,LA,00-0030332,B.Maher,1.0,1.0,3.0,1.0,1.0,1.0,3.0,3.0,15.0,K,SEA
2023,1,LAC,00-0037224,C.Dicker,1.0,0.0,1.0,1.0,0.0,1.0,4.0,4.0,12.0,K,MIA
2023,1,LV,00-0034161,D.Carlson,1.0,0.0,0.0,1.0,0.0,0.0,2.0,2.0,5.0,K,DEN
2023,1,MIA,00-0034794,J.Sanders,1.0,2.0,0.0,1.0,2.0,0.0,4.0,3.0,14.0,K,LAC
2023,1,MIN,00-0034450,G.Joseph,1.0,0.0,0.0,1.0,0.0,0.0,2.0,2.0,5.0,K,TB
2023,1,NE,00-0038567,C.Ryland,0.0,0.0,0.0,0.0,0.0,0.0,2.0,2.0,2.0,K,PHI
2023,1,NO,00-0038905,B.Grupe,2.0,0.0,1.0,2.0,0.0,1.0,1.0,1.0,12.0,K,TEN
2023,1,NYG,00-0026858,G.Gano,1.0,1.0,0.0,0.0,0.0,0.0,0.0,0.0,0.0,K,DAL
2023,1,NYJ,00-0029621,G.Zuerlein,2.0,1.0,0.0,2.0,1.0,0.0,1.0,1.0,11.0,K,BUF
2023,1,PHI,00-0033787,J.Elliott,1.0,1.0,2.0,1.0,1.0,2.0,2.0,1.0,18.0,K,NE
2023,1,PIT,00-0031136,C.Boswell,0.0,0.0,0.0,0.0,0.0,0.0,1.0,1.0,1.0,K,SF
2023,1,SEA,00-0031492,J.Myers,2.0,1.0,0.0,1.0,1.0,0.0,1.0,1.0,8.0,K,LA
2023,1,SF,00-0038562,J.Moody,1.0,2.0,0.0,1.0,2.0,0.0,3.0,3.0,14.0,K,PIT
2023,1,TB,00-0035358,C.McLaughlin,1.0,0.0,1.0,1.0,0.0,1.0,2.0,2.0,10.0,K,MIN
2023,1,TEN,00-0025565,N.Folk,3.0,1.0,1.0,3.0,1.0,1.0,0.0,0.0,18.0,K,NO
2023,1,WAS,00-0035192,J.Slye,2.0,0.0,0.0,2.0,0.0,0.0,2.0,2.0,8.0,K,ARI
2023,2,ARI,00-0023853,M.Prater,1.0,1.0,1.0,1.0,1.0,0.0,2.0,2.0,9.0,K,NYG
2023,2,ATL,00-0033702,Y.Koo,4.0,0.0,0.0,4.0,0.0,0.0,2.0,1.0,13.0,K,GB
2023,2,BAL,00-0029597,J.Tucker,0.0,2.0,1.0,0.0,2.0,0.0,3.0,3.0,11.0,K,CIN
2023,2,BUF,00-0036162,T.Bass,1.0,0.0,0.0,1.0,0.0,0.0,5.0,5.0,8.0,K,LV
2023,2,CAR,00-0034173,E.Pineiro,1.0,0.0,2.0,1.0,0.0,2.0,0.0,0.0,13.0,K,NO
2023,2,CHI,00-0031203,C.Santos,0.0,0.0,1.0,0.0,0.0,1.0,2.0,2.0,7.0,K,TB
2023,2,CIN,00-0036854,E.McPherson,1.0,0.0,0.0,1.0,0.0,0.0,3.0,3.0,6.0,K,BAL
2023,2,CLE,00-0030098,D.Hopkins,0.0,2.0,1.0,0.0,1.0,1.0,0.0,0.0,9.0,K,PIT
2023,2,DAL,00-0037692,B.Aubrey,4.0,0.0,1.0,4.0,0.0,1.0,1.0,1.0,18.0,K,NYJ
2023,2,DEN,00-0032569,W.Lutz,2.0,0.0,0.0,2.0,0.0,0.0,3.0,3.0,9.0,K,WAS
2023,2,DET,00-0036816,R.Patterson,1.0,0.0,0.0,1.0,0.0,0.0,4.0,4.0,7.0,K,SEA
2023,2,GB,00-0038402,A.Carlson,1.0,0.0,0.0,1.0,0.0,0.0,3.0,3.0,6.0,K,ATL
2023,2,HOU,00-0032726,K.Fairbairn,2.0,0.0,1.0,2.0,0.0,0.0,2.0,2.0,8.0,K,IND
2023,2,IND,00-0035269,M.Gay,0.0,1.0,0.0,0.0,1.0,0.0,4.0,4.0,8.0,K,HOU
2023,2,JAX,00-0029822,B.McManus,2.0,1.0,0.0,2.0,1.0,0.0,0.0,0.0,10.0,K,KC
2023,2,KC,00-0033303,H.Butker,1.0,0.0,0.0,1.0,0.0,0.0,2.0,2.0,5.0,K,JAX
2023,2,LA,00-0030332,B.Maher,1.0,2.0,0.0,1.0,2.0,0.0,2.0,2.0,13.0,K,SF
2023,2,LAC,00-0037224,C.Dicker,3.0,0.0,0.0,3.0,0.0,0.0,1.0,1.0,10.0,K,TEN
2023,2,LV,00-0034161,D.Carlson,0.0,1.0,0.0,0.0,1.0,0.0,1.0,1.0,5.0,K,BUF
2023,2,MIA,00-0034794,J.Sanders,1.0,1.0,1.0,1.0,0.0,0.0,3.0,3.0,6.0,K,NE
2023,2,MIN,00-0034450,G.Joseph,0.0,0.0,0.0,0.0,0.0,0.0,4.0,4.0,4.0,K,PHI
2023,2,NE,00-0038567,C.Ryland,0.0,1.0,0.0,0.0,1.0,0.0,2.0,2.0,6.0,K,MIA
2023,2,NO,00-0038905,B.Grupe,2.0,0.0,0.0,2.0,0.0,0.0,2.0,2.0,8.0,K,CAR
2023,2,NYG,00-0026858,G.Gano,1.0,0.0,0.0,1.0,0.0,0.0,4.0,4.0,7.0,K,ARI
2023,2,NYJ,00-0035145,A.Seibert,1.0,0.0,0.0,1.0,0.0,0.0,1.0,1.0,4.0,K,DAL
2023,2,PHI,00-0033787,J.Elliott,1.0,0.0,2.0,1.0,0.0,1.0,4.0,4.0,12.0,K,MIN
2023,2,PIT,00-0031136,C.Boswell,0.0,0.0,2.0,0.0,0.0,2.0,2.0,2.0,12.0,K,CLE
2023,2,SEA,00-0031492,J.Myers,1.0,1.0,1.0,1.0,0.0,0.0,4.0,4.0,7.0,K,DET
2023,2,SF,00-0038562,J.Moody,2.0,0.0,1.0,2.0,0.0,1.0,3.0,3.0,14.0,K,LA
2023,2,TB,00-0035358,C.McLaughlin,2.0,1.0,0.0,2.0,0.0,0.0,3.0,3.0,9.0,K,CHI
2023,2,TEN,00-0025565,N.Folk,1.0,1.0,0.0,1.0,1.0,0.0,3.0,3.0,10.0,K,LAC
2023,2,WAS,00-0035192,J.Slye,0.0,3.0,1.0,0.0,2.0,0.0,3.0,3.0,11.0,K,DEN
2023,3,ARI,00-0023853,M.Prater,1.0,1.0,1.0,1.0,1.0,1.0,1.0,1.0,13.0,K,DAL
2023,3,ATL,00-0033702,Y.Koo,1.0,2.0,0.0,1.0,1.0,0.0,0.0,0.0,7.0,K,DET
2023,3,BAL,00-0029597,J.Tucker,0.0,0.0,2.0,0.0,0.0,1.0,2.0,2.0,7.0,K,IND
2023,3,BUF,00-0036162,T.Bass,2.0,0.0,1.0,2.0,0.0,1.0,4.0,4.0,15.0,K,WAS
2023,3,CAR,00-0034173,E.Pineiro,0.0,2.0,1.0,0.0,2.0,0.0,3.0,3.0,11.0,K,SEA
2023,3,CHI,00-0031203,C.Santos,1.0,0.0,0.0,1.0,0.0,0.0,1.0,1.0,4.0,K,KC
2023,3,CIN,00-0036854,E.McPherson,0.0,2.0,3.0,0.0,2.0,2.0,1.0,1.0,19.0,K,LA
2023,3,CLE,00-0030098,D.Hopkins,0.0,1.0,1.0,0.0,1.0,1.0,3.0,3.0,12.0,K,TEN
2023,3,DAL,00-0037692,B.Aubrey,2.0,1.0,0.0,2.0,1.0,0.0,1.0,1.0,11.0,K,ARI
2023,3,DEN,00-0032569,W.Lutz,2.0,0.0,0.0,2.0,0.0,0.0,2.0,2.0,8.0,K,MIA
2023,3,DET,00-0036816,R.Patterson,2.0,0.0,0.0,2.0,0.0,0.0,2.0,2.0,8.0,K,ATL
2023,3,GB,00-0038402,A.Carlson,1.0,0.0,0.0,1.0,0.0,0.0,1.0,1.0,4.0,K,NO
2023,3,HOU,00-0032726,K.Fairbairn,3.0,0.0,0.0,3.0,0.0,0.0,4.0,4.0,13.0,K,JAX
2023,3,IND,00-0035269,M.Gay,1.0,0.0,4.0,1.0,0.0,4.0,1.0,1.0,24.0,K,BAL
2023,3,JAX,00-0029822,B.McManus,1.0,1.0,1.0,1.0,0.0,0.0,2.0,2.0,5.0,K,HOU
2023,3,KC,00-0033303,H.Butker,1.0,1.0,0.0,1.0,1.0,0.0,5.0,5.0,12.0,K,CHI
2023,3,LA,00-0030332,B.Maher,2.0,1.0,0.0,2.0,1.0,0.0,1.0,1.0,11.0,K,CIN
2023,3,LAC,00-0037224,C.Dicker,0.0,0.0,1.0,0.0,0.0,0.0,4.0,4.0,4.0,K,MIN
2023,3,LV,00-0034161,D.Carlson,1.0,0.0,0.0,1.0,0.0,0.0,1.0,1.0,4.0,K,PIT
2023,3,MIA,00-0034794,J.Sanders,0.0,0.0,0.0,0.0,0.0,0.0,10.0,10.0,10.0,K,DEN
2023,3,MIN,00-0034450,G.Joseph,1.0,0.0,0.0,1.0,0.0,0.0,3.0,3.0,6.0,K,LAC
2023,3,NE,00-0038567,C.Ryland,0.0,2.0,2.0,0.0,1.0,1.0,1.0,1.0,10.0,K,NYJ
2023,3,NO,00-0038905,B.Grupe,1.0,1.0,0.0,1.0,0.0,0.0,2.0,2.0,5.0,K,GB
2023,3,NYG,00-0026858,G.Gano,0.0,1.0,1.0,0.0,1.0,1.0,0.0,0.0,9.0,K,SF
2023,3,NYJ,00-0029621,G.Zuerlein,0.0,0.0,1.0,0.0,0.0,1.0,1.0,1.0,6.0,K,NE
2023,3,PHI,00-0033787,J.Elliott,3.0,0.0,0.0,3.0,0.0,0.0,2.0,2.0,11.0,K,TB
2023,3,PIT,00-0031136,C.Boswell,0.0,2.0,1.0,0.0,2.0,1.0,2.0,2.0,15.0,K,LV
2023,3,SEA,00-0031492,J.Myers,4.0,1.0,0.0,4.0,1.0,0.0,2.0,2.0,18.0,K,CAR
2023,3,SF,00-0038562,J.Moody,3.0,0.0,0.0,3.0,0.0,0.0,3.0,3.0,12.0,K,NYG
2023,3,TB,00-0035358,C.McLaughlin,1.0,0.0,0.0,1.0,0.0,0.0,0.0,0.0,3.0,K,PHI
2023,3,TEN,00-0025565,N.Folk,0.0,1.0,0.0,0.0,1.0,0.0,0.0,0.0,4.0,K,CLE
2023,3,WAS,00-0035192,J.Slye,0.0,0.0,1.0,0.0,0.0,1.0,0.0,0.0,5.0,K,BUF
2023,4,ARI,00-0023853,M.Prater,1.0,0.0,0.0,1.0,0.0,0.0,1.0,1.0,4.0,K,SF
2023,4,ATL,00-0033702,Y.Koo,0.0,0.0,0.0,0.0,0.0,0.0,1.0,1.0,1.0,K,JAX
2023,4,BAL,00-0029597,J.Tucker,0.0,0.0,0.0,0.0,0.0,0.0,4.0,4.0,4.0,K,CLE
2023,4,BUF,00-0036162,T.Bass,1.0,0.0,1.0,1.0,0.0,1.0,6.0,6.0,14.0,K,MIA
2023,4,CAR,00-0034173,E.Pineiro,1.0,0.0,1.0,1.0,0.0,1.0,1.0,1.0,9.0,K,MIN
2023,4,CHI,00-0031203,C.Santos,0.0,0.0,0.0,0.0,0.0,0.0,4.0,4.0,4.0,K,DEN
2023,4,CIN,00-0036854,E.McPherson,1.0,0.0,0.0,1.0,0.0,0.0,0.0,0.0,3.0,K,TEN
2023,4,CLE,00-0030098,D.Hopkins,0.0,0.0,1.0,0.0,0.0,1.0,0.0,0.0,5.0,K,BAL
2023,4,DAL,00-0037692,B.Aubrey,3.0,0.0,0.0,3.0,0.0,0.0,3.0,3.0,12.0,K,NE
2023,4,DEN,00-0032569,W.Lutz,0.0,0.0,1.0,0.0,0.0,1.0,4.0,4.0,9.0,K,CHI
2023,4,DET,00-0036816,R.Patterson,2.0,0.0,0.0,2.0,0.0,0.0,4.0,4.0,10.0,K,GB
2023,4,GB,00-0038402,A.Carlson,1.0,0.0,1.0,1.0,0.0,1.0,0.0,0.0,8.0,K,DET
2023,4,HOU,00-0032726,K.Fairbairn,3.0,0.0,0.0,3.0,0.0,0.0,3.0,3.0,12.0,K,PIT
2023,4,IND,00-0035269,M.Gay,0.0,1.0,0.0,0.0,0.0,0.0,1.0,1.0,1.0,K,LA
2023,4,JAX,00-0029822,B.McManus,1.0,1.0,1.0,1.0,1.0,1.0,2.0,2.0,14.0,K,ATL
2023,4,KC,00-0033303,H.Butker,3.0,0.0,0.0,3.0,0.0,0.0,2.0,2.0,11.0,K,NYJ
2023,4,LA,00-0030332,B.Maher,0.0,3.0,2.0,0.0,1.0,2.0,2.0,2.0,16.0,K,IND
2023,4,LAC,00-0037224,C.Dicker,1.0,0.0,0.0,1.0,0.0,0.0,3.0,3.0,6.0,K,LV
2023,4,LV,00-0034161,D.Carlson,1.0,0.0,0.0,1.0,0.0,0.0,2.0,2.0,5.0,K,LAC
2023,4,MIA,00-0034794,J.Sanders,0.0,0.0,0.0,0.0,0.0,0.0,2.0,2.0,2.0,K,BUF
2023,4,MIN,00-0034450,G.Joseph,0.0,0.0,0.0,0.0,0.0,0.0,3.0,3.0,3.0,K,CAR
2023,4,NE,00-0038567,C.Ryland,1.0,0.0,1.0,1.0,0.0,0.0,0.0,0.0,3.0,K,DAL
2023,4,NO,00-0038905,B.Grupe,2.0,1.0,0.0,2.0,1.0,0.0,0.0,0.0,10.0,K,TB
2023,4,NYG,00-0026858,G.Gano,0.0,0.0,1.0,0.0,0.0,1.0,0.0,0.0,5.0,K,SEA
2023,4,NYJ,00-0029621,G.Zuerlein,1.0,0.0,1.0,1.0,0.0,0.0,1.0,1.0,4.0,K,KC
2023,4,PHI,00-0033787,J.Elliott,1.0,2.0,1.0,1.0,2.0,1.0,2.0,2.0,18.0,K,WAS
2023,4,PIT,00-0031136,C.Boswell,2.0,0.0,0.0,2.0,0.0,0.0,0.0,0.0,6.0,K,HOU
2023,4,SEA,00-0031492,J.Myers,1.0,0.0,1.0,1.0,0.0,0.0,3.0,3.0,6.0,K,NYG
2023,4,SF,00-0038562,J.Moody,0.0,0.0,0.0,0.0,0.0,0.0,5.0,5.0,5.0,K,ARI
2023,4,TB,00-0035358,C.McLaughlin,1.0,0.0,1.0,1.0,0.0,1.0,2.0,2.0,10.0,K,NO
2023,4,TEN,00-0025565,N.Folk,1.0,0.0,1.0,1.0,0.0,1.0,3.0,3.0,11.0,K,CIN
2023,4,WAS,00-0035192,J.Slye,1.0,0.0,0.0,1.0,0.0,0.0,4.0,4.0,7.0,K,PHI
2023,5,ARI,00-0023853,M.Prater,0.0,0.0,0.0,0.0,0.0,0.0,3.0,2.0,2.0,K,CIN
2023,5,ATL,00-0033702,Y.Koo,2.0,0.0,0.0,2.0,0.0,0.0,1.0,1.0,7.0,K,HOU
2023,5,BAL,00-0029597,J.Tucker,1.0,0.0,0.0,1.0,0.0,0.0,1.0,1.0,4.0,K,PIT
2023,5,BUF,00-0036162,T.Bass,0.0,0.0,0.0,0.0,0.0,0.0,2.0,2.0,2.0,K,JAX
2023,5,CAR,00-0034173,E.Pineiro,1.0,0.0,0.0,1.0,0.0,0.0,3.0,3.0,6.0,K,DET
2023,5,CHI,00-0031203,C.Santos,3.0,1.0,0.0,3.0,1.0,0.0,4.0,4.0,17.0,K,WAS
2023,5,CIN,00-0036854,E.McPherson,0.0,2.0,0.0,0.0,2.0,0.0,4.0,4.0,12.0,K,ARI
2023,5,DAL,00-0037692,B.Aubrey,0.0,0.0,1.0,0.0,0.0,1.0,1.0,1.0,6.0,K,SF
2023,5,DEN,00-0032569,W.Lutz,2.0,0.0,0.0,2.0,0.0,0.0,1.0,1.0,7.0,K,NYJ
2023,5,DET,00-0036816,R.Patterson,0.0,0.0,0.0,0.0,0.0,0.0,6.0,6.0,6.0,K,CAR
2023,5,GB,00-0038402,A.Carlson,2.0,0.0,0.0,2.0,0.0,0.0,1.0,1.0,7.0,K,LV
2023,5,HOU,00-0032726,K.Fairbairn,2.0,2.0,0.0,2.0,2.0,0.0,1.0,1.0,15.0,K,ATL
2023,5,IND,00-0035269,M.Gay,2.0,1.0,0.0,2.0,1.0,0.0,2.0,2.0,12.0,K,TEN
2023,5,JAX,00-0029822,B.McManus,0.0,1.0,0.0,0.0,1.0,0.0,2.0,2.0,6.0,K,BUF
2023,5,KC,00-0033303,H.Butker,1.0,1.0,0.0,1.0,1.0,0.0,3.0,3.0,10.0,K,MIN
2023,5,LA,00-0030332,B.Maher,0.0,0.0,0.0,0.0,0.0,0.0,2.0,2.0,2.0,K,PHI
2023,5,LV,00-0034161,D.Carlson,1.0,0.0,2.0,1.0,0.0,0.0,2.0,2.0,5.0,K,GB
2023,5,MIA,00-0034794,J.Sanders,0.0,1.0,0.0,0.0,1.0,0.0,4.0,4.0,8.0,K,NYG
2023,5,MIN,00-0034450,G.Joseph,1.0,1.0,0.0,1.0,1.0,0.0,2.0,2.0,9.0,K,KC
2023,5,NE,00-0038567,C.Ryland,0.0,1.0,0.0,0.0,0.0,0.0,0.0,0.0,0.0,K,NO
2023,5,NO,00-0038905,B.Grupe,0.0,0.0,2.0,0.0,0.0,2.0,4.0,4.0,14.0,K,NE
2023,5,NYG,00-0026858,G.Gano,1.0,1.0,2.0,1.0,1.0,1.0,1.0,1.0,13.0,K,MIA
2023,5,NYJ,00-0029621,G.Zuerlein,4.0,1.0,0.0,4.0,1.0,0.0,2.0,2.0,18.0,K,DEN
2023,5,PHI,00-0033787,J.Elliott,3.0,0.0,0.0,3.0,0.0,0.0,2.0,2.0,11.0,K,LA
2023,5,PIT,00-0031136,C.Boswell,1.0,2.0,0.0,1.0,2.0,0.0,0.0,0.0,11.0,K,BAL
2023,5,SF,00-0038562,J.Moody,0.0,0.0,0.0,0.0,0.0,0.0,6.0,6.0,6.0,K,DAL
2023,5,TEN,00-0025565,N.Folk,2.0,0.0,1.0,2.0,0.0,1.0,1.0,1.0,12.0,K,IND
2023,5,WAS,00-0035192,J.Slye,1.0,1.0,1.0,1.0,0.0,1.0,0.0,0.0,8.0,K,CHI
2023,6,ARI,00-0023853,M.Prater,2.0,0.0,1.0,2.0,0.0,1.0,0.0,0.0,11.0,K,LA
2023,6,ATL,00-0033702,Y.Koo,0.0,1.0,0.0,0.0,1.0,0.0,1.0,1.0,5.0,K,WAS
2023,6,BAL,00-0029597,J.Tucker,5.0,1.0,0.0,5.0,1.0,0.0,1.0,0.0,19.0,K,TEN
2023,6,BUF,00-0036162,T.Bass,0.0,0.0,2.0,0.0,0.0,0.0,2.0,2.0,2.0,K,NYG
2023,6,CAR,00-0034173,E.Pineiro,0.0,1.0,0.0,0.0,0.0,0.0,3.0,3.0,3.0,K,MIA
2023,6,CHI,00-0031203,C.Santos,1.0,0.0,1.0,1.0,0.0,1.0,1.0,1.0,9.0,K,MIN
2023,6,CIN,00-0036854,E.McPherson,0.0,0.0,1.0,0.0,0.0,1.0,2.0,2.0,7.0,K,SEA
2023,6,CLE,00-0030098,D.Hopkins,1.0,3.0,1.0,1.0,2.0,1.0,1.0,1.0,17.0,K,SF
2023,6,DAL,00-0037692,B.Aubrey,2.0,0.0,0.0,2.0,0.0,0.0,2.0,2.0,8.0,K,LAC
2023,6,DET,00-0036816,R.Patterson,2.0,0.0,1.0,2.0,0.0,0.0,2.0,2.0,8.0,K,TB
2023,6,HOU,00-0032726,K.Fairbairn,2.0,0.0,0.0,2.0,0.0,0.0,2.0,2.0,8.0,K,NO
2023,6,IND,00-0035269,M.Gay,1.0,0.0,1.0,1.0,0.0,1.0,2.0,2.0,10.0,K,JAX
2023,6,JAX,00-0029822,B.McManus,0.0,2.0,1.0,0.0,2.0,1.0,4.0,4.0,17.0,K,IND
2023,6,KC,00-0033303,H.Butker,2.0,0.0,2.0,2.0,0.0,2.0,1.0,1.0,17.0,K,DEN
2023,6,LA,00-0030332,B.Maher,3.0,1.0,0.0,3.0,1.0,0.0,2.0,2.0,15.0,K,ARI
2023,6,LAC,00-0037224,C.Dicker,1.0,0.0,0.0,1.0,0.0,0.0,2.0,2.0,5.0,K,DAL
2023,6,LV,00-0034161,D.Carlson,4.0,0.0,0.0,4.0,0.0,0.0,1.0,1.0,13.0,K,NE
2023,6,MIA,00-0034794,J.Sanders,0.0,0.0,0.0,0.0,0.0,0.0,6.0,6.0,6.0,K,CAR
2023,6,MIN,00-0034450,G.Joseph,0.0,0.0,3.0,0.0,0.0,2.0,2.0,1.0,11.0,K,CHI
2023,6,NE,00-0038567,C.Ryland,0.0,1.0,0.0,0.0,1.0,0.0,2.0,2.0,6.0,K,LV
2023,6,NO,00-0038905,B.Grupe,1.0,2.0,1.0,0.0,2.0,0.0,1.0,1.0,9.0,K,HOU
2023,6,NYG,00-0026858,G.Gano,2.0,1.0,0.0,2.0,1.0,0.0,0.0,0.0,10.0,K,BUF
2023,6,NYJ,00-0029621,G.Zuerlein,2.0,2.0,0.0,2.0,2.0,0.0,0.0,0.0,14.0,K,PHI
2023,6,PHI,00-0033787,J.Elliott,1.0,0.0,0.0,0.0,0.0,0.0,2.0,2.0,2.0,K,NYJ
2023,6,SEA,00-0031492,J.Myers,1.0,0.0,1.0,1.0,0.0,1.0,1.0,1.0,9.0,K,CIN
2023,6,SF,00-0038562,J.Moody,1.0,1.0,1.0,1.0,0.0,0.0,2.0,2.0,5.0,K,CLE
2023,6,TB,00-0035358,C.McLaughlin,2.0,0.0,0.0,2.0,0.0,0.0,0.0,0.0,6.0,K,DET
2023,6,TEN,00-0025565,N.Folk,3.0,0.0,0.0,3.0,0.0,0.0,1.0,1.0,10.0,K,BAL
2023,6,WAS,00-0035192,J.Slye,1.0,0.0,0.0,1.0,0.0,0.0,3.0,3.0,6.0,K,ATL
2023,7,ARI,00-0023853,M.Prater,1.0,1.0,0.0,0.0,1.0,0.0,1.0,1.0,5.0,K,SEA
2023,7,ATL,00-0033702,Y.Koo,1.0,1.0,1.0,1.0,1.0,1.0,1.0,1.0,13.0,K,TB
2023,7,BAL,00-0029597,J.Tucker,1.0,0.0,0.0,1.0,0.0,0.0,5.0,5.0,8.0,K,DET
2023,7,BUF,00-0036162,T.Bass,1.0,1.0,0.0,1.0,0.0,0.0,2.0,2.0,5.0,K,NE
2023,7,CHI,00-0031203,C.Santos,0.0,0.0,1.0,0.0,0.0,1.0,4.0,3.0,8.0,K,LV
2023,7,CLE,00-0030098,D.Hopkins,0.0,1.0,3.0,0.0,1.0,3.0,3.0,3.0,22.0,K,IND
2023,7,DEN,00-0032569,W.Lutz,3.0,0.0,1.0,3.0,0.0,1.0,1.0,1.0,15.0,K,GB
2023,7,GB,00-0038402,A.Carlson,1.0,1.0,0.0,1.0,0.0,0.0,2.0,2.0,5.0,K,DEN
2023,7,IND,00-0035269,M.Gay,1.0,0.0,1.0,1.0,0.0,0.0,5.0,5.0,8.0,K,CLE
2023,7,JAX,00-0029822,B.McManus,0.0,1.0,0.0,0.0,1.0,0.0,4.0,4.0,8.0,K,NO
2023,7,KC,00-0033303,H.Butker,1.0,0.0,0.0,1.0,0.0,0.0,4.0,4.0,7.0,K,LAC
2023,7,LA,00-0030332,B.Maher,0.0,1.0,2.0,0.0,1.0,0.0,1.0,0.0,4.0,K,PIT
2023,7,LAC,00-0037224,C.Dicker,0.0,0.0,1.0,0.0,0.0,1.0,2.0,2.0,7.0,K,KC
2023,7,LV,00-0034161,D.Carlson,1.0,2.0,0.0,1.0,1.0,0.0,0.0,0.0,7.0,K,CHI
2023,7,MIA,00-0034794,J.Sanders,0.0,1.0,0.0,0.0,1.0,0.0,2.0,2.0,6.0,K,PHI
2023,7,MIN,00-0034450,G.Joseph,2.0,0.0,2.0,2.0,0.0,1.0,2.0,1.0,12.0,K,SF
2023,7,NE,00-0038567,C.Ryland,2.0,1.0,0.0,2.0,1.0,0.0,2.0,2.0,12.0,K,BUF
2023,7,NO,00-0038905,B.Grupe,2.0,1.0,1.0,2.0,1.0,0.0,1.0,1.0,11.0,K,JAX
2023,7,NYG,00-0026858,G.Gano,0.0,1.0,0.0,0.0,0.0,0.0,2.0,2.0,2.0,K,WAS
2023,7,PHI,00-0033787,J.Elliott,1.0,0.0,0.0,1.0,0.0,0.0,4.0,4.0,7.0,K,MIA
2023,7,PIT,00-0031136,C.Boswell,0.0,0.0,1.0,0.0,0.0,1.0,3.0,3.0,8.0,K,LA
2023,7,SEA,00-0031492,J.Myers,1.0,1.0,0.0,1.0,1.0,0.0,2.0,2.0,9.0,K,ARI
2023,7,SF,00-0038562,J.Moody,0.0,1.0,1.0,0.0,0.0,1.0,2.0,2.0,7.0,K,MIN
2023,7,TB,00-0035358,C.McLaughlin,2.0,0.0,0.0,2.0,0.0,0.0,1.0,1.0,7.0,K,ATL
2023,7,WAS,00-0035192,J.Slye,1.0,0.0,0.0,0.0,0.0,0.0,1.0,1.0,1.0,K,NYG
2023,8,ARI,00-0023853,M.Prater,0.0,1.0,0.0,0.0,1.0,0.0,1.0,1.0,5.0,K,BAL
2023,8,ATL,00-0033702,Y.Koo,2.0,1.0,0.0,2.0,1.0,0.0,2.0,2.0,12.0,K,TEN
2023,8,BAL,00-0029597,J.Tucker,0.0,1.0,1.0,0.0,1.0,0.0,4.0,4.0,8.0,K,ARI
2023,8,BUF,00-0036162,T.Bass,1.0,0.0,0.0,1.0,0.0,0.0,3.0,3.0,6.0,K,TB
2023,8,CAR,00-0034173,E.Pineiro,2.0,1.0,0.0,2.0,1.0,0.0,1.0,0.0,10.0,K,HOU
2023,8,CHI,00-0031203,C.Santos,0.0,0.0,0.0,0.0,0.0,0.0,1.0,1.0,1.0,K,LAC
2023,8,CIN,00-0036854,E.McPherson,0.0,0.0,2.0,0.0,0.0,1.0,4.0,4.0,9.0,K,SF
2023,8,CLE,00-0030098,D.Hopkins,2.0,0.0,0.0,2.0,0.0,0.0,2.0,2.0,8.0,K,SEA
2023,8,DAL,00-0037692,B.Aubrey,1.0,0.0,1.0,1.0,0.0,1.0,5.0,5.0,13.0,K,LA
2023,8,DEN,00-0032569,W.Lutz,2.0,0.0,0.0,1.0,0.0,0.0,3.0,3.0,6.0,K,KC
2023,8,DET,00-0036816,R.Patterson,3.0,1.0,1.0,2.0,1.0,1.0,2.0,2.0,17.0,K,LV
2023,8,GB,00-0038402,A.Carlson,1.0,0.0,0.0,1.0,0.0,0.0,1.0,1.0,4.0,K,MIN
2023,8,HOU,00-0032726,K.Fairbairn,0.0,0.0,0.0,0.0,0.0,0.0,1.0,1.0,1.0,K,CAR
2023,8,IND,00-0035269,M.Gay,1.0,1.0,0.0,1.0,1.0,0.0,3.0,3.0,10.0,K,NO
2023,8,JAX,00-0029822,B.McManus,2.0,0.0,2.0,2.0,0.0,2.0,0.0,0.0,16.0,K,PIT
2023,8,KC,00-0033303,H.Butker,2.0,0.0,1.0,2.0,0.0,1.0,0.0,0.0,11.0,K,DEN
2023,8,LA,00-0038152,L.Havrisik,1.0,1.0,0.0,1.0,1.0,0.0,0.0,0.0,7.0,K,DAL
2023,8,LAC,00-0037224,C.Dicker,0.0,2.0,1.0,0.0,2.0,1.0,3.0,3.0,16.0,K,CHI
2023,8,LV,00-0034161,D.Carlson,0.0,0.0,0.0,0.0,0.0,0.0,2.0,2.0,2.0,K,DET
2023,8,MIA,00-0034794,J.Sanders,1.0,0.0,0.0,1.0,0.0,0.0,4.0,4.0,7.0,K,NE
2023,8,MIN,00-0034450,G.Joseph,1.0,2.0,0.0,1.0,0.0,0.0,3.0,3.0,6.0,K,GB
2023,8,NE,00-0038567,C.Ryland,1.0,0.0,0.0,1.0,0.0,0.0,2.0,2.0,5.0,K,MIA
2023,8,NO,00-0038905,B.Grupe,1.0,0.0,0.0,1.0,0.0,0.0,5.0,5.0,8.0,K,IND
2023,8,NYG,00-0026858,G.Gano,2.0,1.0,0.0,1.0,0.0,0.0,1.0,1.0,4.0,K,NYJ
2023,8,NYJ,00-0029621,G.Zuerlein,2.0,0.0,0.0,2.0,0.0,0.0,1.0,1.0,7.0,K,NYG
2023,8,PHI,00-0033787,J.Elliott,0.0,0.0,1.0,0.0,0.0,1.0,5.0,5.0,10.0,K,WAS
2023,8,PIT,00-0031136,C.Boswell,1.0,0.0,1.0,1.0,0.0,0.0,1.0,1.0,4.0,K,JAX
2023,8,SEA,00-0031492,J.Myers,1.0,0.0,0.0,1.0,0.0,0.0,3.0,3.0,6.0,K,CLE
2023,8,SF,00-0038562,J.Moody,1.0,0.0,0.0,1.0,0.0,0.0,2.0,2.0,5.0,K,CIN
2023,8,TB,00-0035358,C.McLaughlin,0.0,0.0,2.0,0.0,0.0,1.0,1.0,1.0,6.0,K,BUF
2023,8,TEN,00-0025565,N.Folk,0.0,0.0,0.0,0.0,0.0,0.0,4.0,4.0,4.0,K,ATL
2023,8,WAS,00-0035192,J.Slye,0.0,0.0,1.0,0.0,0.0,1.0,4.0,4.0,9.0,K,PHI
2023,9,ATL,00-0033702,Y.Koo,1.0,1.0,2.0,1.0,1.0,2.0,2.0,2.0,19.0,K,MIN
2023,9,BAL,00-0029597,J.Tucker,2.0,1.0,0.0,2.0,1.0,0.0,4.0,4.0,14.0,K,SEA
2023,9,BUF,00-0036162,T.Bass,1.0,0.0,0.0,1.0,0.0,0.0,1.0,1.0,4.0,K,CIN
2023,9,CAR,00-0034173,E.Pineiro,1.0,1.0,0.0,1.0,1.0,0.0,1.0,1.0,8.0,K,IND
2023,9,CHI,00-0031203,C.Santos,1.0,1.0,0.0,1.0,0.0,0.0,2.0,2.0,5.0,K,NO
2023,9,CIN,00-0036854,E.McPherson,1.0,0.0,0.0,1.0,0.0,0.0,3.0,3.0,6.0,K,BUF
2023,9,CLE,00-0030098,D.Hopkins,1.0,2.0,0.0,1.0,1.0,0.0,3.0,3.0,10.0,K,ARI
2023,9,DAL,00-0037692,B.Aubrey,0.0,0.0,1.0,0.0,0.0,1.0,2.0,2.0,7.0,K,PHI
2023,9,GB,00-0038402,A.Carlson,2.0,1.0,0.0,2.0,0.0,0.0,2.0,2.0,8.0,K,LA
2023,9,HOU,00-0032726,K.Fairbairn,0.0,0.0,1.0,0.0,0.0,1.0,1.0,1.0,6.0,K,TB
2023,9,HOU,00-0033854,D.Ogunbowale,1.0,0.0,0.0,1.0,0.0,0.0,0.0,0.0,3.0,K,TB
2023,9,IND,00-0035269,M.Gay,1.0,0.0,1.0,1.0,0.0,1.0,3.0,3.0,11.0,K,CAR
2023,9,KC,00-0033303,H.Butker,0.0,0.0,0.0,0.0,0.0,0.0,3.0,3.0,3.0,K,MIA
2023,9,LA,00-0038152,L.Havrisik,0.0,1.0,1.0,0.0,0.0,1.0,0.0,0.0,5.0,K,GB
2023,9,LAC,00-0037224,C.Dicker,1.0,0.0,1.0,1.0,0.0,1.0,3.0,3.0,11.0,K,NYJ
2023,9,LV,00-0034161,D.Carlson,1.0,2.0,0.0,1.0,2.0,0.0,3.0,3.0,14.0,K,NYG
2023,9,MIA,00-0034794,J.Sanders,0.0,0.0,0.0,0.0,0.0,0.0,2.0,2.0,2.0,K,KC
2023,9,MIN,00-0034450,G.Joseph,3.0,0.0,0.0,3.0,0.0,0.0,2.0,2.0,11.0,K,ATL
2023,9,NE,00-0038567,C.Ryland,0.0,1.0,0.0,0.0,1.0,0.0,2.0,2.0,6.0,K,WAS
2023,9,NO,00-0038905,B.Grupe,0.0,1.0,1.0,0.0,0.0,1.0,3.0,3.0,8.0,K,CHI
2023,9,NYJ,00-0029621,G.Zuerlein,0.0,2.0,0.0,0.0,2.0,0.0,0.0,0.0,8.0,K,LAC
2023,9,PHI,00-0033787,J.Elliott,0.0,0.0,0.0,0.0,0.0,0.0,4.0,4.0,4.0,K,DAL
2023,9,PIT,00-0031136,C.Boswell,2.0,0.0,0.0,2.0,0.0,0.0,2.0,2.0,8.0,K,TEN
2023,9,SEA,00-0031492,J.Myers,1.0,0.0,0.0,1.0,0.0,0.0,0.0,0.0,3.0,K,BAL
2023,9,TB,00-0035358,C.McLaughlin,1.0,1.0,1.0,1.0,1.0,1.0,4.0,4.0,16.0,K,HOU
2023,9,TEN,00-0025565,N.Folk,2.0,1.0,0.0,2.0,1.0,0.0,1.0,1.0,11.0,K,PIT
2023,9,WAS,00-0035192,J.Slye,2.0,0.0,0.0,2.0,0.0,0.0,2.0,2.0,8.0,K,NE
2023,10,ARI,00-0023853,M.Prater,1.0,1.0,2.0,1.0,1.0,2.0,1.0,1.0,18.0,K,ATL
2023,10,ATL,00-0033702,Y.Koo,1.0,0.0,0.0,1.0,0.0,0.0,2.0,2.0,5.0,K,ARI
2023,10,BAL,00-0029597,J.Tucker,1.0,0.0,1.0,1.0,0.0,0.0,4.0,4.0,7.0,K,CLE
2023,10,BUF,00-0036162,T.Bass,0.0,0.0,0.0,0.0,0.0,0.0,2.0,2.0,2.0,K,DEN
2023,10,CAR,00-0034173,E.Pineiro,2.0,0.0,1.0,2.0,0.0,0.0,1.0,1.0,7.0,K,CHI
2023,10,CHI,00-0031203,C.Santos,2.0,0.0,1.0,2.0,0.0,1.0,1.0,1.0,12.0,K,CAR
2023,10,CIN,00-0036854,E.McPherson,1.0,0.0,1.0,1.0,0.0,1.0,3.0,3.0,11.0,K,HOU
2023,10,CLE,00-0030098,D.Hopkins,3.0,1.0,0.0,3.0,1.0,0.0,2.0,1.0,14.0,K,BAL
2023,10,DAL,00-0037692,B.Aubrey,0.0,0.0,0.0,0.0,0.0,0.0,7.0,7.0,7.0,K,NYG
2023,10,DEN,00-0032569,W.Lutz,1.0,3.0,0.0,1.0,3.0,0.0,1.0,0.0,15.0,K,BUF
2023,10,DET,00-0036816,R.Patterson,1.0,1.0,0.0,1.0,1.0,0.0,5.0,5.0,12.0,K,LAC
2023,10,GB,00-0038402,A.Carlson,2.0,0.0,0.0,2.0,0.0,0.0,2.0,1.0,7.0,K,PIT
2023,10,HOU,00-0036469,M.Ammendola,2.0,1.0,0.0,2.0,1.0,0.0,3.0,3.0,13.0,K,CIN
2023,10,IND,00-0035269,M.Gay,0.0,0.0,2.0,0.0,0.0,1.0,1.0,1.0,6.0,K,NE
2023,10,JAX,00-0029822,B.McManus,1.0,0.0,0.0,1.0,0.0,0.0,0.0,0.0,3.0,K,SF
2023,10,LAC,00-0037224,C.Dicker,0.0,1.0,0.0,0.0,1.0,0.0,5.0,5.0,9.0,K,DET
2023,10,LV,00-0034161,D.Carlson,0.0,2.0,1.0,0.0,2.0,1.0,1.0,1.0,14.0,K,NYJ
2023,10,MIN,00-0034450,G.Joseph,1.0,1.0,1.0,1.0,1.0,0.0,3.0,3.0,10.0,K,NO
2023,10,NE,00-0038567,C.Ryland,3.0,0.0,0.0,2.0,0.0,0.0,0.0,0.0,6.0,K,IND
2023,10,NO,00-0038905,B.Grupe,0.0,1.0,0.0,0.0,1.0,0.0,0.0,0.0,4.0,K,MIN
2023,10,NYG,00-0029421,R.Bullock,0.0,1.0,0.0,0.0,1.0,0.0,2.0,2.0,6.0,K,DAL
2023,10,NYJ,00-0029621,G.Zuerlein,1.0,2.0,1.0,1.0,2.0,1.0,0.0,0.0,16.0,K,LV
2023,10,PIT,00-0031136,C.Boswell,1.0,2.0,0.0,1.0,2.0,0.0,2.0,2.0,13.0,K,GB
2023,10,SEA,00-0031492,J.Myers,1.0,4.0,0.0,1.0,4.0,0.0,2.0,2.0,21.0,K,WAS
2023,10,SF,00-0038562,J.Moody,2.0,0.0,0.0,2.0,0.0,0.0,4.0,4.0,10.0,K,JAX
2023,10,TB,00-0035358,C.McLaughlin,2.0,0.0,0.0,2.0,0.0,0.0,2.0,2.0,8.0,K,TEN
2023,10,TEN,00-0025565,N.Folk,2.0,0.0,1.0,2.0,0.0,0.0,0.0,0.0,6.0,K,TB
2023,10,WAS,00-0035192,J.Slye,0.0,2.0,0.0,0.0,2.0,0.0,3.0,2.0,10.0,K,SEA
2023,11,ARI,00-0023853,M.Prater,0.0,0.0,1.0,0.0,0.0,1.0,1.0,1.0,6.0,K,HOU
2023,11,BAL,00-0029597,J.Tucker,1.0,1.0,0.0,1.0,1.0,0.0,4.0,4.0,11.0,K,CIN
2023,11,BUF,00-0036162,T.Bass,2.0,1.0,1.0,2.0,1.0,1.0,3.0,2.0,17.0,K,NYJ
2023,11,CAR,00-0034173,E.Pineiro,0.0,1.0,0.0,0.0,1.0,0.0,1.0,1.0,5.0,K,DAL
2023,11,CHI,00-0031203,C.Santos,2.0,1.0,1.0,2.0,1.0,1.0,2.0,2.0,17.0,K,DET
2023,11,CIN,00-0036854,E.McPherson,1.0,0.0,2.0,1.0,0.0,1.0,2.0,2.0,10.0,K,BAL
2023,11,CLE,00-0030098,D.Hopkins,2.0,0.0,0.0,2.0,0.0,0.0,1.0,1.0,7.0,K,PIT
2023,11,DAL,00-0037692,B.Aubrey,2.0,0.0,0.0,2.0,0.0,0.0,4.0,3.0,9.0,K,CAR
2023,11,DEN,00-0032569,W.Lutz,4.0,0.0,1.0,4.0,0.0,1.0,0.0,0.0,17.0,K,MIN
2023,11,DET,00-0036816,R.Patterson,0.0,0.0,0.0,0.0,0.0,0.0,3.0,3.0,3.0,K,CHI
2023,11,GB,00-0038402,A.Carlson,1.0,0.0,1.0,1.0,0.0,0.0,3.0,2.0,5.0,K,LAC
2023,11,HOU,00-0036469,M.Ammendola,0.0,1.0,0.0,0.0,0.0,0.0,3.0,3.0,3.0,K,ARI
2023,11,JAX,00-0029822,B.McManus,2.0,0.0,0.0,2.0,0.0,0.0,4.0,4.0,10.0,K,TEN
2023,11,KC,00-0033303,H.Butker,0.0,1.0,0.0,0.0,1.0,0.0,2.0,2.0,6.0,K,PHI
2023,11,LA,00-0038152,L.Havrisik,1.0,0.0,0.0,1.0,0.0,0.0,2.0,2.0,5.0,K,SEA
2023,11,LAC,00-0037224,C.Dicker,2.0,0.0,0.0,2.0,0.0,0.0,2.0,2.0,8.0,K,GB
2023,11,LV,00-0034161,D.Carlson,1.0,1.0,0.0,1.0,1.0,0.0,1.0,1.0,8.0,K,MIA
2023,11,MIA,00-0034794,J.Sanders,0.0,1.0,2.0,0.0,1.0,1.0,2.0,2.0,11.0,K,LV
2023,11,MIN,00-0034450,G.Joseph,2.0,0.0,0.0,2.0,0.0,0.0,2.0,2.0,8.0,K,DEN
2023,11,NYG,00-0029421,R.Bullock,1.0,0.0,0.0,1.0,0.0,0.0,4.0,4.0,7.0,K,WAS
2023,11,PHI,00-0033787,J.Elliott,0.0,0.0,0.0,0.0,0.0,0.0,3.0,3.0,3.0,K,KC
2023,11,PIT,00-0031136,C.Boswell,1.0,0.0,0.0,1.0,0.0,0.0,1.0,1.0,4.0,K,CLE
2023,11,SEA,00-0031492,J.Myers,0.0,1.0,3.0,0.0,1.0,2.0,1.0,1.0,15.0,K,LA
2023,11,SF,00-0038562,J.Moody,2.0,0.0,0.0,2.0,0.0,0.0,3.0,3.0,9.0,K,TB
2023,11,TB,00-0035358,C.McLaughlin,0.0,0.0,0.0,0.0,0.0,0.0,2.0,2.0,2.0,K,SF
2023,11,TEN,00-0025565,N.Folk,0.0,0.0,0.0,0.0,0.0,0.0,2.0,2.0,2.0,K,JAX
2023,11,WAS,00-0035192,J.Slye,1.0,1.0,0.0,1.0,1.0,0.0,2.0,1.0,8.0,K,NYG
2023,12,ARI,00-0023853,M.Prater,0.0,0.0,1.0,0.0,0.0,0.0,0.0,0.0,0.0,K,LA
2023,12,ATL,00-0033702,Y.Koo,1.0,0.0,0.0,1.0,0.0,0.0,3.0,3.0,6.0,K,NO
2023,12,BAL,00-0029597,J.Tucker,0.0,3.0,0.0,0.0,2.0,0.0,2.0,2.0,10.0,K,LAC
2023,12,BUF,00-0036162,T.Bass,1.0,3.0,0.0,0.0,2.0,0.0,4.0,4.0,12.0,K,PHI
2023,12,CAR,00-0034173,E.Pineiro,0.0,0.0,1.0,0.0,0.0,1.0,1.0,1.0,6.0,K,TEN
2023,12,CHI,00-0031203,C.Santos,3.0,1.0,1.0,3.0,0.0,1.0,0.0,0.0,14.0,K,MIN
2023,12,CIN,00-0036854,E.McPherson,0.0,1.0,0.0,0.0,1.0,0.0,1.0,1.0,5.0,K,PIT
2023,12,CLE,00-0030098,D.Hopkins,2.0,0.0,0.0,2.0,0.0,0.0,0.0,0.0,6.0,K,DEN
2023,12,DAL,00-0037692,B.Aubrey,0.0,0.0,1.0,0.0,0.0,1.0,5.0,4.0,9.0,K,WAS
2023,12,DEN,00-0032569,W.Lutz,2.0,0.0,0.0,2.0,0.0,0.0,3.0,3.0,9.0,K,CLE
2023,12,DET,00-0036816,R.Patterson,0.0,0.0,0.0,0.0,0.0,0.0,1.0,0.0,0.0,K,GB
2023,12,GB,00-0038402,A.Carlson,0.0,1.0,1.0,0.0,1.0,0.0,3.0,2.0,6.0,K,DET
2023,12,HOU,00-0036469,M.Ammendola,0.0,0.0,2.0,0.0,0.0,0.0,3.0,3.0,3.0,K,JAX
2023,12,IND,00-0035269,M.Gay,1.0,1.0,1.0,1.0,1.0,0.0,3.0,3.0,10.0,K,TB
2023,12,JAX,00-0029822,B.McManus,0.0,2.0,2.0,0.0,2.0,1.0,1.0,1.0,14.0,K,HOU
2023,12,KC,00-0033303,H.Butker,1.0,0.0,0.0,1.0,0.0,0.0,4.0,4.0,7.0,K,LV
2023,12,LA,00-0038152,L.Havrisik,1.0,0.0,1.0,1.0,0.0,0.0,5.0,4.0,7.0,K,ARI
2023,12,LAC,00-0037224,C.Dicker,1.0,0.0,0.0,1.0,0.0,0.0,1.0,1.0,4.0,K,BAL
2023,12,LV,00-0034161,D.Carlson,2.0,0.0,0.0,1.0,0.0,0.0,2.0,2.0,5.0,K,KC
2023,12,MIA,00-0034794,J.Sanders,1.0,0.0,1.0,1.0,0.0,1.0,4.0,4.0,12.0,K,NYJ
2023,12,MIN,00-0034450,G.Joseph,1.0,0.0,0.0,1.0,0.0,0.0,1.0,1.0,4.0,K,CHI
2023,12,NE,00-0038567,C.Ryland,1.0,0.0,0.0,0.0,0.0,0.0,1.0,1.0,1.0,K,NYG
2023,12,NO,00-0038905,B.Grupe,2.0,2.0,2.0,2.0,2.0,1.0,0.0,0.0,19.0,K,ATL
2023,12,NYG,00-0029421,R.Bullock,0.0,1.0,0.0,0.0,1.0,0.0,1.0,1.0,5.0,K,NE
2023,12,NYJ,00-0029621,G.Zuerlein,0.0,0.0,0.0,0.0,0.0,0.0,2.0,1.0,1.0,K,MIA
2023,12,PHI,00-0033787,J.Elliott,0.0,0.0,1.0,0.0,0.0,1.0,4.0,4.0,9.0,K,BUF
2023,12,PIT,00-0031136,C.Boswell,2.0,1.0,0.0,2.0,1.0,0.0,1.0,1.0,11.0,K,CIN
2023,12,SEA,00-0031492,J.Myers,1.0,0.0,2.0,1.0,0.0,1.0,1.0,1.0,9.0,K,SF
2023,12,SF,00-0038562,J.Moody,1.0,0.0,0.0,1.0,0.0,0.0,4.0,4.0,7.0,K,SEA
2023,12,TB,00-0035358,C.McLaughlin,2.0,0.0,0.0,2.0,0.0,0.0,2.0,2.0,8.0,K,IND
2023,12,TEN,00-0025565,N.Folk,0.0,0.0,1.0,0.0,0.0,1.0,2.0,2.0,7.0,K,CAR
2023,12,WAS,00-0035192,J.Slye,0.0,1.0,0.0,0.0,1.0,0.0,1.0,1.0,5.0,K,DAL
2023,13,ARI,00-0023853,M.Prater,0.0,0.0,1.0,0.0,0.0,1.0,3.0,3.0,8.0,K,PIT
2023,13,ATL,00-0033702,Y.Koo,1.0,1.0,0.0,1.0,1.0,0.0,1.0,1.0,8.0,K,NYJ
2023,13,CAR,00-0034173,E.Pineiro,1.0,0.0,0.0,1.0,0.0,0.0,1.0,1.0,4.0,K,TB
2023,13,CIN,00-0036854,E.McPherson,0.0,1.0,2.0,0.0,1.0,1.0,4.0,4.0,13.0,K,JAX
2023,13,CLE,00-0030098,D.Hopkins,1.0,1.0,0.0,1.0,1.0,0.0,2.0,1.0,8.0,K,LA
2023,13,DAL,00-0037692,B.Aubrey,4.0,0.0,0.0,4.0,0.0,0.0,3.0,3.0,15.0,K,SEA
2023,13,DEN,00-0032569,W.Lutz,1.0,0.0,0.0,1.0,0.0,0.0,2.0,2.0,5.0,K,HOU
2023,13,DET,00-0036816,R.Patterson,2.0,0.0,0.0,2.0,0.0,0.0,3.0,3.0,9.0,K,NO
2023,13,GB,00-0038402,A.Carlson,0.0,2.0,0.0,0.0,2.0,0.0,3.0,3.0,11.0,K,KC
2023,13,HOU,00-0036469,M.Ammendola,3.0,0.0,0.0,3.0,0.0,0.0,1.0,1.0,10.0,K,DEN
2023,13,IND,00-0035269,M.Gay,3.0,1.0,0.0,3.0,1.0,0.0,1.0,1.0,14.0,K,TEN
2023,13,JAX,00-0029822,B.McManus,0.0,2.0,0.0,0.0,1.0,0.0,4.0,4.0,8.0,K,CIN
2023,13,KC,00-0033303,H.Butker,2.0,0.0,0.0,2.0,0.0,0.0,1.0,1.0,7.0,K,GB
2023,13,LA,00-0038152,L.Havrisik,1.0,2.0,0.0,1.0,1.0,0.0,4.0,4.0,11.0,K,CLE
2023,13,LAC,00-0037224,C.Dicker,2.0,0.0,0.0,2.0,0.0,0.0,0.0,0.0,6.0,K,NE
2023,13,MIA,00-0034794,J.Sanders,0.0,1.0,0.0,0.0,1.0,0.0,6.0,6.0,10.0,K,WAS
2023,13,NO,00-0038905,B.Grupe,0.0,0.0,0.0,0.0,0.0,0.0,4.0,4.0,4.0,K,DET
2023,13,NYJ,00-0029621,G.Zuerlein,1.0,1.0,0.0,1.0,1.0,0.0,0.0,0.0,7.0,K,ATL
2023,13,PHI,00-0033787,J.Elliott,2.0,0.0,0.0,2.0,0.0,0.0,1.0,1.0,7.0,K,SF
2023,13,PIT,00-0031136,C.Boswell,1.0,1.0,0.0,1.0,0.0,0.0,1.0,1.0,4.0,K,ARI
2023,13,SEA,00-0031492,J.Myers,0.0,1.0,0.0,0.0,0.0,0.0,5.0,5.0,5.0,K,DAL
2023,13,SF,00-0038562,J.Moody,0.0,0.0,0.0,0.0,0.0,0.0,6.0,6.0,6.0,K,PHI
2023,13,TB,00-0035358,C.McLaughlin,0.0,0.0,0.0,0.0,0.0,0.0,3.0,3.0,3.0,K,CAR
2023,13,TEN,00-0025565,N.Folk,1.0,1.0,0.0,1.0,1.0,0.0,3.0,2.0,9.0,K,IND
2023,13,WAS,00-0035192,J.Slye,0.0,0.0,1.0,0.0,0.0,0.0,1.0,1.0,1.0,K,MIA
2023,14,ATL,00-0033702,Y.Koo,1.0,0.0,2.0,1.0,0.0,0.0,2.0,2.0,5.0,K,TB
2023,14,BAL,00-0029597,J.Tucker,2.0,1.0,0.0,2.0,1.0,0.0,2.0,2.0,12.0,K,LA
2023,14,BUF,00-0036162,T.Bass,2.0,0.0,0.0,2.0,0.0,0.0,2.0,2.0,8.0,K,KC
2023,14,CAR,00-0034173,E.Pineiro,1.0,2.0,0.0,1.0,1.0,0.0,0.0,0.0,7.0,K,NO
2023,14,CHI,00-0031203,C.Santos,2.0,1.0,0.0,2.0,1.0,0.0,2.0,1.0,11.0,K,DET
2023,14,CIN,00-0036854,E.McPherson,2.0,0.0,0.0,2.0,0.0,0.0,4.0,4.0,10.0,K,IND
2023,14,CLE,00-0030098,D.Hopkins,0.0,0.0,1.0,0.0,0.0,1.0,4.0,4.0,9.0,K,JAX
2023,14,DAL,00-0037692,B.Aubrey,0.0,1.0,3.0,0.0,1.0,3.0,3.0,3.0,22.0,K,PHI
2023,14,DEN,00-0032569,W.Lutz,1.0,0.0,0.0,1.0,0.0,0.0,3.0,3.0,6.0,K,LAC
2023,14,DET,00-0036816,R.Patterson,0.0,0.0,0.0,0.0,0.0,0.0,2.0,1.0,1.0,K,CHI
2023,14,GB,00-0038402,A.Carlson,2.0,2.0,0.0,2.0,1.0,0.0,1.0,1.0,11.0,K,NYG
2023,14,HOU,00-0036469,M.Ammendola,0.0,0.0,0.0,0.0,0.0,0.0,1.0,0.0,0.0,K,NYJ
2023,14,IND,00-0035269,M.Gay,1.0,0.0,0.0,0.0,0.0,0.0,1.0,0.0,0.0,K,CIN
2023,14,JAX,00-0029822,B.McManus,0.0,0.0,0.0,0.0,0.0,0.0,3.0,3.0,3.0,K,CLE
2023,14,KC,00-0033303,H.Butker,1.0,0.0,0.0,1.0,0.0,0.0,2.0,2.0,5.0,K,BUF
2023,14,LA,00-0038152,L.Havrisik,2.0,0.0,1.0,2.0,0.0,1.0,2.0,2.0,13.0,K,BAL
2023,14,LAC,00-0037224,C.Dicker,0.0,0.0,0.0,0.0,0.0,0.0,1.0,1.0,1.0,K,DEN
2023,14,MIA,00-0034794,J.Sanders,2.0,1.0,0.0,2.0,0.0,0.0,3.0,3.0,9.0,K,TEN
2023,14,MIN,00-0034450,G.Joseph,1.0,1.0,0.0,1.0,0.0,0.0,0.0,0.0,3.0,K,LV
2023,14,NE,00-0038567,C.Ryland,0.0,0.0,0.0,0.0,0.0,0.0,3.0,3.0,3.0,K,PIT
2023,14,NO,00-0038905,B.Grupe,1.0,0.0,0.0,0.0,0.0,0.0,4.0,4.0,4.0,K,CAR
2023,14,NYG,00-0029421,R.Bullock,1.0,1.0,0.0,1.0,0.0,0.0,3.0,3.0,6.0,K,GB
2023,14,NYJ,00-0029621,G.Zuerlein,0.0,1.0,2.0,0.0,1.0,2.0,3.0,3.0,17.0,K,HOU
2023,14,PHI,00-0033787,J.Elliott,0.0,1.0,1.0,0.0,1.0,1.0,1.0,1.0,10.0,K,DAL
2023,14,PIT,00-0031136,C.Boswell,0.0,0.0,1.0,0.0,0.0,1.0,1.0,1.0,6.0,K,NE
2023,14,SEA,00-0031492,J.Myers,0.0,1.0,0.0,0.0,1.0,0.0,1.0,1.0,5.0,K,SF
2023,14,SF,00-0038562,J.Moody,0.0,0.0,0.0,0.0,0.0,0.0,4.0,4.0,4.0,K,SEA
2023,14,TB,00-0035358,C.McLaughlin,1.0,0.0,1.0,1.0,0.0,1.0,3.0,3.0,11.0,K,ATL
2023,14,TEN,00-0025565,N.Folk,2.0,0.0,0.0,2.0,0.0,0.0,2.0,2.0,8.0,K,MIA
2023,15,ARI,00-0023853,M.Prater,1.0,1.0,1.0,1.0,1.0,1.0,2.0,2.0,14.0,K,SF
2023,15,ATL,00-0033702,Y.Koo,0.0,0.0,0.0,0.0,0.0,0.0,1.0,1.0,1.0,K,CAR
2023,15,BAL,00-0029597,J.Tucker,2.0,1.0,0.0,2.0,1.0,0.0,2.0,2.0,12.0,K,JAX
2023,15,BUF,00-0036162,T.Bass,1.0,0.0,0.0,1.0,0.0,0.0,4.0,4.0,7.0,K,DAL
2023,15,CAR,00-0034173,E.Pineiro,3.0,0.0,0.0,3.0,0.0,0.0,0.0,0.0,9.0,K,ATL
2023,15,CHI,00-0031203,C.Santos,0.0,1.0,0.0,0.0,1.0,0.0,2.0,2.0,6.0,K,CLE
2023,15,CIN,00-0036854,E.McPherson,2.0,0.0,0.0,2.0,0.0,0.0,3.0,3.0,9.0,K,MIN
2023,15,CLE,00-0030098,D.Hopkins,2.0,0.0,0.0,2.0,0.0,0.0,2.0,2.0,8.0,K,CHI
2023,15,DAL,00-0037692,B.Aubrey,1.0,0.0,0.0,1.0,0.0,0.0,1.0,1.0,4.0,K,BUF
2023,15,DEN,00-0032569,W.Lutz,1.0,0.0,0.0,1.0,0.0,0.0,2.0,2.0,5.0,K,DET
2023,15,DET,00-0034084,M.Badgley,0.0,0.0,0.0,0.0,0.0,0.0,6.0,6.0,6.0,K,DEN
2023,15,GB,00-0038402,A.Carlson,2.0,0.0,0.0,2.0,0.0,0.0,2.0,2.0,8.0,K,TB
2023,15,HOU,00-0032726,K.Fairbairn,2.0,0.0,2.0,2.0,0.0,2.0,1.0,1.0,17.0,K,TEN
2023,15,IND,00-0035269,M.Gay,2.0,2.0,1.0,2.0,1.0,0.0,3.0,3.0,13.0,K,PIT
2023,15,JAX,00-0029822,B.McManus,0.0,0.0,2.0,0.0,0.0,0.0,1.0,1.0,1.0,K,BAL
2023,15,KC,00-0033303,H.Butker,2.0,0.0,1.0,1.0,0.0,1.0,3.0,3.0,11.0,K,NE
2023,15,LA,00-0038152,L.Havrisik,2.0,1.0,0.0,2.0,0.0,0.0,2.0,2.0,8.0,K,WAS
2023,15,LAC,00-0037224,C.Dicker,0.0,0.0,0.0,0.0,0.0,0.0,3.0,3.0,3.0,K,LV
2023,15,LV,00-0034161,D.Carlson,0.0,0.0,0.0,0.0,0.0,0.0,9.0,9.0,9.0,K,LAC
2023,15,MIA,00-0034794,J.Sanders,3.0,0.0,0.0,3.0,0.0,0.0,3.0,3.0,12.0,K,NYJ
2023,15,MIN,00-0034450,G.Joseph,1.0,0.0,0.0,1.0,0.0,0.0,3.0,3.0,6.0,K,CIN
2023,15,NE,00-0038567,C.Ryland,1.0,1.0,0.0,1.0,0.0,0.0,2.0,2.0,5.0,K,KC
2023,15,NO,00-0038905,B.Grupe,0.0,0.0,1.0,0.0,0.0,1.0,3.0,3.0,8.0,K,NYG
2023,15,NYG,00-0029421,R.Bullock,0.0,0.0,1.0,0.0,0.0,1.0,0.0,0.0,5.0,K,NO
2023,15,NYG,00-0035042,J.Gillan,0.0,1.0,0.0,0.0,1.0,0.0,0.0,0.0,4.0,K,NO
2023,15,PHI,00-0033787,J.Elliott,1.0,0.0,0.0,1.0,0.0,0.0,2.0,2.0,5.0,K,SEA
2023,15,PIT,00-0031136,C.Boswell,0.0,0.0,0.0,0.0,0.0,0.0,2.0,1.0,1.0,K,IND
2023,15,SEA,00-0031492,J.Myers,1.0,1.0,0.0,1.0,1.0,0.0,2.0,2.0,9.0,K,PHI
2023,15,SF,00-0038562,J.Moody,0.0,1.0,0.0,0.0,1.0,0.0,6.0,6.0,10.0,K,ARI
2023,15,TB,00-0035358,C.McLaughlin,1.0,1.0,0.0,1.0,1.0,0.0,4.0,4.0,11.0,K,GB
2023,15,TEN,00-0025565,N.Folk,0.0,1.0,0.0,0.0,1.0,0.0,2.0,1.0,5.0,K,HOU
2023,15,WAS,00-0035192,J.Slye,0.0,0.0,0.0,0.0,0.0,0.0,3.0,2.0,2.0,K,LA
2023,16,ARI,00-0023853,M.Prater,0.0,0.0,1.0,0.0,0.0,1.0,1.0,1.0,6.0,K,CHI
2023,16,ATL,00-0033702,Y.Koo,3.0,2.0,0.0,3.0,2.0,0.0,2.0,2.0,19.0,K,IND
2023,16,BAL,00-0029597,J.Tucker,3.0,1.0,0.0,3.0,1.0,0.0,3.0,3.0,16.0,K,SF
2023,16,BUF,00-0036162,T.Bass,1.0,0.0,0.0,1.0,0.0,0.0,3.0,3.0,6.0,K,LAC
2023,16,CAR,00-0034173,E.Pineiro,0.0,0.0,1.0,0.0,0.0,1.0,3.0,1.0,6.0,K,GB
2023,16,CHI,00-0031203,C.Santos,1.0,1.0,0.0,1.0,1.0,0.0,3.0,3.0,10.0,K,ARI
2023,16,CIN,00-0036854,E.McPherson,1.0,0.0,0.0,1.0,0.0,0.0,0.0,0.0,3.0,K,PIT
2023,16,CLE,00-0030098,D.Hopkins,0.0,0.0,0.0,0.0,0.0,0.0,2.0,2.0,2.0,K,HOU
2023,16,DAL,00-0037692,B.Aubrey,1.0,1.0,0.0,1.0,1.0,0.0,2.0,2.0,9.0,K,MIA
2023,16,DEN,00-0032569,W.Lutz,0.0,0.0,1.0,0.0,0.0,0.0,1.0,1.0,1.0,K,NE
2023,16,DET,00-0034084,M.Badgley,1.0,0.0,0.0,1.0,0.0,0.0,4.0,3.0,6.0,K,MIN
2023,16,GB,00-0038402,A.Carlson,1.0,0.0,1.0,1.0,0.0,1.0,4.0,3.0,11.0,K,CAR
2023,16,HOU,00-0032726,K.Fairbairn,0.0,0.0,0.0,0.0,0.0,0.0,2.0,2.0,2.0,K,CLE
2023,16,IND,00-0035269,M.Gay,1.0,0.0,0.0,1.0,0.0,0.0,1.0,1.0,4.0,K,ATL
2023,16,JAX,00-0029822,B.McManus,0.0,0.0,1.0,0.0,0.0,0.0,0.0,0.0,0.0,K,TB
2023,16,KC,00-0033303,H.Butker,1.0,0.0,0.0,0.0,0.0,0.0,2.0,2.0,2.0,K,LV
2023,16,LA,00-0038152,L.Havrisik,3.0,1.0,0.0,3.0,0.0,0.0,3.0,3.0,12.0,K,NO
2023,16,LAC,00-0037224,C.Dicker,1.0,3.0,1.0,1.0,3.0,1.0,1.0,1.0,21.0,K,BUF
2023,16,LV,00-0034161,D.Carlson,2.0,0.0,0.0,2.0,0.0,0.0,0.0,0.0,6.0,K,KC
2023,16,MIA,00-0034794,J.Sanders,2.0,0.0,3.0,2.0,0.0,3.0,1.0,1.0,22.0,K,DAL
2023,16,MIN,00-0034450,G.Joseph,1.0,0.0,0.0,1.0,0.0,0.0,3.0,3.0,6.0,K,DET
2023,16,NE,00-0038567,C.Ryland,1.0,1.0,1.0,1.0,0.0,1.0,3.0,2.0,10.0,K,DEN
2023,16,NO,00-0038905,B.Grupe,0.0,0.0,0.0,0.0,0.0,0.0,2.0,2.0,2.0,K,LA
2023,16,NYG,00-0025580,M.Crosby,0.0,0.0,1.0,0.0,0.0,1.0,2.0,2.0,7.0,K,PHI
2023,16,NYJ,00-0029621,G.Zuerlein,2.0,0.0,1.0,2.0,0.0,1.0,3.0,3.0,14.0,K,WAS
2023,16,PHI,00-0033787,J.Elliott,2.0,2.0,0.0,2.0,2.0,0.0,3.0,3.0,17.0,K,NYG
2023,16,PIT,00-0031136,C.Boswell,1.0,0.0,1.0,1.0,0.0,1.0,4.0,4.0,12.0,K,CIN
2023,16,SEA,00-0031492,J.Myers,2.0,0.0,0.0,2.0,0.0,0.0,2.0,2.0,8.0,K,TEN
2023,16,SF,00-0038562,J.Moody,0.0,1.0,0.0,0.0,1.0,0.0,2.0,2.0,6.0,K,BAL
2023,16,TB,00-0035358,C.McLaughlin,2.0,0.0,1.0,2.0,0.0,1.0,3.0,3.0,14.0,K,JAX
2023,16,TEN,00-0025565,N.Folk,1.0,0.0,0.0,1.0,0.0,0.0,2.0,2.0,5.0,K,SEA
2023,16,WAS,00-0035192,J.Slye,0.0,0.0,0.0,0.0,0.0,0.0,4.0,4.0,4.0,K,NYJ
2023,17,ARI,00-0023853,M.Prater,2.0,0.0,0.0,2.0,0.0,0.0,3.0,3.0,9.0,K,PHI
2023,17,ATL,00-0033702,Y.Koo,1.0,1.0,1.0,1.0,0.0,0.0,2.0,2.0,5.0,K,CHI
2023,17,BAL,00-0029597,J.Tucker,0.0,0.0,0.0,0.0,0.0,0.0,8.0,8.0,8.0,K,MIA
2023,17,BUF,00-0036162,T.Bass,2.0,0.0,0.0,2.0,0.0,0.0,3.0,3.0,9.0,K,NE
2023,17,CHI,00-0031203,C.Santos,1.0,2.0,1.0,1.0,2.0,0.0,4.0,4.0,15.0,K,ATL
2023,17,CIN,00-0036854,E.McPherson,1.0,0.0,0.0,1.0,0.0,0.0,2.0,2.0,5.0,K,KC
2023,17,CLE,00-0036816,R.Patterson,1.0,0.0,0.0,1.0,0.0,0.0,5.0,4.0,7.0,K,NYJ
2023,17,DAL,00-0037692,B.Aubrey,0.0,1.0,1.0,0.0,1.0,1.0,2.0,2.0,11.0,K,DET
2023,17,DEN,00-0032569,W.Lutz,2.0,2.0,0.0,2.0,1.0,0.0,1.0,1.0,11.0,K,LAC
2023,17,DET,00-0034084,M.Badgley,1.0,1.0,0.0,1.0,1.0,0.0,1.0,1.0,8.0,K,DAL
2023,17,GB,00-0038402,A.Carlson,2.0,0.0,0.0,2.0,0.0,0.0,4.0,3.0,9.0,K,MIN
2023,17,HOU,00-0032726,K.Fairbairn,3.0,0.0,1.0,3.0,0.0,1.0,2.0,2.0,16.0,K,TEN
2023,17,IND,00-0035269,M.Gay,2.0,1.0,0.0,2.0,1.0,0.0,2.0,2.0,12.0,K,LV
2023,17,JAX,00-0029822,B.McManus,4.0,0.0,0.0,4.0,0.0,0.0,2.0,2.0,14.0,K,CAR
2023,17,KC,00-0033303,H.Butker,2.0,3.0,1.0,2.0,3.0,1.0,1.0,1.0,24.0,K,CIN
2023,17,LA,00-0038152,L.Havrisik,0.0,0.0,0.0,0.0,0.0,0.0,4.0,2.0,2.0,K,NYG
2023,17,LAC,00-0037224,C.Dicker,1.0,0.0,3.0,1.0,0.0,2.0,0.0,0.0,13.0,K,DEN
2023,17,LV,00-0034161,D.Carlson,1.0,1.0,0.0,1.0,1.0,0.0,2.0,2.0,9.0,K,IND
2023,17,MIA,00-0034794,J.Sanders,2.0,0.0,0.0,2.0,0.0,0.0,1.0,1.0,7.0,K,BAL
2023,17,MIN,00-0034450,G.Joseph,0.0,0.0,1.0,0.0,0.0,1.0,1.0,1.0,6.0,K,GB
2023,17,NE,00-0038567,C.Ryland,0.0,1.0,0.0,0.0,0.0,0.0,3.0,3.0,3.0,K,BUF
2023,17,NO,00-0038905,B.Grupe,2.0,1.0,0.0,2.0,1.0,0.0,2.0,2.0,12.0,K,TB
2023,17,NYG,00-0025580,M.Crosby,2.0,0.0,1.0,2.0,0.0,0.0,2.0,1.0,7.0,K,LA
2023,17,NYJ,00-0029621,G.Zuerlein,1.0,2.0,0.0,0.0,2.0,0.0,2.0,2.0,10.0,K,CLE
2023,17,PHI,00-0033787,J.Elliott,0.0,1.0,0.0,0.0,1.0,0.0,4.0,4.0,8.0,K,ARI
2023,17,PIT,00-0031136,C.Boswell,3.0,0.0,0.0,3.0,0.0,0.0,3.0,3.0,12.0,K,SEA
2023,17,SEA,00-0031492,J.Myers,1.0,2.0,0.0,1.0,2.0,0.0,2.0,2.0,13.0,K,PIT
2023,17,SF,00-0038562,J.Moody,2.0,0.0,0.0,2.0,0.0,0.0,3.0,3.0,9.0,K,WAS
2023,17,TB,00-0035358,C.McLaughlin,0.0,0.0,0.0,0.0,0.0,0.0,1.0,1.0,1.0,K,NO
2023,17,TEN,00-0025565,N.Folk,0.0,0.0,1.0,0.0,0.0,1.0,0.0,0.0,5.0,K,HOU
2023,17,WAS,00-0035192,J.Slye,0.0,1.0,0.0,0.0,1.0,0.0,1.0,1.0,5.0,K,SF
2023,18,ARI,00-0023853,M.Prater,2.0,1.0,1.0,2.0,0.0,0.0,2.0,2.0,8.0,K,SEA
2023,18,ATL,00-0033702,Y.Koo,1.0,0.0,0.0,1.0,0.0,0.0,2.0,2.0,5.0,K,NO
2023,18,BAL,00-0029597,J.Tucker,1.0,0.0,0.0,1.0,0.0,0.0,1.0,1.0,4.0,K,PIT
2023,18,BUF,00-0036162,T.Bass,0.0,0.0,0.0,0.0,0.0,0.0,3.0,3.0,3.0,K,MIA
2023,18,CAR,00-0035189,M.Wright,0.0,0.0,1.0,0.0,0.0,0.0,0.0,0.0,0.0,K,TB
2023,18,CHI,00-0031203,C.Santos,2.0,0.0,1.0,2.0,0.0,1.0,0.0,0.0,11.0,K,GB
2023,18,CIN,00-0036854,E.McPherson,0.0,1.0,0.0,0.0,1.0,0.0,4.0,4.0,8.0,K,CLE
2023,18,CLE,00-0036816,R.Patterson,0.0,0.0,0.0,0.0,0.0,0.0,2.0,2.0,2.0,K,CIN
2023,18,DAL,00-0037692,B.Aubrey,2.0,0.0,1.0,0.0,0.0,1.0,5.0,5.0,10.0,K,WAS
2023,18,DEN,00-0032569,W.Lutz,0.0,0.0,0.0,0.0,0.0,0.0,2.0,2.0,2.0,K,LV
2023,18,DET,00-0034084,M.Badgley,1.0,0.0,0.0,1.0,0.0,0.0,4.0,3.0,6.0,K,MIN
2023,18,GB,00-0038402,A.Carlson,1.0,1.0,0.0,1.0,0.0,0.0,2.0,2.0,5.0,K,CHI
2023,18,HOU,00-0032726,K.Fairbairn,0.0,0.0,1.0,0.0,0.0,1.0,3.0,2.0,7.0,K,IND
2023,18,IND,00-0035269,M.Gay,2.0,0.0,2.0,2.0,0.0,1.0,0.0,0.0,11.0,K,HOU
2023,18,JAX,00-0029822,B.McManus,1.0,1.0,0.0,1.0,1.0,0.0,2.0,2.0,9.0,K,TEN
2023,18,KC,00-0033303,H.Butker,1.0,1.0,0.0,1.0,1.0,0.0,1.0,1.0,8.0,K,LAC
2023,18,LA,00-0030332,B.Maher,0.0,0.0,0.0,0.0,0.0,0.0,2.0,1.0,1.0,K,SF
2023,18,LAC,00-0037224,C.Dicker,1.0,3.0,0.0,1.0,3.0,0.0,0.0,0.0,15.0,K,KC
2023,18,LV,00-0034161,D.Carlson,1.0,1.0,0.0,1.0,1.0,0.0,3.0,3.0,10.0,K,DEN
2023,18,MIA,00-0034794,J.Sanders,0.0,0.0,0.0,0.0,0.0,0.0,2.0,2.0,2.0,K,BUF
2023,18,MIN,00-0034450,G.Joseph,1.0,1.0,0.0,1.0,1.0,0.0,2.0,2.0,9.0,K,DET
2023,18,NE,00-0038567,C.Ryland,1.0,0.0,0.0,1.0,0.0,0.0,0.0,0.0,3.0,K,NYJ
2023,18,NO,00-0038905,B.Grupe,2.0,0.0,0.0,2.0,0.0,0.0,6.0,6.0,12.0,K,ATL
2023,18,NYG,00-0025580,M.Crosby,2.0,1.0,0.0,2.0,0.0,0.0,3.0,3.0,9.0,K,PHI
2023,18,NYJ,00-0029621,G.Zuerlein,2.0,2.0,0.0,2.0,1.0,0.0,0.0,0.0,10.0,K,NE
2023,18,PHI,00-0033787,J.Elliott,1.0,0.0,0.0,1.0,0.0,0.0,1.0,1.0,4.0,K,NYG
2023,18,PIT,00-0031136,C.Boswell,1.0,0.0,0.0,1.0,0.0,0.0,2.0,2.0,5.0,K,BAL
2023,18,SEA,00-0031492,J.Myers,2.0,0.0,0.0,2.0,0.0,0.0,1.0,1.0,7.0,K,ARI
2023,18,SF,00-0038562,J.Moody,1.0,0.0,0.0,0.0,0.0,0.0,3.0,2.0,2.0,K,LA
2023,18,TB,00-0035358,C.McLaughlin,2.0,0.0,1.0,2.0,0.0,1.0,0.0,0.0,11.0,K,CAR
2023,18,TEN,00-0025565,N.Folk,0.0,0.0,0.0,0.0,0.0,0.0,4.0,4.0,4.0,K,JAX
2023,18,WAS,00-0035192,J.Slye,1.0,0.0,0.0,1.0,0.0,0.0,1.0,1.0,4.0,K,DAL
2023,19,BUF,00-0036162,T.Bass,1.0,2.0,0.0,0.0,1.0,0.0,4.0,4.0,8.0,K,PIT
2023,19,CLE,00-0036816,R.Patterson,0.0,0.0,0.0,0.0,0.0,0.0,2.0,2.0,2.0,K,HOU
2023,19,DAL,00-0037692,B.Aubrey,1.0,0.0,0.0,1.0,0.0,0.0,2.0,1.0,4.0,K,GB
2023,19,DET,00-0034084,M.Badgley,0.0,0.0,1.0,0.0,0.0,1.0,3.0,3.0,8.0,K,LA
2023,19,GB,00-0038402,A.Carlson,0.0,0.0,0.0,0.0,0.0,0.0,7.0,6.0,6.0,K,DAL
2023,19,HOU,00-0032726,K.Fairbairn,1.0,0.0,0.0,1.0,0.0,0.0,6.0,6.0,9.0,K,CLE
2023,19,KC,00-0033303,H.Butker,4.0,0.0,0.0,4.0,0.0,0.0,2.0,2.0,14.0,K,MIA
2023,19,LA,00-0030332,B.Maher,3.0,0.0,0.0,3.0,0.0,0.0,2.0,2.0,11.0,K,DET
2023,19,MIA,00-0034794,J.Sanders,0.0,0.0,0.0,0.0,0.0,0.0,1.0,1.0,1.0,K,KC
2023,19,PHI,00-0033787,J.Elliott,0.0,1.0,0.0,0.0,1.0,0.0,0.0,0.0,4.0,K,TB
2023,19,PIT,00-0031136,C.Boswell,0.0,1.0,0.0,0.0,1.0,0.0,2.0,2.0,6.0,K,BUF
2023,19,TB,00-0035358,C.McLaughlin,1.0,1.0,1.0,1.0,1.0,1.0,3.0,3.0,15.0,K,PHI
2023,20,BAL,00-0029597,J.Tucker,0.0,1.0,1.0,0.0,1.0,1.0,4.0,4.0,13.0,K,HOU
2023,20,BUF,00-0036162,T.Bass,1.0,1.0,0.0,1.0,0.0,0.0,3.0,3.0,6.0,K,KC
2023,20,DET,00-0034084,M.Badgley,1.0,0.0,0.0,1.0,0.0,0.0,4.0,4.0,7.0,K,TB
2023,20,GB,00-0038402,A.Carlson,2.0,1.0,0.0,2.0,0.0,0.0,1.0,1.0,7.0,K,SF
2023,20,HOU,00-0032726,K.Fairbairn,0.0,1.0,1.0,0.0,0.0,1.0,1.0,1.0,6.0,K,BAL
2023,20,KC,00-0033303,H.Butker,1.0,1.0,0.0,1.0,1.0,0.0,3.0,3.0,10.0,K,BUF
2023,20,SF,00-0038562,J.Moody,0.0,1.0,1.0,0.0,0.0,1.0,3.0,3.0,8.0,K,GB
2023,20,TB,00-0035358,C.McLaughlin,0.0,1.0,1.0,0.0,1.0,0.0,2.0,2.0,6.0,K,DET
2023,21,BAL,00-0029597,J.Tucker,0.0,1.0,0.0,0.0,1.0,0.0,1.0,1.0,5.0,K,KC
2023,21,DET,00-0034084,M.Badgley,1.0,0.0,0.0,1.0,0.0,0.0,4.0,4.0,7.0,K,SF
2023,21,KC,00-0033303,H.Butker,0.0,0.0,1.0,0.0,0.0,1.0,2.0,2.0,7.0,K,BAL
2023,21,SF,00-0038562,J.Moody,1.0,2.0,0.0,1.0,1.0,0.0,4.0,4.0,11.0,K,DET
2023,22,KC,00-0033303,H.Butker,3.0,0.0,1.0,3.0,0.0,1.0,1.0,1.0,15.0,K,SF
2023,22,SF,00-0038562,J.Moody,1.0,0.0,2.0,1.0,0.0,2.0,2.0,1.0,14.0,K,KC
2024,1,ARI,00-0023853,M.Prater,2.0,0.0,0.0,2.0,0.0,0.0,2.0,2.0,8.0,K,BUF
2024,1,ATL,00-0033702,Y.Koo,1.0,0.0,0.0,1.0,0.0,0.0,1.0,1.0,4.0,K,PIT
2024,1,BAL,00-0029597,J.Tucker,2.0,0.0,1.0,2.0,0.0,0.0,2.0,2.0,8.0,K,KC
2024,1,BUF,00-0036162,T.Bass,2.0,0.0,0.0,2.0,0.0,0.0,4.0,4.0,10.0,K,ARI
2024,1,CAR,00-0034173,E.Pineiro,0.0,1.0,0.0,0.0,1.0,0.0,1.0,1.0,5.0,K,NO
2024,1,CHI,00-0031203,C.Santos,1.0,1.0,1.0,1.0,1.0,1.0,1.0,1.0,13.0,K,TEN
2024,1,CIN,00-0036854,E.McPherson,0.0,0.0,1.0,0.0,0.0,1.0,1.0,1.0,6.0,K,NE
2024,1,CLE,00-0030098,D.Hopkins,0.0,0.0,1.0,0.0,0.0,1.0,2.0,2.0,7.0,K,DAL
2024,1,DAL,00-0037692,B.Aubrey,0.0,2.0,2.0,0.0,2.0,2.0,3.0,3.0,21.0,K,CLE
2024,1,DEN,00-0032569,W.Lutz,2.0,1.0,0.0,2.0,1.0,0.0,1.0,1.0,11.0,K,SEA
2024,1,DET,00-0039172,J.Bates,2.0,0.0,0.0,2.0,0.0,0.0,2.0,2.0,8.0,K,LA
2024,1,GB,00-0039649,B.Narveson,3.0,1.0,0.0,3.0,0.0,0.0,2.0,2.0,11.0,K,PHI
2024,1,HOU,00-0032726,K.Fairbairn,0.0,0.0,3.0,0.0,0.0,3.0,2.0,2.0,17.0,K,IND
2024,1,IND,00-0039576,S.Shrader,0.0,0.0,0.0,0.0,0.0,0.0,3.0,3.0,3.0,K,HOU
2024,1,JAX,00-0039409,C.Little,0.0,0.0,1.0,0.0,0.0,1.0,2.0,2.0,7.0,K,MIA
2024,1,KC,00-0033303,H.Butker,2.0,0.0,0.0,2.0,0.0,0.0,3.0,3.0,9.0,K,BAL
2024,1,LA,00-0039750,J.Karty,1.0,1.0,0.0,1.0,1.0,0.0,2.0,2.0,9.0,K,DET
2024,1,LAC,00-0037224,C.Dicker,2.0,0.0,1.0,2.0,0.0,1.0,1.0,1.0,12.0,K,LV
2024,1,LV,00-0034161,D.Carlson,1.0,1.0,0.0,1.0,0.0,0.0,1.0,1.0,4.0,K,LAC
2024,1,MIA,00-0034794,J.Sanders,1.0,1.0,1.0,1.0,0.0,1.0,2.0,2.0,10.0,K,JAX
2024,1,MIN,00-0039404,W.Reichard,0.0,0.0,0.0,0.0,0.0,0.0,4.0,4.0,4.0,K,NYG
2024,1,NE,00-0035192,J.Slye,3.0,0.0,0.0,3.0,0.0,0.0,1.0,1.0,10.0,K,CIN
2024,1,NO,00-0038905,B.Grupe,1.0,1.0,2.0,1.0,1.0,2.0,5.0,5.0,22.0,K,CAR
2024,1,NYG,00-0026858,G.Gano,1.0,0.0,1.0,1.0,0.0,1.0,0.0,0.0,8.0,K,MIN
2024,1,NYJ,00-0029621,G.Zuerlein,0.0,0.0,0.0,0.0,0.0,0.0,1.0,1.0,1.0,K,SF
2024,1,PHI,00-0033787,J.Elliott,2.0,0.0,0.0,2.0,0.0,0.0,4.0,4.0,10.0,K,GB
2024,1,PIT,00-0031136,C.Boswell,1.0,2.0,3.0,1.0,2.0,3.0,0.0,0.0,26.0,K,ATL
2024,1,SEA,00-0031492,J.Myers,1.0,0.0,1.0,1.0,0.0,1.0,2.0,2.0,10.0,K,DEN
2024,1,SF,00-0038562,J.Moody,2.0,2.0,2.0,2.0,2.0,2.0,2.0,2.0,26.0,K,NYJ
2024,1,TB,00-0035358,C.McLaughlin,2.0,0.0,1.0,2.0,0.0,1.0,4.0,4.0,15.0,K,WAS
2024,1,TEN,00-0025565,N.Folk,0.0,1.0,0.0,0.0,1.0,0.0,2.0,2.0,6.0,K,CHI
2024,1,WAS,00-0038097,C.York,0.0,1.0,1.0,0.0,0.0,0.0,2.0,2.0,2.0,K,TB
2024,2,ARI,00-0023853,M.Prater,0.0,1.0,1.0,0.0,1.0,1.0,5.0,5.0,14.0,K,LA
2024,2,ATL,00-0033702,Y.Koo,3.0,0.0,0.0,3.0,0.0,0.0,1.0,1.0,10.0,K,PHI
2024,2,BAL,00-0029597,J.Tucker,1.0,2.0,1.0,1.0,2.0,0.0,2.0,2.0,13.0,K,LV
2024,2,BUF,00-0036162,T.Bass,0.0,2.0,0.0,0.0,1.0,0.0,4.0,4.0,8.0,K,MIA
2024,2,CAR,00-0034173,E.Pineiro,1.0,0.0,0.0,1.0,0.0,0.0,0.0,0.0,3.0,K,LAC
2024,2,CHI,00-0031203,C.Santos,0.0,0.0,2.0,0.0,0.0,2.0,1.0,1.0,11.0,K,HOU
2024,2,CIN,00-0036854,E.McPherson,2.0,1.0,1.0,2.0,1.0,1.0,2.0,1.0,16.0,K,KC
2024,2,CLE,00-0030098,D.Hopkins,1.0,1.0,1.0,1.0,1.0,1.0,1.0,1.0,13.0,K,JAX
2024,2,DAL,00-0037692,B.Aubrey,1.0,2.0,1.0,1.0,2.0,1.0,1.0,1.0,17.0,K,NO
2024,2,DEN,00-0032569,W.Lutz,2.0,0.0,0.0,2.0,0.0,0.0,0.0,0.0,6.0,K,PIT
2024,2,DET,00-0039172,J.Bates,3.0,0.0,0.0,3.0,0.0,0.0,1.0,1.0,10.0,K,TB
2024,2,GB,00-0039649,B.Narveson,1.0,3.0,0.0,1.0,2.0,0.0,1.0,1.0,12.0,K,IND
2024,2,HOU,00-0032726,K.Fairbairn,0.0,1.0,3.0,0.0,1.0,3.0,1.0,1.0,20.0,K,CHI
2024,2,IND,00-0035269,M.Gay,1.0,0.0,1.0,1.0,0.0,0.0,1.0,1.0,4.0,K,GB
2024,2,JAX,00-0039409,C.Little,2.0,1.0,0.0,2.0,0.0,0.0,1.0,1.0,7.0,K,CLE
2024,2,KC,00-0033303,H.Butker,1.0,0.0,1.0,1.0,0.0,1.0,2.0,2.0,10.0,K,CIN
2024,2,LA,00-0039750,J.Karty,1.0,0.0,0.0,1.0,0.0,0.0,1.0,1.0,4.0,K,ARI
2024,2,LAC,00-0037224,C.Dicker,0.0,2.0,0.0,0.0,2.0,0.0,3.0,2.0,10.0,K,CAR
2024,2,LV,00-0034161,D.Carlson,2.0,0.0,2.0,2.0,0.0,2.0,2.0,2.0,18.0,K,BAL
2024,2,MIA,00-0034794,J.Sanders,1.0,0.0,0.0,1.0,0.0,0.0,1.0,1.0,4.0,K,BUF
2024,2,MIN,00-0039404,W.Reichard,3.0,0.0,0.0,3.0,0.0,0.0,2.0,2.0,11.0,K,SF
2024,2,NE,00-0035192,J.Slye,2.0,1.0,0.0,2.0,0.0,0.0,2.0,2.0,8.0,K,SEA
2024,2,NO,00-0038905,B.Grupe,1.0,0.0,0.0,1.0,0.0,0.0,6.0,5.0,8.0,K,DAL
2024,2,NYG,00-0035042,J.Gillan,0.0,0.0,0.0,0.0,0.0,0.0,1.0,0.0,0.0,K,WAS
2024,2,NYJ,00-0029621,G.Zuerlein,1.0,0.0,0.0,1.0,0.0,0.0,3.0,3.0,6.0,K,TEN
2024,2,PHI,00-0033787,J.Elliott,2.0,0.0,0.0,2.0,0.0,0.0,1.0,1.0,7.0,K,ATL
2024,2,PIT,00-0031136,C.Boswell,1.0,0.0,1.0,1.0,0.0,1.0,1.0,1.0,9.0,K,DEN
2024,2,SEA,00-0031492,J.Myers,2.0,1.0,0.0,2.0,1.0,0.0,2.0,2.0,12.0,K,NE
2024,2,SF,00-0038562,J.Moody,1.0,0.0,0.0,1.0,0.0,0.0,2.0,2.0,5.0,K,MIN
2024,2,TB,00-0035358,C.McLaughlin,1.0,0.0,1.0,1.0,0.0,1.0,2.0,2.0,10.0,K,DET
2024,2,TEN,00-0025565,N.Folk,0.0,1.0,0.0,0.0,1.0,0.0,2.0,2.0,6.0,K,NYJ
2024,2,WAS,00-0035145,A.Seibert,6.0,1.0,0.0,6.0,1.0,0.0,0.0,0.0,22.0,K,NYG
2024,3,ARI,00-0023853,M.Prater,0.0,2.0,0.0,0.0,2.0,0.0,1.0,1.0,9.0,K,DET
2024,3,ATL,00-0033702,Y.Koo,0.0,0.0,1.0,0.0,0.0,1.0,2.0,2.0,7.0,K,KC
2024,3,BAL,00-0029597,J.Tucker,0.0,1.0,0.0,0.0,0.0,0.0,4.0,4.0,4.0,K,DAL
2024,3,BUF,00-0036162,T.Bass,1.0,1.0,0.0,1.0,1.0,0.0,6.0,5.0,12.0,K,JAX
2024,3,CAR,00-0034173,E.Pineiro,2.0,1.0,0.0,2.0,1.0,0.0,3.0,3.0,13.0,K,LV
2024,3,CHI,00-0031203,C.Santos,0.0,0.0,2.0,0.0,0.0,1.0,1.0,1.0,6.0,K,IND
2024,3,CIN,00-0036854,E.McPherson,2.0,1.0,0.0,2.0,0.0,0.0,3.0,3.0,9.0,K,WAS
2024,3,CLE,00-0030098,D.Hopkins,0.0,0.0,1.0,0.0,0.0,0.0,1.0,1.0,1.0,K,NYG
2024,3,DAL,00-0037692,B.Aubrey,0.0,0.0,2.0,0.0,0.0,2.0,1.0,1.0,11.0,K,BAL
2024,3,DEN,00-0032569,W.Lutz,2.0,2.0,0.0,2.0,2.0,0.0,2.0,2.0,16.0,K,TB
2024,3,DET,00-0039172,J.Bates,0.0,0.0,0.0,0.0,0.0,0.0,3.0,2.0,2.0,K,ARI
2024,3,GB,00-0039649,B.Narveson,2.0,1.0,0.0,2.0,1.0,0.0,3.0,3.0,13.0,K,TEN
2024,3,HOU,00-0032726,K.Fairbairn,0.0,0.0,1.0,0.0,0.0,0.0,1.0,1.0,1.0,K,MIN
2024,3,IND,00-0035269,M.Gay,0.0,0.0,0.0,0.0,0.0,0.0,3.0,3.0,3.0,K,CHI
2024,3,JAX,00-0039409,C.Little,0.0,1.0,0.0,0.0,1.0,0.0,1.0,1.0,5.0,K,BUF
2024,3,KC,00-0033303,H.Butker,1.0,1.0,1.0,1.0,1.0,1.0,2.0,1.0,13.0,K,ATL
2024,3,LA,00-0039750,J.Karty,2.0,0.0,0.0,2.0,0.0,0.0,3.0,3.0,9.0,K,SF
2024,3,LAC,00-0037224,C.Dicker,1.0,0.0,0.0,1.0,0.0,0.0,1.0,1.0,4.0,K,PIT
2024,3,LV,00-0034161,D.Carlson,0.0,0.0,1.0,0.0,0.0,0.0,2.0,2.0,2.0,K,CAR
2024,3,MIA,00-0034794,J.Sanders,1.0,0.0,1.0,1.0,0.0,0.0,0.0,0.0,3.0,K,SEA
2024,3,MIN,00-0039404,W.Reichard,1.0,0.0,1.0,1.0,0.0,1.0,4.0,4.0,12.0,K,HOU
2024,3,NE,00-0035192,J.Slye,0.0,1.0,0.0,0.0,1.0,0.0,0.0,0.0,4.0,K,NYJ
2024,3,NO,00-0038905,B.Grupe,2.0,0.0,0.0,2.0,0.0,0.0,0.0,0.0,6.0,K,PHI
2024,3,NYG,00-0034450,G.Joseph,0.0,1.0,0.0,0.0,0.0,0.0,3.0,3.0,3.0,K,CLE
2024,3,NYJ,00-0029621,G.Zuerlein,1.0,1.0,0.0,1.0,0.0,0.0,3.0,3.0,6.0,K,NE
2024,3,PHI,00-0033787,J.Elliott,0.0,0.0,1.0,0.0,0.0,0.0,1.0,1.0,1.0,K,NO
2024,3,PIT,00-0031136,C.Boswell,2.0,0.0,1.0,2.0,0.0,0.0,2.0,2.0,8.0,K,LAC
2024,3,SEA,00-0031492,J.Myers,0.0,0.0,2.0,0.0,0.0,1.0,3.0,3.0,8.0,K,MIA
2024,3,SF,00-0038562,J.Moody,1.0,0.0,1.0,1.0,0.0,0.0,3.0,3.0,6.0,K,LA
2024,3,TB,00-0035358,C.McLaughlin,0.0,0.0,0.0,0.0,0.0,0.0,1.0,1.0,1.0,K,DEN
2024,3,TEN,00-0025565,N.Folk,0.0,0.0,0.0,0.0,0.0,0.0,2.0,2.0,2.0,K,GB
2024,3,WAS,00-0035145,A.Seibert,0.0,1.0,0.0,0.0,1.0,0.0,5.0,5.0,9.0,K,CIN
2024,4,ARI,00-0023853,M.Prater,0.0,0.0,0.0,0.0,0.0,0.0,2.0,2.0,2.0,K,WAS
2024,4,ATL,00-0033702,Y.Koo,0.0,2.0,2.0,0.0,2.0,2.0,2.0,2.0,20.0,K,NO
2024,4,BAL,00-0029597,J.Tucker,0.0,0.0,0.0,0.0,0.0,0.0,5.0,5.0,5.0,K,BUF
2024,4,BUF,00-0036162,T.Bass,0.0,1.0,1.0,0.0,0.0,1.0,1.0,1.0,6.0,K,BAL
2024,4,CAR,00-0034173,E.Pineiro,0.0,1.0,0.0,0.0,1.0,0.0,3.0,3.0,7.0,K,CIN
2024,4,CHI,00-0031203,C.Santos,0.0,1.0,0.0,0.0,1.0,0.0,3.0,3.0,7.0,K,LA
2024,4,CIN,00-0036854,E.McPherson,0.0,1.0,1.0,0.0,1.0,1.0,4.0,4.0,13.0,K,CAR
2024,4,CLE,00-0030098,D.Hopkins,0.0,0.0,1.0,0.0,0.0,1.0,2.0,1.0,6.0,K,LV
2024,4,DAL,00-0037692,B.Aubrey,0.0,1.0,2.0,0.0,1.0,1.0,2.0,2.0,11.0,K,NYG
2024,4,DEN,00-0032569,W.Lutz,0.0,1.0,1.0,0.0,1.0,0.0,1.0,1.0,5.0,K,NYJ
2024,4,DET,00-0039172,J.Bates,0.0,0.0,0.0,0.0,0.0,0.0,6.0,6.0,6.0,K,SEA
2024,4,GB,00-0039649,B.Narveson,1.0,1.0,0.0,0.0,0.0,0.0,3.0,3.0,3.0,K,MIN
2024,4,HOU,00-0032726,K.Fairbairn,1.0,0.0,0.0,1.0,0.0,0.0,3.0,3.0,6.0,K,JAX
2024,4,IND,00-0035269,M.Gay,2.0,0.0,1.0,2.0,0.0,0.0,3.0,3.0,9.0,K,PIT
2024,4,JAX,00-0039409,C.Little,0.0,1.0,1.0,0.0,1.0,1.0,2.0,2.0,11.0,K,HOU
2024,4,KC,00-0033303,H.Butker,1.0,0.0,1.0,1.0,0.0,0.0,2.0,2.0,5.0,K,LAC
2024,4,LA,00-0039750,J.Karty,2.0,2.0,1.0,2.0,1.0,1.0,0.0,0.0,15.0,K,CHI
2024,4,LAC,00-0037224,C.Dicker,0.0,0.0,2.0,0.0,0.0,1.0,1.0,1.0,6.0,K,KC
2024,4,LV,00-0034161,D.Carlson,1.0,0.0,1.0,1.0,0.0,1.0,2.0,2.0,10.0,K,CLE
2024,4,MIA,00-0034794,J.Sanders,0.0,1.0,1.0,0.0,1.0,1.0,0.0,0.0,9.0,K,TEN
2024,4,MIN,00-0039404,W.Reichard,1.0,0.0,0.0,1.0,0.0,0.0,4.0,4.0,7.0,K,GB
2024,4,NE,00-0035192,J.Slye,0.0,0.0,2.0,0.0,0.0,2.0,1.0,1.0,11.0,K,SF
2024,4,NO,00-0038905,B.Grupe,0.0,1.0,0.0,0.0,1.0,0.0,3.0,3.0,7.0,K,ATL
2024,4,NYG,00-0034450,G.Joseph,2.0,2.0,1.0,2.0,2.0,1.0,0.0,0.0,19.0,K,DAL
2024,4,NYJ,00-0029621,G.Zuerlein,2.0,1.0,1.0,2.0,1.0,0.0,0.0,0.0,10.0,K,DEN
2024,4,PHI,00-0033787,J.Elliott,0.0,0.0,0.0,0.0,0.0,0.0,2.0,2.0,2.0,K,TB
2024,4,PIT,00-0031136,C.Boswell,0.0,0.0,1.0,0.0,0.0,1.0,3.0,3.0,8.0,K,IND
2024,4,SEA,00-0031492,J.Myers,0.0,0.0,1.0,0.0,0.0,0.0,3.0,3.0,3.0,K,DET
2024,4,SF,00-0038562,J.Moody,2.0,1.0,0.0,2.0,1.0,0.0,3.0,3.0,13.0,K,NE
2024,4,TB,00-0035358,C.McLaughlin,1.0,0.0,1.0,1.0,0.0,1.0,4.0,3.0,11.0,K,PHI
2024,4,TEN,00-0025565,N.Folk,1.0,1.0,3.0,1.0,1.0,3.0,2.0,2.0,24.0,K,MIA
2024,4,WAS,00-0035145,A.Seibert,1.0,1.0,0.0,1.0,1.0,0.0,4.0,4.0,11.0,K,ARI
2024,5,ARI,00-0038567,C.Ryland,2.0,2.0,0.0,2.0,1.0,0.0,1.0,1.0,11.0,K,SF
2024,5,ATL,00-0033702,Y.Koo,0.0,2.0,3.0,0.0,1.0,2.0,3.0,3.0,17.0,K,TB
2024,5,BAL,00-0029597,J.Tucker,1.0,0.0,1.0,1.0,0.0,1.0,5.0,5.0,13.0,K,CIN
2024,5,BUF,00-0036162,T.Bass,2.0,0.0,0.0,2.0,0.0,0.0,2.0,2.0,8.0,K,HOU
2024,5,CAR,00-0034173,E.Pineiro,1.0,1.0,0.0,1.0,0.0,0.0,1.0,1.0,4.0,K,CHI
2024,5,CHI,00-0031203,C.Santos,1.0,0.0,0.0,1.0,0.0,0.0,4.0,3.0,6.0,K,CAR
2024,5,CIN,00-0036854,E.McPherson,0.0,0.0,1.0,0.0,0.0,0.0,4.0,4.0,4.0,K,BAL
2024,5,CLE,00-0030098,D.Hopkins,1.0,0.0,1.0,1.0,0.0,1.0,1.0,1.0,9.0,K,WAS
2024,5,DAL,00-0037692,B.Aubrey,2.0,0.0,1.0,1.0,0.0,1.0,2.0,2.0,10.0,K,PIT
2024,5,DEN,00-0032569,W.Lutz,0.0,1.0,1.0,0.0,1.0,1.0,4.0,4.0,13.0,K,LV
2024,5,GB,00-0039649,B.Narveson,0.0,1.0,0.0,0.0,1.0,0.0,3.0,3.0,7.0,K,LA
2024,5,HOU,00-0032726,K.Fairbairn,0.0,1.0,2.0,0.0,1.0,2.0,2.0,2.0,16.0,K,BUF
2024,5,IND,00-0035269,M.Gay,2.0,0.0,0.0,2.0,0.0,0.0,4.0,4.0,10.0,K,JAX
2024,5,JAX,00-0039409,C.Little,2.0,1.0,0.0,2.0,1.0,0.0,4.0,4.0,14.0,K,IND
2024,5,KC,00-0033303,H.Butker,4.0,0.0,1.0,4.0,0.0,0.0,2.0,2.0,14.0,K,NO
2024,5,LA,00-0039750,J.Karty,0.0,0.0,0.0,0.0,0.0,0.0,2.0,1.0,1.0,K,GB
2024,5,LV,00-0034161,D.Carlson,0.0,1.0,0.0,0.0,1.0,0.0,1.0,1.0,5.0,K,DEN
2024,5,MIA,00-0034794,J.Sanders,1.0,2.0,1.0,1.0,1.0,1.0,0.0,0.0,12.0,K,NE
2024,5,MIN,00-0039404,W.Reichard,0.0,1.0,2.0,0.0,1.0,2.0,2.0,2.0,16.0,K,NYJ
2024,5,NE,00-0035192,J.Slye,2.0,0.0,0.0,1.0,0.0,0.0,1.0,1.0,4.0,K,MIA
2024,5,NO,00-0038905,B.Grupe,0.0,0.0,0.0,0.0,0.0,0.0,2.0,1.0,1.0,K,KC
2024,5,NYG,00-0034450,G.Joseph,3.0,0.0,0.0,3.0,0.0,0.0,2.0,2.0,11.0,K,SEA
2024,5,NYJ,00-0029621,G.Zuerlein,1.0,0.0,0.0,1.0,0.0,0.0,2.0,2.0,5.0,K,MIN
2024,5,PIT,00-0031136,C.Boswell,0.0,1.0,0.0,0.0,1.0,0.0,2.0,2.0,6.0,K,DAL
2024,5,SEA,00-0031492,J.Myers,0.0,3.0,0.0,0.0,2.0,0.0,2.0,2.0,10.0,K,NYG
2024,5,SF,00-0034941,M.Wishnowsky,1.0,0.0,0.0,1.0,0.0,0.0,0.0,0.0,3.0,K,ARI
2024,5,SF,00-0038562,J.Moody,2.0,0.0,0.0,2.0,0.0,0.0,2.0,2.0,8.0,K,ARI
2024,5,TB,00-0035358,C.McLaughlin,1.0,0.0,2.0,1.0,0.0,2.0,3.0,3.0,16.0,K,ATL
2024,5,WAS,00-0035145,A.Seibert,2.0,0.0,0.0,2.0,0.0,0.0,4.0,4.0,10.0,K,CLE
2024,6,ARI,00-0038567,C.Ryland,1.0,1.0,0.0,1.0,1.0,0.0,1.0,1.0,8.0,K,GB
2024,6,ATL,00-0033702,Y.Koo,3.0,0.0,0.0,3.0,0.0,0.0,3.0,3.0,12.0,K,CAR
2024,6,BAL,00-0029597,J.Tucker,2.0,1.0,0.0,2.0,1.0,0.0,3.0,3.0,13.0,K,WAS
2024,6,BUF,00-0036162,T.Bass,1.0,1.0,0.0,1.0,0.0,0.0,3.0,2.0,5.0,K,NYJ
2024,6,CAR,00-0034173,E.Pineiro,1.0,1.0,0.0,1.0,1.0,0.0,2.0,2.0,9.0,K,ATL
2024,6,CHI,00-0031203,C.Santos,0.0,1.0,0.0,0.0,0.0,0.0,5.0,5.0,5.0,K,JAX
2024,6,CIN,00-0036854,E.McPherson,1.0,0.0,0.0,1.0,0.0,0.0,2.0,2.0,5.0,K,NYG
2024,6,CLE,00-0030098,D.Hopkins,1.0,2.0,1.0,1.0,2.0,0.0,1.0,1.0,12.0,K,PHI
2024,6,DAL,00-0037692,B.Aubrey,1.0,1.0,1.0,1.0,1.0,1.0,0.0,0.0,12.0,K,DET
2024,6,DEN,00-0032569,W.Lutz,0.0,1.0,0.0,0.0,1.0,0.0,1.0,1.0,5.0,K,LAC
2024,6,DET,00-0039172,J.Bates,2.0,2.0,0.0,2.0,2.0,0.0,5.0,5.0,19.0,K,DAL
2024,6,GB,00-0039649,B.Narveson,1.0,2.0,0.0,1.0,1.0,0.0,4.0,4.0,11.0,K,ARI
2024,6,HOU,00-0032726,K.Fairbairn,1.0,2.0,0.0,1.0,1.0,0.0,5.0,5.0,12.0,K,NE
2024,6,IND,00-0035269,M.Gay,2.0,0.0,0.0,2.0,0.0,0.0,2.0,2.0,8.0,K,TEN
2024,6,JAX,00-0039409,C.Little,1.0,0.0,0.0,1.0,0.0,0.0,1.0,1.0,4.0,K,CHI
2024,6,LAC,00-0037224,C.Dicker,2.0,1.0,0.0,2.0,1.0,0.0,2.0,2.0,12.0,K,DEN
2024,6,LV,00-0034161,D.Carlson,0.0,0.0,0.0,0.0,0.0,0.0,1.0,1.0,1.0,K,PIT
2024,6,NE,00-0035192,J.Slye,0.0,0.0,0.0,0.0,0.0,0.0,3.0,3.0,3.0,K,HOU
2024,6,NO,00-0038905,B.Grupe,1.0,1.0,0.0,1.0,1.0,0.0,3.0,3.0,10.0,K,TB
2024,6,NYG,00-0034450,G.Joseph,0.0,2.0,0.0,0.0,0.0,0.0,1.0,1.0,1.0,K,CIN
2024,6,NYJ,00-0029621,G.Zuerlein,3.0,1.0,0.0,2.0,0.0,0.0,2.0,2.0,8.0,K,BUF
2024,6,PHI,00-0033787,J.Elliott,0.0,2.0,1.0,0.0,2.0,0.0,2.0,2.0,10.0,K,CLE
2024,6,PIT,00-0031136,C.Boswell,2.0,1.0,1.0,2.0,1.0,1.0,2.0,2.0,17.0,K,LV
2024,6,SEA,00-0031492,J.Myers,1.0,0.0,0.0,1.0,0.0,0.0,3.0,3.0,6.0,K,SF
2024,6,SF,00-0035189,M.Wright,2.0,1.0,0.0,2.0,1.0,0.0,3.0,3.0,13.0,K,SEA
2024,6,TB,00-0035358,C.McLaughlin,1.0,0.0,0.0,1.0,0.0,0.0,6.0,6.0,9.0,K,NO
2024,6,TEN,00-0025565,N.Folk,0.0,1.0,0.0,0.0,1.0,0.0,2.0,2.0,6.0,K,IND
2024,6,WAS,00-0035145,A.Seibert,0.0,2.0,2.0,0.0,2.0,1.0,2.0,2.0,15.0,K,BAL
2024,7,ARI,00-0038567,C.Ryland,1.0,0.0,0.0,1.0,0.0,0.0,2.0,2.0,5.0,K,LAC
2024,7,ATL,00-0033702,Y.Koo,0.0,0.0,1.0,0.0,0.0,0.0,2.0,2.0,2.0,K,SEA
2024,7,BAL,00-0029597,J.Tucker,1.0,0.0,1.0,1.0,0.0,1.0,5.0,5.0,13.0,K,TB
2024,7,BUF,00-0036162,T.Bass,2.0,0.0,0.0,2.0,0.0,0.0,4.0,4.0,10.0,K,TEN
2024,7,CAR,00-0034173,E.Pineiro,0.0,0.0,0.0,0.0,0.0,0.0,1.0,1.0,1.0,K,WAS
2024,7,CIN,00-0036854,E.McPherson,0.0,0.0,1.0,0.0,0.0,0.0,3.0,3.0,3.0,K,CLE
2024,7,CLE,00-0030098,D.Hopkins,0.0,1.0,0.0,0.0,0.0,0.0,1.0,0.0,0.0,K,CIN
2024,7,DEN,00-0032569,W.Lutz,2.0,1.0,1.0,2.0,1.0,1.0,3.0,3.0,18.0,K,NO
2024,7,DET,00-0039172,J.Bates,0.0,1.0,0.0,0.0,1.0,0.0,4.0,4.0,8.0,K,MIN
2024,7,GB,00-0029822,B.McManus,0.0,1.0,0.0,0.0,1.0,0.0,3.0,3.0,7.0,K,HOU
2024,7,HOU,00-0032726,K.Fairbairn,2.0,0.0,1.0,2.0,0.0,1.0,1.0,1.0,12.0,K,GB
2024,7,IND,00-0035269,M.Gay,2.0,0.0,1.0,2.0,0.0,1.0,1.0,1.0,12.0,K,MIA
2024,7,JAX,00-0039409,C.Little,1.0,0.0,0.0,1.0,0.0,0.0,3.0,3.0,6.0,K,NE
2024,7,KC,00-0033303,H.Butker,0.0,0.0,0.0,0.0,0.0,0.0,4.0,4.0,4.0,K,SF
2024,7,LA,00-0039750,J.Karty,1.0,0.0,0.0,0.0,0.0,0.0,3.0,2.0,2.0,K,LV
2024,7,LAC,00-0037224,C.Dicker,1.0,2.0,2.0,1.0,2.0,2.0,0.0,0.0,21.0,K,ARI
2024,7,LV,00-0034161,D.Carlson,4.0,1.0,0.0,4.0,1.0,0.0,0.0,0.0,16.0,K,LA
2024,7,MIA,00-0034794,J.Sanders,1.0,0.0,1.0,1.0,0.0,0.0,1.0,1.0,4.0,K,IND
2024,7,MIN,00-0039404,W.Reichard,0.0,2.0,1.0,0.0,2.0,1.0,2.0,2.0,15.0,K,DET
2024,7,NE,00-0035192,J.Slye,0.0,1.0,0.0,0.0,1.0,0.0,1.0,1.0,5.0,K,JAX
2024,7,NO,00-0038905,B.Grupe,1.0,0.0,0.0,1.0,0.0,0.0,1.0,1.0,4.0,K,DEN
2024,7,NYG,00-0034450,G.Joseph,1.0,0.0,0.0,1.0,0.0,0.0,0.0,0.0,3.0,K,PHI
2024,7,NYJ,00-0029621,G.Zuerlein,1.0,0.0,0.0,0.0,0.0,0.0,1.0,1.0,1.0,K,PIT
2024,7,PHI,00-0033787,J.Elliott,0.0,0.0,0.0,0.0,0.0,0.0,4.0,4.0,4.0,K,NYG
2024,7,PIT,00-0031136,C.Boswell,2.0,1.0,0.0,2.0,1.0,0.0,4.0,4.0,14.0,K,NYJ
2024,7,SEA,00-0031492,J.Myers,1.0,0.0,1.0,1.0,0.0,1.0,4.0,4.0,12.0,K,ATL
2024,7,SF,00-0038402,A.Carlson,1.0,0.0,1.0,1.0,0.0,1.0,1.0,0.0,8.0,K,KC
2024,7,TB,00-0035358,C.McLaughlin,1.0,0.0,1.0,1.0,0.0,0.0,2.0,2.0,5.0,K,BAL
2024,7,TEN,00-0025565,N.Folk,1.0,0.0,0.0,1.0,0.0,0.0,1.0,1.0,4.0,K,BUF
2024,7,WAS,00-0035145,A.Seibert,3.0,1.0,0.0,3.0,1.0,0.0,4.0,4.0,17.0,K,CAR
2024,8,ARI,00-0038567,C.Ryland,1.0,0.0,1.0,1.0,0.0,1.0,2.0,2.0,10.0,K,MIA
2024,8,ATL,00-0033702,Y.Koo,1.0,1.0,0.0,1.0,0.0,0.0,4.0,4.0,7.0,K,TB
2024,8,BAL,00-0029597,J.Tucker,0.0,1.0,1.0,0.0,1.0,0.0,3.0,3.0,7.0,K,CLE
2024,8,BUF,00-0036162,T.Bass,1.0,0.0,0.0,1.0,0.0,0.0,4.0,4.0,7.0,K,SEA
2024,8,CAR,00-0034173,E.Pineiro,0.0,0.0,0.0,0.0,0.0,0.0,2.0,2.0,2.0,K,DEN
2024,8,CHI,00-0031203,C.Santos,0.0,0.0,0.0,0.0,0.0,0.0,1.0,1.0,1.0,K,WAS
2024,8,CIN,00-0036854,E.McPherson,1.0,0.0,1.0,1.0,0.0,0.0,2.0,2.0,5.0,K,PHI
2024,8,CLE,00-0030098,D.Hopkins,2.0,1.0,0.0,2.0,1.0,0.0,2.0,2.0,12.0,K,BAL
2024,8,DAL,00-0037692,B.Aubrey,1.0,0.0,0.0,1.0,0.0,0.0,3.0,3.0,6.0,K,SF
2024,8,DEN,00-0032569,W.Lutz,0.0,0.0,0.0,0.0,0.0,0.0,4.0,4.0,4.0,K,CAR
2024,8,DET,00-0039172,J.Bates,0.0,0.0,1.0,0.0,0.0,1.0,7.0,7.0,12.0,K,TEN
2024,8,GB,00-0029822,B.McManus,3.0,0.0,0.0,3.0,0.0,0.0,3.0,3.0,12.0,K,JAX
2024,8,HOU,00-0032726,K.Fairbairn,3.0,0.0,0.0,3.0,0.0,0.0,2.0,2.0,11.0,K,IND
2024,8,IND,00-0035269,M.Gay,1.0,1.0,0.0,1.0,1.0,0.0,2.0,2.0,9.0,K,HOU
2024,8,JAX,00-0039409,C.Little,1.0,1.0,0.0,1.0,1.0,0.0,3.0,3.0,10.0,K,GB
2024,8,KC,00-0033303,H.Butker,1.0,1.0,0.0,1.0,1.0,0.0,3.0,3.0,10.0,K,LV
2024,8,LA,00-0039750,J.Karty,0.0,0.0,0.0,0.0,0.0,0.0,4.0,4.0,4.0,K,MIN
2024,8,LAC,00-0037224,C.Dicker,1.0,1.0,0.0,1.0,1.0,0.0,3.0,2.0,9.0,K,NO
2024,8,LV,00-0034161,D.Carlson,1.0,0.0,1.0,1.0,0.0,1.0,2.0,2.0,10.0,K,KC
2024,8,MIA,00-0034794,J.Sanders,1.0,0.0,1.0,1.0,0.0,1.0,3.0,3.0,11.0,K,ARI
2024,8,MIN,00-0039404,W.Reichard,2.0,0.0,0.0,2.0,0.0,0.0,2.0,2.0,8.0,K,LA
2024,8,NE,00-0035192,J.Slye,1.0,0.0,0.0,1.0,0.0,0.0,2.0,2.0,5.0,K,NYJ
2024,8,NO,00-0038905,B.Grupe,0.0,3.0,0.0,0.0,2.0,0.0,0.0,0.0,8.0,K,LAC
2024,8,NYG,00-0034450,G.Joseph,2.0,2.0,0.0,2.0,2.0,0.0,0.0,0.0,14.0,K,PIT
2024,8,NYJ,00-0029621,G.Zuerlein,1.0,1.0,0.0,1.0,0.0,0.0,2.0,1.0,4.0,K,NE
2024,8,PHI,00-0033787,J.Elliott,1.0,2.0,0.0,1.0,2.0,0.0,4.0,4.0,15.0,K,CIN
2024,8,PIT,00-0031136,C.Boswell,4.0,0.0,0.0,4.0,0.0,0.0,2.0,2.0,14.0,K,NYG
2024,8,SEA,00-0031492,J.Myers,1.0,0.0,0.0,1.0,0.0,0.0,1.0,1.0,4.0,K,BUF
2024,8,SF,00-0038402,A.Carlson,0.0,2.0,1.0,0.0,2.0,1.0,3.0,3.0,16.0,K,DAL
2024,8,TB,00-0035358,C.McLaughlin,0.0,0.0,1.0,0.0,0.0,1.0,3.0,3.0,8.0,K,ATL
2024,8,TEN,00-0025565,N.Folk,0.0,0.0,0.0,0.0,0.0,0.0,2.0,2.0,2.0,K,DET
2024,8,WAS,00-0035145,A.Seibert,3.0,1.0,1.0,3.0,1.0,0.0,0.0,0.0,13.0,K,CHI
2024,9,ARI,00-0038567,C.Ryland,1.0,0.0,1.0,1.0,0.0,1.0,3.0,3.0,11.0,K,CHI
2024,9,ATL,00-0033702,Y.Koo,0.0,0.0,0.0,0.0,0.0,0.0,3.0,3.0,3.0,K,DAL
2024,9,BAL,00-0029597,J.Tucker,2.0,0.0,0.0,2.0,0.0,0.0,5.0,5.0,11.0,K,DEN
2024,9,BUF,00-0036162,T.Bass,0.0,2.0,1.0,0.0,2.0,1.0,2.0,1.0,14.0,K,MIA
2024,9,CAR,00-0034173,E.Pineiro,0.0,1.0,0.0,0.0,1.0,0.0,2.0,2.0,6.0,K,NO
2024,9,CHI,00-0031203,C.Santos,1.0,0.0,2.0,1.0,0.0,2.0,0.0,0.0,13.0,K,ARI
2024,9,CIN,00-0036854,E.McPherson,1.0,1.0,0.0,1.0,1.0,0.0,5.0,5.0,12.0,K,LV
2024,9,CLE,00-0030098,D.Hopkins,1.0,0.0,1.0,1.0,0.0,0.0,1.0,1.0,4.0,K,LAC
2024,9,DAL,00-0037692,B.Aubrey,1.0,0.0,1.0,1.0,0.0,1.0,1.0,1.0,9.0,K,ATL
2024,9,DEN,00-0032569,W.Lutz,1.0,0.0,0.0,1.0,0.0,0.0,1.0,1.0,4.0,K,BAL
2024,9,DET,00-0039172,J.Bates,1.0,0.0,0.0,1.0,0.0,0.0,3.0,3.0,6.0,K,GB
2024,9,GB,00-0029822,B.McManus,2.0,1.0,0.0,2.0,0.0,0.0,0.0,0.0,6.0,K,DET
2024,9,HOU,00-0032726,K.Fairbairn,2.0,0.0,2.0,1.0,0.0,1.0,1.0,1.0,9.0,K,NYJ
2024,9,IND,00-0035269,M.Gay,0.0,1.0,2.0,0.0,1.0,1.0,1.0,1.0,10.0,K,MIN
2024,9,JAX,00-0039409,C.Little,0.0,0.0,0.0,0.0,0.0,0.0,1.0,1.0,1.0,K,PHI
2024,9,KC,00-0033303,H.Butker,0.0,1.0,0.0,0.0,1.0,0.0,3.0,3.0,7.0,K,TB
2024,9,LA,00-0039750,J.Karty,2.0,0.0,0.0,2.0,0.0,0.0,2.0,2.0,8.0,K,SEA
2024,9,LAC,00-0037224,C.Dicker,0.0,1.0,0.0,0.0,0.0,0.0,4.0,3.0,3.0,K,CLE
2024,9,LV,00-0034161,D.Carlson,0.0,1.0,0.0,0.0,1.0,0.0,3.0,3.0,7.0,K,CIN
2024,9,MIA,00-0034794,J.Sanders,2.0,0.0,0.0,2.0,0.0,0.0,3.0,3.0,9.0,K,BUF
2024,9,MIN,00-0039404,W.Reichard,1.0,0.0,1.0,0.0,0.0,0.0,3.0,3.0,3.0,K,IND
2024,9,NE,00-0035192,J.Slye,0.0,0.0,2.0,0.0,0.0,1.0,2.0,2.0,7.0,K,TEN
2024,9,NO,00-0038905,B.Grupe,2.0,0.0,1.0,2.0,0.0,1.0,1.0,1.0,12.0,K,CAR
2024,9,NYG,00-0039934,J.McAtamney,1.0,0.0,0.0,1.0,0.0,0.0,1.0,1.0,4.0,K,WAS
2024,9,NYJ,00-0036816,R.Patterson,0.0,0.0,0.0,0.0,0.0,0.0,3.0,3.0,3.0,K,HOU
2024,9,PHI,00-0033787,J.Elliott,0.0,1.0,1.0,0.0,1.0,0.0,1.0,1.0,5.0,K,JAX
2024,9,SEA,00-0031492,J.Myers,0.0,0.0,0.0,0.0,0.0,0.0,3.0,2.0,2.0,K,LA
2024,9,TB,00-0035358,C.McLaughlin,0.0,1.0,0.0,0.0,1.0,0.0,3.0,3.0,7.0,K,KC
2024,9,TEN,00-0025565,N.Folk,2.0,0.0,0.0,2.0,0.0,0.0,2.0,2.0,8.0,K,NE
2024,9,WAS,00-0035145,A.Seibert,2.0,0.0,0.0,2.0,0.0,0.0,3.0,3.0,9.0,K,NYG
2024,10,ARI,00-0038567,C.Ryland,1.0,0.0,0.0,1.0,0.0,0.0,4.0,4.0,7.0,K,NYJ
2024,10,ATL,00-0033702,Y.Koo,2.0,1.0,1.0,1.0,0.0,0.0,2.0,2.0,5.0,K,NO
2024,10,BAL,00-0029597,J.Tucker,0.0,0.0,0.0,0.0,0.0,0.0,4.0,3.0,3.0,K,CIN
2024,10,BUF,00-0036162,T.Bass,2.0,1.0,0.0,2.0,1.0,0.0,3.0,3.0,13.0,K,IND
2024,10,CAR,00-0034173,E.Pineiro,1.0,0.0,1.0,1.0,0.0,1.0,2.0,2.0,10.0,K,NYG
2024,10,CHI,00-0031203,C.Santos,1.0,0.0,0.0,1.0,0.0,0.0,0.0,0.0,3.0,K,NE
2024,10,CIN,00-0036854,E.McPherson,0.0,0.0,0.0,0.0,0.0,0.0,4.0,4.0,4.0,K,BAL
2024,10,DAL,00-0037692,B.Aubrey,1.0,1.0,0.0,1.0,1.0,0.0,0.0,0.0,7.0,K,PHI
2024,10,DEN,00-0032569,W.Lutz,1.0,0.0,1.0,0.0,0.0,0.0,2.0,2.0,2.0,K,KC
2024,10,DET,00-0039172,J.Bates,0.0,0.0,2.0,0.0,0.0,2.0,2.0,2.0,12.0,K,HOU
2024,10,HOU,00-0032726,K.Fairbairn,2.0,0.0,2.0,2.0,0.0,1.0,2.0,2.0,13.0,K,DET
2024,10,IND,00-0035269,M.Gay,2.0,0.0,0.0,2.0,0.0,0.0,2.0,2.0,8.0,K,BUF
2024,10,JAX,00-0039409,C.Little,0.0,0.0,0.0,0.0,0.0,0.0,1.0,1.0,1.0,K,MIN
2024,10,KC,00-0033303,H.Butker,3.0,0.0,0.0,3.0,0.0,0.0,1.0,1.0,10.0,K,DEN
2024,10,LA,00-0039750,J.Karty,3.0,0.0,3.0,3.0,0.0,2.0,0.0,0.0,19.0,K,MIA
2024,10,LAC,00-0037224,C.Dicker,2.0,0.0,0.0,2.0,0.0,0.0,3.0,3.0,9.0,K,TEN
2024,10,MIA,00-0034794,J.Sanders,1.0,0.0,2.0,1.0,0.0,2.0,2.0,2.0,15.0,K,LA
2024,10,MIN,00-0037542,J.Romo,3.0,1.0,0.0,3.0,1.0,0.0,0.0,0.0,13.0,K,JAX
2024,10,NE,00-0035192,J.Slye,4.0,0.0,0.0,4.0,0.0,0.0,1.0,1.0,13.0,K,CHI
2024,10,NO,00-0038905,B.Grupe,2.0,0.0,0.0,2.0,0.0,0.0,2.0,2.0,8.0,K,ATL
2024,10,NYG,00-0026858,G.Gano,0.0,2.0,0.0,0.0,1.0,0.0,2.0,2.0,6.0,K,CAR
2024,10,NYJ,00-0039576,S.Shrader,1.0,1.0,0.0,1.0,1.0,0.0,0.0,0.0,7.0,K,ARI
2024,10,PHI,00-0033787,J.Elliott,2.0,0.0,0.0,2.0,0.0,0.0,4.0,4.0,10.0,K,DAL
2024,10,PIT,00-0031136,C.Boswell,0.0,0.0,0.0,0.0,0.0,0.0,4.0,4.0,4.0,K,WAS
2024,10,SF,00-0038562,J.Moody,2.0,3.0,1.0,2.0,1.0,0.0,2.0,2.0,12.0,K,TB
2024,10,TB,00-0035358,C.McLaughlin,2.0,0.0,0.0,2.0,0.0,0.0,2.0,2.0,8.0,K,SF
2024,10,TEN,00-0025565,N.Folk,1.0,1.0,0.0,1.0,0.0,0.0,2.0,2.0,5.0,K,LAC
2024,10,WAS,00-0033862,Z.Gonzalez,0.0,2.0,0.0,0.0,2.0,0.0,3.0,3.0,11.0,K,PIT
2024,11,ATL,00-0033702,Y.Koo,0.0,1.0,1.0,0.0,1.0,1.0,0.0,0.0,9.0,K,DEN
2024,11,BAL,00-0029597,J.Tucker,0.0,1.0,2.0,0.0,0.0,1.0,1.0,1.0,6.0,K,PIT
2024,11,BUF,00-0036162,T.Bass,1.0,0.0,0.0,1.0,0.0,0.0,4.0,3.0,6.0,K,KC
2024,11,CHI,00-0031203,C.Santos,1.0,1.0,1.0,1.0,0.0,1.0,1.0,1.0,9.0,K,GB
2024,11,CIN,00-0036854,E.McPherson,2.0,1.0,1.0,2.0,0.0,0.0,3.0,3.0,9.0,K,LAC
2024,11,CLE,00-0030098,D.Hopkins,1.0,0.0,1.0,0.0,0.0,0.0,0.0,0.0,0.0,K,NO
2024,11,DAL,00-0037692,B.Aubrey,0.0,1.0,1.0,0.0,0.0,1.0,1.0,1.0,6.0,K,HOU
2024,11,DEN,00-0032569,W.Lutz,0.0,1.0,0.0,0.0,1.0,0.0,5.0,5.0,9.0,K,ATL
2024,11,DET,00-0039172,J.Bates,0.0,0.0,1.0,0.0,0.0,1.0,7.0,7.0,12.0,K,JAX
2024,11,GB,00-0029822,B.McManus,0.0,0.0,0.0,0.0,0.0,0.0,2.0,2.0,2.0,K,CHI
2024,11,HOU,00-0032726,K.Fairbairn,2.0,0.0,0.0,2.0,0.0,0.0,4.0,4.0,10.0,K,DAL
2024,11,IND,00-0035269,M.Gay,0.0,2.0,1.0,0.0,2.0,1.0,1.0,1.0,14.0,K,NYJ
2024,11,JAX,00-0039409,C.Little,1.0,0.0,1.0,1.0,0.0,1.0,0.0,0.0,8.0,K,DET
2024,11,KC,00-0039576,S.Shrader,0.0,0.0,0.0,0.0,0.0,0.0,3.0,3.0,3.0,K,BUF
2024,11,LA,00-0039750,J.Karty,1.0,0.0,0.0,0.0,0.0,0.0,4.0,4.0,4.0,K,NE
2024,11,LAC,00-0037224,C.Dicker,1.0,0.0,1.0,1.0,0.0,1.0,4.0,4.0,12.0,K,CIN
2024,11,LV,00-0034161,D.Carlson,2.0,0.0,0.0,2.0,0.0,0.0,1.0,1.0,7.0,K,MIA
2024,11,MIA,00-0034794,J.Sanders,1.0,1.0,0.0,1.0,1.0,0.0,4.0,4.0,11.0,K,LV
2024,11,MIN,00-0037542,J.Romo,0.0,1.0,0.0,0.0,1.0,0.0,3.0,2.0,6.0,K,TEN
2024,11,NE,00-0035192,J.Slye,2.0,1.0,0.0,2.0,1.0,0.0,2.0,1.0,11.0,K,LA
2024,11,NO,00-0038905,B.Grupe,0.0,0.0,0.0,0.0,0.0,0.0,5.0,5.0,5.0,K,CLE
2024,11,NYJ,00-0038402,A.Carlson,1.0,0.0,1.0,1.0,0.0,1.0,3.0,3.0,11.0,K,IND
2024,11,PHI,00-0033787,J.Elliott,2.0,1.0,1.0,2.0,0.0,0.0,3.0,2.0,8.0,K,WAS
2024,11,PIT,00-0031136,C.Boswell,3.0,0.0,3.0,3.0,0.0,3.0,0.0,0.0,24.0,K,BAL
2024,11,SEA,00-0031492,J.Myers,0.0,0.0,2.0,0.0,0.0,2.0,2.0,2.0,12.0,K,SF
2024,11,SF,00-0038562,J.Moody,1.0,0.0,0.0,1.0,0.0,0.0,2.0,2.0,5.0,K,SEA
2024,11,TEN,00-0025565,N.Folk,1.0,1.0,0.0,1.0,1.0,0.0,1.0,1.0,8.0,K,MIN
2024,11,WAS,00-0033862,Z.Gonzalez,0.0,1.0,0.0,0.0,1.0,0.0,1.0,1.0,5.0,K,PHI
2024,12,ARI,00-0038567,C.Ryland,2.0,1.0,0.0,2.0,0.0,0.0,0.0,0.0,6.0,K,SEA
2024,12,BAL,00-0029597,J.Tucker,0.0,1.0,0.0,0.0,1.0,0.0,3.0,3.0,7.0,K,LAC
2024,12,CAR,00-0034173,E.Pineiro,4.0,0.0,0.0,4.0,0.0,0.0,1.0,1.0,13.0,K,KC
2024,12,CHI,00-0031203,C.Santos,0.0,3.0,0.0,0.0,2.0,0.0,1.0,1.0,9.0,K,MIN
2024,12,CLE,00-0030098,D.Hopkins,1.0,0.0,0.0,1.0,0.0,0.0,1.0,1.0,4.0,K,PIT
2024,12,DAL,00-0037692,B.Aubrey,1.0,3.0,0.0,0.0,2.0,0.0,4.0,4.0,12.0,K,WAS
2024,12,DEN,00-0032569,W.Lutz,2.0,1.0,2.0,2.0,1.0,2.0,2.0,2.0,22.0,K,LV
2024,12,DET,00-0039172,J.Bates,0.0,0.0,1.0,0.0,0.0,1.0,3.0,3.0,8.0,K,IND
2024,12,GB,00-0029822,B.McManus,0.0,0.0,1.0,0.0,0.0,1.0,5.0,5.0,10.0,K,SF
2024,12,HOU,00-0032726,K.Fairbairn,2.0,0.0,1.0,1.0,0.0,1.0,3.0,3.0,11.0,K,TEN
2024,12,IND,00-0035269,M.Gay,2.0,0.0,0.0,2.0,0.0,0.0,0.0,0.0,6.0,K,DET
2024,12,KC,00-0039576,S.Shrader,2.0,1.0,0.0,2.0,1.0,0.0,3.0,3.0,13.0,K,CAR
2024,12,LA,00-0039750,J.Karty,0.0,1.0,0.0,0.0,0.0,0.0,2.0,2.0,2.0,K,PHI
2024,12,LAC,00-0037224,C.Dicker,0.0,1.0,2.0,0.0,1.0,2.0,2.0,2.0,16.0,K,BAL
2024,12,LV,00-0034161,D.Carlson,3.0,0.0,1.0,3.0,0.0,1.0,1.0,1.0,15.0,K,DEN
2024,12,MIA,00-0034794,J.Sanders,1.0,0.0,1.0,1.0,0.0,1.0,4.0,4.0,12.0,K,NE
2024,12,MIN,00-0037542,J.Romo,2.0,1.0,0.0,2.0,1.0,0.0,3.0,3.0,13.0,K,CHI
2024,12,NE,00-0035192,J.Slye,0.0,1.0,0.0,0.0,0.0,0.0,1.0,1.0,1.0,K,MIA
2024,12,NYG,00-0026858,G.Gano,0.0,0.0,0.0,0.0,0.0,0.0,1.0,1.0,1.0,K,TB
2024,12,PHI,00-0033787,J.Elliott,3.0,0.0,0.0,3.0,0.0,0.0,4.0,4.0,13.0,K,LA
2024,12,PIT,00-0031136,C.Boswell,1.0,1.0,1.0,1.0,1.0,0.0,1.0,1.0,8.0,K,CLE
2024,12,SEA,00-0031492,J.Myers,0.0,0.0,1.0,0.0,0.0,1.0,2.0,1.0,6.0,K,ARI
2024,12,SF,00-0038562,J.Moody,0.0,1.0,0.0,0.0,1.0,0.0,1.0,1.0,5.0,K,GB
2024,12,TB,00-0035358,C.McLaughlin,1.0,0.0,0.0,1.0,0.0,0.0,4.0,3.0,6.0,K,NYG
2024,12,TEN,00-0025565,N.Folk,0.0,0.0,3.0,0.0,0.0,3.0,3.0,3.0,18.0,K,HOU
2024,12,WAS,00-0035145,A.Seibert,0.0,1.0,2.0,0.0,1.0,1.0,2.0,0.0,9.0,K,DAL
2024,13,ARI,00-0038567,C.Ryland,4.0,2.0,0.0,4.0,1.0,0.0,1.0,1.0,17.0,K,MIN
2024,13,ATL,00-0033702,Y.Koo,2.0,1.0,0.0,1.0,1.0,0.0,1.0,1.0,8.0,K,LAC
2024,13,BAL,00-0029597,J.Tucker,1.0,1.0,2.0,1.0,0.0,1.0,2.0,1.0,9.0,K,PHI
2024,13,BUF,00-0036162,T.Bass,0.0,1.0,0.0,0.0,0.0,0.0,5.0,5.0,5.0,K,SF
2024,13,CAR,00-0034173,E.Pineiro,3.0,2.0,0.0,2.0,1.0,0.0,2.0,2.0,12.0,K,TB
2024,13,CHI,00-0031203,C.Santos,0.0,0.0,0.0,0.0,0.0,0.0,2.0,2.0,2.0,K,DET
2024,13,CIN,00-0036854,E.McPherson,1.0,0.0,0.0,1.0,0.0,0.0,5.0,5.0,8.0,K,PIT
2024,13,CLE,00-0030098,D.Hopkins,0.0,2.0,0.0,0.0,1.0,0.0,3.0,3.0,7.0,K,DEN
2024,13,DAL,00-0037692,B.Aubrey,2.0,0.0,0.0,2.0,0.0,0.0,3.0,3.0,9.0,K,NYG
2024,13,DEN,00-0032569,W.Lutz,2.0,0.0,0.0,2.0,0.0,0.0,5.0,5.0,11.0,K,CLE
2024,13,DET,00-0039172,J.Bates,2.0,2.0,0.0,2.0,1.0,0.0,2.0,2.0,12.0,K,CHI
2024,13,GB,00-0029822,B.McManus,2.0,1.0,0.0,2.0,1.0,0.0,3.0,3.0,13.0,K,MIA
2024,13,HOU,00-0032726,K.Fairbairn,2.0,0.0,1.0,2.0,0.0,1.0,2.0,2.0,13.0,K,JAX
2024,13,IND,00-0035269,M.Gay,1.0,0.0,0.0,1.0,0.0,0.0,2.0,2.0,5.0,K,NE
2024,13,JAX,00-0039409,C.Little,2.0,0.0,1.0,2.0,0.0,0.0,0.0,0.0,6.0,K,HOU
2024,13,KC,00-0035189,M.Wright,3.0,1.0,1.0,3.0,1.0,0.0,1.0,1.0,14.0,K,LV
2024,13,LA,00-0039750,J.Karty,0.0,0.0,0.0,0.0,0.0,0.0,3.0,3.0,3.0,K,NO
2024,13,LAC,00-0037224,C.Dicker,1.0,1.0,1.0,1.0,1.0,1.0,0.0,0.0,12.0,K,ATL
2024,13,LV,00-0034161,D.Carlson,1.0,0.0,3.0,1.0,0.0,0.0,2.0,2.0,5.0,K,KC
2024,13,MIA,00-0034794,J.Sanders,1.0,0.0,0.0,1.0,0.0,0.0,0.0,0.0,3.0,K,GB
2024,13,MIN,00-0037542,J.Romo,1.0,2.0,1.0,1.0,1.0,1.0,2.0,2.0,14.0,K,ARI
2024,13,NE,00-0035192,J.Slye,3.0,0.0,2.0,2.0,0.0,1.0,1.0,1.0,12.0,K,IND
2024,13,NO,00-0038905,B.Grupe,1.0,0.0,2.0,0.0,0.0,2.0,0.0,0.0,10.0,K,LA
2024,13,NYG,00-0026858,G.Gano,0.0,2.0,0.0,0.0,2.0,0.0,2.0,2.0,10.0,K,DAL
2024,13,NYJ,00-0038402,A.Carlson,0.0,0.0,0.0,0.0,0.0,0.0,2.0,1.0,1.0,K,SEA
2024,13,PHI,00-0033787,J.Elliott,1.0,0.0,0.0,1.0,0.0,0.0,3.0,3.0,6.0,K,BAL
2024,13,PIT,00-0031136,C.Boswell,2.0,1.0,1.0,2.0,0.0,1.0,5.0,5.0,16.0,K,CIN
2024,13,SEA,00-0031492,J.Myers,0.0,1.0,1.0,0.0,1.0,1.0,3.0,2.0,11.0,K,NYJ
2024,13,SF,00-0038562,J.Moody,1.0,1.0,1.0,1.0,0.0,0.0,1.0,1.0,4.0,K,BUF
2024,13,TB,00-0035358,C.McLaughlin,3.0,0.0,2.0,3.0,0.0,1.0,2.0,2.0,16.0,K,CAR
2024,13,TEN,00-0025565,N.Folk,0.0,2.0,0.0,0.0,2.0,0.0,1.0,1.0,9.0,K,WAS
2024,13,WAS,00-0033862,Z.Gonzalez,0.0,1.0,1.0,0.0,0.0,0.0,6.0,6.0,6.0,K,TEN
2024,14,ARI,00-0038567,C.Ryland,1.0,1.0,0.0,1.0,0.0,0.0,1.0,1.0,4.0,K,SEA
2024,14,ATL,00-0033702,Y.Koo,2.0,0.0,0.0,2.0,0.0,0.0,1.0,1.0,7.0,K,MIN
2024,14,BUF,00-0036162,T.Bass,0.0,0.0,0.0,0.0,0.0,0.0,6.0,6.0,6.0,K,LA
2024,14,CAR,00-0034173,E.Pineiro,1.0,0.0,0.0,1.0,0.0,0.0,2.0,1.0,4.0,K,PHI
2024,14,CHI,00-0031203,C.Santos,0.0,0.0,0.0,0.0,0.0,0.0,1.0,1.0,1.0,K,SF
2024,14,CIN,00-0038097,C.York,2.0,0.0,0.0,2.0,0.0,0.0,3.0,3.0,9.0,K,DAL
2024,14,CLE,00-0030098,D.Hopkins,1.0,1.0,0.0,0.0,0.0,0.0,2.0,2.0,2.0,K,PIT
2024,14,DAL,00-0037692,B.Aubrey,1.0,1.0,0.0,1.0,1.0,0.0,2.0,2.0,9.0,K,CIN
2024,14,DET,00-0039172,J.Bates,1.0,1.0,0.0,1.0,1.0,0.0,4.0,4.0,11.0,K,GB
2024,14,GB,00-0029822,B.McManus,1.0,0.0,0.0,1.0,0.0,0.0,4.0,4.0,7.0,K,DET
2024,14,JAX,00-0039409,C.Little,1.0,0.0,0.0,1.0,0.0,0.0,1.0,1.0,4.0,K,TEN
2024,14,KC,00-0035189,M.Wright,2.0,1.0,1.0,2.0,1.0,1.0,1.0,1.0,16.0,K,LAC
2024,14,LA,00-0039750,J.Karty,1.0,0.0,0.0,1.0,0.0,0.0,6.0,5.0,8.0,K,BUF
2024,14,LAC,00-0037224,C.Dicker,1.0,0.0,0.0,1.0,0.0,0.0,2.0,2.0,5.0,K,KC
2024,14,LV,00-0034161,D.Carlson,2.0,0.0,0.0,2.0,0.0,0.0,1.0,1.0,7.0,K,TB
2024,14,MIA,00-0034794,J.Sanders,2.0,0.0,2.0,2.0,0.0,2.0,1.0,0.0,16.0,K,NYJ
2024,14,MIN,00-0039404,W.Reichard,0.0,1.0,0.0,0.0,0.0,0.0,6.0,6.0,6.0,K,ATL
2024,14,NO,00-0038905,B.Grupe,0.0,0.0,2.0,0.0,0.0,0.0,2.0,2.0,2.0,K,NYG
2024,14,NYG,00-0026858,G.Gano,1.0,1.0,0.0,0.0,1.0,0.0,0.0,0.0,4.0,K,NO
2024,14,NYJ,00-0038402,A.Carlson,2.0,2.0,0.0,2.0,2.0,0.0,2.0,2.0,16.0,K,MIA
2024,14,PHI,00-0033787,J.Elliott,0.0,0.0,1.0,0.0,0.0,0.0,2.0,2.0,2.0,K,CAR
2024,14,PIT,00-0031136,C.Boswell,1.0,0.0,1.0,1.0,0.0,1.0,3.0,3.0,11.0,K,CLE
2024,14,SEA,00-0031492,J.Myers,3.0,0.0,0.0,3.0,0.0,0.0,3.0,3.0,12.0,K,ARI
2024,14,SF,00-0038562,J.Moody,1.0,0.0,0.0,1.0,0.0,0.0,5.0,5.0,8.0,K,CHI
2024,14,TB,00-0035358,C.McLaughlin,0.0,0.0,0.0,0.0,0.0,0.0,4.0,4.0,4.0,K,LV
2024,14,TEN,00-0025565,N.Folk,1.0,1.0,0.0,1.0,1.0,0.0,0.0,0.0,7.0,K,JAX
2024,15,ARI,00-0038567,C.Ryland,1.0,2.0,0.0,1.0,2.0,0.0,3.0,3.0,14.0,K,NE
2024,15,ATL,00-0033702,Y.Koo,0.0,3.0,0.0,0.0,2.0,0.0,1.0,1.0,9.0,K,LV
2024,15,BAL,00-0029597,J.Tucker,0.0,0.0,0.0,0.0,0.0,0.0,5.0,5.0,5.0,K,NYG
2024,15,BUF,00-0036162,T.Bass,1.0,1.0,1.0,0.0,1.0,1.0,6.0,6.0,15.0,K,DET
2024,15,CAR,00-0034173,E.Pineiro,0.0,0.0,0.0,0.0,0.0,0.0,2.0,2.0,2.0,K,DAL
2024,15,CHI,00-0031203,C.Santos,2.0,0.0,0.0,2.0,0.0,0.0,0.0,0.0,6.0,K,MIN
2024,15,CIN,00-0038097,C.York,1.0,0.0,0.0,1.0,0.0,0.0,5.0,4.0,7.0,K,TEN
2024,15,CLE,00-0036816,R.Patterson,0.0,0.0,0.0,0.0,0.0,0.0,1.0,1.0,1.0,K,KC
2024,15,DAL,00-0037692,B.Aubrey,0.0,2.0,2.0,0.0,2.0,1.0,3.0,3.0,16.0,K,CAR
2024,15,DEN,00-0032569,W.Lutz,0.0,1.0,0.0,0.0,1.0,0.0,4.0,4.0,8.0,K,IND
2024,15,DET,00-0039172,J.Bates,0.0,0.0,1.0,0.0,0.0,0.0,6.0,6.0,6.0,K,BUF
2024,15,GB,00-0029822,B.McManus,3.0,0.0,0.0,3.0,0.0,0.0,3.0,3.0,12.0,K,SEA
2024,15,HOU,00-0032726,K.Fairbairn,1.0,1.0,0.0,1.0,1.0,0.0,2.0,2.0,9.0,K,MIA
2024,15,IND,00-0035269,M.Gay,1.0,1.0,0.0,1.0,1.0,0.0,1.0,1.0,8.0,K,DEN
2024,15,JAX,00-0039409,C.Little,2.0,2.0,0.0,2.0,2.0,0.0,1.0,1.0,15.0,K,NYJ
2024,15,KC,00-0033303,H.Butker,1.0,0.0,0.0,0.0,0.0,0.0,3.0,3.0,3.0,K,CLE
2024,15,LA,00-0039750,J.Karty,3.0,1.0,0.0,3.0,1.0,0.0,0.0,0.0,13.0,K,SF
2024,15,LAC,00-0037224,C.Dicker,0.0,1.0,0.0,0.0,1.0,0.0,2.0,2.0,6.0,K,TB
2024,15,LV,00-0034161,D.Carlson,0.0,0.0,1.0,0.0,0.0,1.0,1.0,0.0,5.0,K,ATL
2024,15,MIA,00-0034794,J.Sanders,1.0,0.0,1.0,1.0,0.0,1.0,1.0,0.0,8.0,K,HOU
2024,15,MIN,00-0039404,W.Reichard,1.0,1.0,1.0,1.0,1.0,1.0,3.0,3.0,15.0,K,CHI
2024,15,NE,00-0035192,J.Slye,0.0,0.0,2.0,0.0,0.0,1.0,2.0,2.0,7.0,K,ARI
2024,15,NO,00-0038905,B.Grupe,0.0,1.0,1.0,0.0,1.0,1.0,1.0,1.0,10.0,K,WAS
2024,15,NYG,00-0026858,G.Gano,0.0,0.0,0.0,0.0,0.0,0.0,2.0,2.0,2.0,K,BAL
2024,15,NYJ,00-0038402,A.Carlson,0.0,2.0,0.0,0.0,1.0,0.0,3.0,3.0,7.0,K,JAX
2024,15,PHI,00-0033787,J.Elliott,1.0,1.0,0.0,1.0,1.0,0.0,3.0,3.0,10.0,K,PIT
2024,15,PIT,00-0031136,C.Boswell,1.0,1.0,0.0,1.0,1.0,0.0,1.0,1.0,8.0,K,PHI
2024,15,SEA,00-0031492,J.Myers,0.0,2.0,0.0,0.0,2.0,0.0,1.0,1.0,9.0,K,GB
2024,15,SF,00-0038562,J.Moody,0.0,1.0,1.0,0.0,1.0,1.0,0.0,0.0,9.0,K,LA
2024,15,TB,00-0035358,C.McLaughlin,2.0,2.0,0.0,2.0,2.0,0.0,4.0,4.0,18.0,K,LAC
2024,15,TEN,00-0025565,N.Folk,0.0,0.0,0.0,0.0,0.0,0.0,3.0,3.0,3.0,K,CIN
2024,15,WAS,00-0034450,G.Joseph,1.0,1.0,1.0,1.0,1.0,0.0,2.0,2.0,9.0,K,NO
2024,16,ARI,00-0038567,C.Ryland,1.0,1.0,1.0,1.0,1.0,1.0,3.0,3.0,15.0,K,CAR
2024,16,ATL,00-0036816,R.Patterson,1.0,1.0,1.0,1.0,0.0,1.0,4.0,4.0,12.0,K,NYG
2024,16,BAL,00-0029597,J.Tucker,1.0,0.0,1.0,1.0,0.0,1.0,4.0,4.0,12.0,K,PIT
2024,16,BUF,00-0036162,T.Bass,0.0,0.0,1.0,0.0,0.0,1.0,3.0,3.0,8.0,K,NE
2024,16,CAR,00-0034173,E.Pineiro,1.0,0.0,0.0,1.0,0.0,0.0,4.0,3.0,6.0,K,ARI
2024,16,CHI,00-0031203,C.Santos,1.0,0.0,0.0,1.0,0.0,0.0,2.0,2.0,5.0,K,DET
2024,16,CIN,00-0038097,C.York,0.0,1.0,1.0,0.0,0.0,1.0,3.0,3.0,8.0,K,CLE
2024,16,CLE,00-0030098,D.Hopkins,0.0,0.0,0.0,0.0,0.0,0.0,1.0,0.0,0.0,K,CIN
2024,16,DAL,00-0037692,B.Aubrey,0.0,1.0,3.0,0.0,1.0,3.0,2.0,2.0,21.0,K,TB
2024,16,DEN,00-0032569,W.Lutz,0.0,1.0,1.0,0.0,1.0,1.0,3.0,3.0,12.0,K,LAC
2024,16,DET,00-0039172,J.Bates,2.0,0.0,1.0,2.0,0.0,0.0,4.0,4.0,10.0,K,CHI
2024,16,GB,00-0029822,B.McManus,0.0,1.0,1.0,0.0,1.0,1.0,4.0,4.0,13.0,K,NO
2024,16,HOU,00-0032726,K.Fairbairn,2.0,0.0,0.0,2.0,0.0,0.0,2.0,1.0,7.0,K,KC
2024,16,IND,00-0035269,M.Gay,1.0,0.0,1.0,1.0,0.0,0.0,5.0,5.0,8.0,K,TEN
2024,16,JAX,00-0039409,C.Little,0.0,0.0,0.0,0.0,0.0,0.0,2.0,2.0,2.0,K,LV
2024,16,KC,00-0033303,H.Butker,1.0,1.0,0.0,1.0,1.0,0.0,3.0,3.0,10.0,K,HOU
2024,16,LA,00-0039750,J.Karty,1.0,1.0,0.0,1.0,1.0,0.0,2.0,1.0,8.0,K,NYJ
2024,16,LAC,00-0037224,C.Dicker,1.0,0.0,1.0,1.0,0.0,1.0,2.0,2.0,10.0,K,DEN
2024,16,LV,00-0034161,D.Carlson,1.0,2.0,0.0,1.0,1.0,0.0,1.0,1.0,8.0,K,JAX
2024,16,MIA,00-0034794,J.Sanders,2.0,2.0,1.0,2.0,2.0,1.0,2.0,2.0,21.0,K,SF
2024,16,MIN,00-0039404,W.Reichard,0.0,1.0,1.0,0.0,1.0,1.0,3.0,3.0,12.0,K,SEA
2024,16,NE,00-0035192,J.Slye,0.0,0.0,0.0,0.0,0.0,0.0,3.0,3.0,3.0,K,BUF
2024,16,NYG,00-0026858,G.Gano,0.0,0.0,0.0,0.0,0.0,0.0,1.0,1.0,1.0,K,ATL
2024,16,NYJ,00-0038402,A.Carlson,1.0,1.0,0.0,1.0,0.0,0.0,1.0,0.0,3.0,K,LA
2024,16,PHI,00-0033787,J.Elliott,1.0,2.0,2.0,1.0,2.0,1.0,3.0,3.0,19.0,K,WAS
2024,16,PIT,00-0031136,C.Boswell,0.0,0.0,1.0,0.0,0.0,1.0,2.0,2.0,7.0,K,BAL
2024,16,SEA,00-0031492,J.Myers,0.0,1.0,1.0,0.0,1.0,0.0,3.0,3.0,7.0,K,MIN
2024,16,SF,00-0038562,J.Moody,1.0,1.0,0.0,1.0,0.0,0.0,2.0,2.0,5.0,K,MIA
2024,16,TB,00-0035358,C.McLaughlin,0.0,1.0,0.0,0.0,1.0,0.0,3.0,3.0,7.0,K,DAL
2024,16,TEN,00-0039649,B.Narveson,0.0,0.0,1.0,0.0,0.0,0.0,2.0,2.0,2.0,K,IND
2024,16,WAS,00-0033862,Z.Gonzalez,0.0,0.0,0.0,0.0,0.0,0.0,4.0,4.0,4.0,K,PHI
2024,17,ARI,00-0038567,C.Ryland,1.0,0.0,0.0,1.0,0.0,0.0,1.0,0.0,3.0,K,LA
2024,17,ATL,00-0036816,R.Patterson,1.0,0.0,1.0,1.0,0.0,0.0,3.0,3.0,6.0,K,WAS
2024,17,BAL,00-0029597,J.Tucker,0.0,0.0,1.0,0.0,0.0,1.0,4.0,4.0,9.0,K,HOU
2024,17,BUF,00-0036162,T.Bass,1.0,0.0,0.0,1.0,0.0,0.0,5.0,5.0,8.0,K,NYJ
2024,17,CAR,00-0034173,E.Pineiro,0.0,0.0,1.0,0.0,0.0,0.0,2.0,2.0,2.0,K,TB
2024,17,CHI,00-0031203,C.Santos,0.0,1.0,0.0,0.0,1.0,0.0,0.0,0.0,4.0,K,SEA
2024,17,CIN,00-0038097,C.York,2.0,0.0,0.0,1.0,0.0,0.0,3.0,3.0,6.0,K,DEN
2024,17,CLE,00-0030098,D.Hopkins,1.0,0.0,0.0,1.0,0.0,0.0,0.0,0.0,3.0,K,MIA
2024,17,DAL,00-0037692,B.Aubrey,0.0,0.0,1.0,0.0,0.0,0.0,1.0,1.0,1.0,K,PHI
2024,17,DEN,00-0032569,W.Lutz,1.0,0.0,0.0,1.0,0.0,0.0,3.0,3.0,6.0,K,CIN
2024,17,DET,00-0039172,J.Bates,0.0,1.0,1.0,0.0,1.0,1.0,4.0,2.0,11.0,K,SF
2024,17,GB,00-0029822,B.McManus,1.0,0.0,0.0,1.0,0.0,0.0,2.0,2.0,5.0,K,MIN
2024,17,IND,00-0035269,M.Gay,2.0,0.0,1.0,2.0,0.0,0.0,3.0,3.0,9.0,K,NYG
2024,17,JAX,00-0039409,C.Little,0.0,2.0,0.0,0.0,2.0,0.0,2.0,2.0,10.0,K,TEN
2024,17,KC,00-0033303,H.Butker,1.0,0.0,0.0,1.0,0.0,0.0,3.0,2.0,5.0,K,PIT
2024,17,LA,00-0039750,J.Karty,1.0,0.0,1.0,1.0,0.0,1.0,1.0,1.0,9.0,K,ARI
2024,17,LAC,00-0037224,C.Dicker,3.0,1.0,0.0,3.0,1.0,0.0,4.0,4.0,17.0,K,NE
2024,17,LV,00-0034161,D.Carlson,3.0,0.0,1.0,3.0,0.0,1.0,2.0,1.0,15.0,K,NO
2024,17,MIA,00-0034794,J.Sanders,1.0,0.0,1.0,1.0,0.0,1.0,2.0,2.0,10.0,K,CLE
2024,17,MIN,00-0039404,W.Reichard,1.0,1.0,2.0,1.0,0.0,1.0,3.0,3.0,11.0,K,GB
2024,17,NE,00-0035192,J.Slye,0.0,0.0,0.0,0.0,0.0,0.0,1.0,1.0,1.0,K,LAC
2024,17,NO,00-0038905,B.Grupe,1.0,0.0,0.0,1.0,0.0,0.0,1.0,1.0,4.0,K,LV
2024,17,NYG,00-0026858,G.Gano,1.0,0.0,0.0,1.0,0.0,0.0,6.0,6.0,9.0,K,IND
2024,17,PHI,00-0033787,J.Elliott,2.0,0.0,0.0,2.0,0.0,0.0,5.0,5.0,11.0,K,DAL
2024,17,PIT,00-0031136,C.Boswell,1.0,0.0,0.0,1.0,0.0,0.0,1.0,1.0,4.0,K,KC
2024,17,SEA,00-0031492,J.Myers,1.0,0.0,1.0,1.0,0.0,1.0,0.0,0.0,8.0,K,CHI
2024,17,SF,00-0038562,J.Moody,0.0,0.0,2.0,0.0,0.0,0.0,5.0,4.0,4.0,K,DET
2024,17,TB,00-0035358,C.McLaughlin,2.0,0.0,0.0,2.0,0.0,0.0,6.0,6.0,12.0,K,CAR
2024,17,TEN,00-0035189,M.Wright,2.0,0.0,0.0,2.0,0.0,0.0,1.0,1.0,7.0,K,JAX
2024,17,WAS,00-0033862,Z.Gonzalez,1.0,0.0,0.0,1.0,0.0,0.0,3.0,3.0,6.0,K,ATL
2024,18,ARI,00-0038567,C.Ryland,0.0,1.0,1.0,0.0,1.0,1.0,5.0,5.0,14.0,K,SF
2024,18,ATL,00-0036816,R.Patterson,1.0,0.0,1.0,1.0,0.0,0.0,5.0,5.0,8.0,K,CAR
2024,18,BAL,00-0029597,J.Tucker,0.0,0.0,0.0,0.0,0.0,0.0,5.0,5.0,5.0,K,CLE
2024,18,BUF,00-0036162,T.Bass,0.0,1.0,0.0,0.0,1.0,0.0,2.0,1.0,5.0,K,NE
2024,18,CAR,00-0034173,E.Pineiro,1.0,0.0,0.0,1.0,0.0,0.0,5.0,5.0,8.0,K,ATL
2024,18,CHI,00-0031203,C.Santos,0.0,0.0,1.0,0.0,0.0,1.0,3.0,3.0,8.0,K,GB
2024,18,CIN,00-0038097,C.York,3.0,1.0,0.0,3.0,1.0,0.0,1.0,1.0,14.0,K,PIT
2024,18,CLE,00-0030098,D.Hopkins,1.0,0.0,0.0,1.0,0.0,0.0,1.0,1.0,4.0,K,BAL
2024,18,DAL,00-0037692,B.Aubrey,3.0,1.0,0.0,3.0,1.0,0.0,1.0,1.0,14.0,K,WAS
2024,18,DEN,00-0032569,W.Lutz,1.0,0.0,0.0,1.0,0.0,0.0,5.0,5.0,8.0,K,KC
2024,18,DET,00-0039172,J.Bates,0.0,1.0,0.0,0.0,1.0,0.0,4.0,4.0,8.0,K,MIN
2024,18,GB,00-0029822,B.McManus,2.0,0.0,1.0,2.0,0.0,1.0,1.0,1.0,12.0,K,CHI
2024,18,HOU,00-0032726,K.Fairbairn,1.0,0.0,0.0,1.0,0.0,0.0,3.0,2.0,5.0,K,TEN
2024,18,IND,00-0035269,M.Gay,2.0,2.0,1.0,2.0,2.0,0.0,2.0,2.0,16.0,K,JAX
2024,18,JAX,00-0039409,C.Little,1.0,0.0,2.0,1.0,0.0,2.0,2.0,2.0,15.0,K,IND
2024,18,KC,00-0033303,H.Butker,0.0,0.0,1.0,0.0,0.0,0.0,0.0,0.0,0.0,K,DEN
2024,18,LA,00-0039750,J.Karty,2.0,0.0,2.0,2.0,0.0,2.0,1.0,1.0,17.0,K,SEA
2024,18,LAC,00-0037224,C.Dicker,3.0,1.0,1.0,3.0,1.0,0.0,2.0,2.0,15.0,K,LV
2024,18,LV,00-0034161,D.Carlson,0.0,2.0,0.0,0.0,2.0,0.0,2.0,2.0,10.0,K,LAC
2024,18,MIA,00-0034794,J.Sanders,2.0,0.0,0.0,2.0,0.0,0.0,2.0,2.0,8.0,K,NYJ
2024,18,MIN,00-0039404,W.Reichard,2.0,0.0,2.0,2.0,0.0,1.0,0.0,0.0,11.0,K,DET
2024,18,NE,00-0035192,J.Slye,0.0,2.0,1.0,0.0,2.0,1.0,2.0,2.0,15.0,K,BUF
2024,18,NO,00-0038905,B.Grupe,3.0,1.0,0.0,3.0,1.0,0.0,1.0,1.0,14.0,K,TB
2024,18,NYG,00-0026858,G.Gano,1.0,0.0,1.0,1.0,0.0,1.0,1.0,1.0,9.0,K,PHI
2024,18,NYJ,00-0034450,G.Joseph,1.0,0.0,0.0,1.0,0.0,0.0,3.0,3.0,6.0,K,MIA
2024,18,PHI,00-0033787,J.Elliott,3.0,0.0,0.0,2.0,0.0,0.0,2.0,2.0,8.0,K,NYG
2024,18,PIT,00-0031136,C.Boswell,0.0,0.0,1.0,0.0,0.0,1.0,2.0,2.0,7.0,K,CIN
2024,18,SEA,00-0031492,J.Myers,0.0,0.0,1.0,0.0,0.0,1.0,3.0,3.0,8.0,K,LA
2024,18,SF,00-0038562,J.Moody,0.0,1.0,1.0,0.0,0.0,1.0,3.0,3.0,8.0,K,ARI
2024,18,TB,00-0035358,C.McLaughlin,1.0,0.0,1.0,1.0,0.0,1.0,3.0,3.0,11.0,K,NO
2024,18,TEN,00-0035189,M.Wright,2.0,0.0,0.0,2.0,0.0,0.0,0.0,0.0,6.0,K,HOU
2024,18,WAS,00-0033862,Z.Gonzalez,0.0,1.0,0.0,0.0,1.0,0.0,2.0,2.0,6.0,K,DAL
2024,19,BAL,00-0029597,J.Tucker,0.0,0.0,0.0,0.0,0.0,0.0,4.0,4.0,4.0,K,PIT
2024,19,BUF,00-0036162,T.Bass,3.0,0.0,0.0,3.0,0.0,0.0,2.0,2.0,11.0,K,DEN
2024,19,DEN,00-0032569,W.Lutz,0.0,0.0,1.0,0.0,0.0,0.0,1.0,1.0,1.0,K,BUF
2024,19,GB,00-0029822,B.McManus,2.0,0.0,0.0,1.0,0.0,0.0,1.0,1.0,4.0,K,PHI
2024,19,HOU,00-0032726,K.Fairbairn,2.0,1.0,0.0,2.0,1.0,0.0,3.0,3.0,13.0,K,LAC
2024,19,LA,00-0039750,J.Karty,1.0,1.0,0.0,1.0,1.0,0.0,3.0,3.0,10.0,K,MIN
2024,19,LAC,00-0037224,C.Dicker,2.0,0.0,0.0,2.0,0.0,0.0,1.0,0.0,6.0,K,HOU
2024,19,MIN,00-0039404,W.Reichard,1.0,0.0,0.0,1.0,0.0,0.0,0.0,0.0,3.0,K,LA
2024,19,PHI,00-0033787,J.Elliott,3.0,0.0,0.0,3.0,0.0,0.0,2.0,1.0,10.0,K,GB
2024,19,PIT,00-0031136,C.Boswell,0.0,0.0,0.0,0.0,0.0,0.0,2.0,2.0,2.0,K,BAL
2024,19,TB,00-0035358,C.McLaughlin,1.0,0.0,1.0,1.0,0.0,1.0,2.0,2.0,10.0,K,WAS
2024,19,WAS,00-0033862,Z.Gonzalez,2.0,0.0,1.0,2.0,0.0,1.0,2.0,2.0,13.0,K,TB
2024,20,BAL,00-0029597,J.Tucker,1.0,1.0,0.0,1.0,1.0,0.0,1.0,1.0,8.0,K,BUF
2024,20,BUF,00-0036162,T.Bass,1.0,0.0,1.0,1.0,0.0,1.0,3.0,3.0,11.0,K,BAL
2024,20,DET,00-0039172,J.Bates,1.0,0.0,0.0,1.0,0.0,0.0,4.0,4.0,7.0,K,WAS
2024,20,HOU,00-0032726,K.Fairbairn,2.0,1.0,1.0,1.0,1.0,0.0,1.0,0.0,7.0,K,KC
2024,20,KC,00-0033303,H.Butker,3.0,0.0,0.0,3.0,0.0,0.0,2.0,2.0,11.0,K,HOU
2024,20,LA,00-0039750,J.Karty,2.0,0.0,0.0,2.0,0.0,0.0,2.0,2.0,8.0,K,PHI
2024,20,PHI,00-0033787,J.Elliott,2.0,1.0,0.0,2.0,1.0,0.0,3.0,1.0,11.0,K,LA
2024,20,WAS,00-0033862,Z.Gonzalez,0.0,2.0,0.0,0.0,1.0,0.0,6.0,6.0,10.0,K,DET
2024,21,BUF,00-0036162,T.Bass,0.0,0.0,1.0,0.0,0.0,1.0,2.0,2.0,7.0,K,KC
2024,21,KC,00-0033303,H.Butker,1.0,0.0,0.0,1.0,0.0,0.0,3.0,3.0,6.0,K,BUF
2024,21,PHI,00-0033787,J.Elliott,0.0,0.0,1.0,0.0,0.0,0.0,7.0,7.0,7.0,K,WAS
2024,21,WAS,00-0033862,Z.Gonzalez,1.0,2.0,0.0,1.0,2.0,0.0,0.0,0.0,11.0,K,PHI
2024,22,PHI,00-0033787,J.Elliott,1.0,2.0,1.0,1.0,2.0,1.0,4.0,4.0,20.0,K,KC
